DefinitionOrder,ObjectType,SchemaName,ObjectName,DefinitionHash,Definition
1,SCHEMA,warroom,warroom,80789E4E2006B8148F99AA454AFCB1FFC0D11B3E1A0903D797B4AC1BAE18CD0D,IF SCHEMA_ID(N'warroom') IS NULL      EXEC(N'CREATE SCHEMA [warroom] AUTHORIZATION [dbo]');  GO
1001,TABLE,warroom,ActivityEventType,3F073824CB000ED72599647CC4AE922F098FB423130C4DABFF409CE8D63D4C5B,"CREATE TABLE [warroom].[ActivityEventType]  (      [EventType] nvarchar(100) COLLATE SQL_Latin1_General_CP1_CI_AS NOT NULL,      [EntityType] nvarchar(50) COLLATE SQL_Latin1_General_CP1_CI_AS NOT NULL,      [DefaultSeverity] nvarchar(20) COLLATE SQL_Latin1_General_CP1_CI_AS NOT NULL,      [IsActive] bit NOT NULL CONSTRAINT [DF__ActivityE__IsAct__3C5FD9F8] DEFAULT ((1)),      [Description] nvarchar(500) COLLATE SQL_Latin1_General_CP1_CI_AS NULL,      CONSTRAINT [PK__Activity__CB9D1580B97D079A] PRIMARY KEY CLUSTERED ([EventType] ASC)  );  GO"
1002,TABLE,warroom,ActivityLog,B2AF6EBCB5BE74D33391F4EED13CD74ED494B11DCE9AFB77644F5886B0F60046,"CREATE TABLE [warroom].[ActivityLog]  (      [ActivityLogId] bigint IDENTITY(1,1) NOT NULL,      [ProjectId] bigint NOT NULL,      [EntityType] nvarchar(50) COLLATE SQL_Latin1_General_CP1_CI_AS NOT NULL,      [EntityId] nvarchar(255) COLLATE SQL_Latin1_General_CP1_CI_AS NOT NULL,      [EventType] nvarchar(100) COLLATE SQL_Latin1_General_CP1_CI_AS NOT NULL,      [Title] nvarchar(500) COLLATE SQL_Latin1_General_CP1_CI_AS NULL,      [Description] nvarchar(MAX) COLLATE SQL_Latin1_General_CP1_CI_AS NULL,      [OldValue] nvarchar(MAX) COLLATE SQL_Latin1_General_CP1_CI_AS NULL,      [NewValue] nvarchar(MAX) COLLATE SQL_Latin1_General_CP1_CI_AS NULL,      [Severity] nvarchar(20) COLLATE SQL_Latin1_General_CP1_CI_AS NULL,      [SubsystemCode] nvarchar(255) COLLATE SQL_Latin1_General_CP1_CI_AS NULL,      [Discipline] nvarchar(255) COLLATE SQL_Latin1_General_CP1_CI_AS NULL,      [Owner] nvarchar(255) COLLATE SQL_Latin1_General_CP1_CI_AS NULL,      [ChangedBy] nvarchar(255) COLLATE SQL_Latin1_General_CP1_CI_AS NULL,      [ChangedAt] datetime2(7) NOT NULL CONSTRAINT [DF__ActivityL__Chang__35B2DC69] DEFAULT (sysutcdatetime()),      [MetadataJson] nvarchar(MAX) COLLATE SQL_Latin1_General_CP1_CI_AS NULL,      CONSTRAINT [PK__Activity__19A9B7AF530B3B9E] PRIMARY KEY CLUSTERED ([ActivityLogId] ASC)  );  GO"
1003,TABLE,warroom,ConfigurationAuditLog,AE87C988391D68AB301BDAA55069309F57F3E2F29C228C0AD8DD825A3B631A44,"CREATE TABLE [warroom].[ConfigurationAuditLog]  (      [AuditId] bigint IDENTITY(1,1) NOT NULL,      [ProjectId] bigint NOT NULL,      [EntityType] nvarchar(100) COLLATE SQL_Latin1_General_CP1_CI_AS NOT NULL,      [EntityId] nvarchar(255) COLLATE SQL_Latin1_General_CP1_CI_AS NULL,      [ActionType] nvarchar(100) COLLATE SQL_Latin1_General_CP1_CI_AS NOT NULL,      [OldValue] nvarchar(MAX) COLLATE SQL_Latin1_General_CP1_CI_AS NULL,      [NewValue] nvarchar(MAX) COLLATE SQL_Latin1_General_CP1_CI_AS NULL,      [CreatedAt] datetime2(0) NOT NULL CONSTRAINT [DF__Configura__Creat__60D24498] DEFAULT (sysutcdatetime()),      [CreatedBy] nvarchar(255) COLLATE SQL_Latin1_General_CP1_CI_AS NULL,      CONSTRAINT [PK__Configur__A17F23987118B052] PRIMARY KEY CLUSTERED ([AuditId] ASC)  );  GO"
1004,TABLE,warroom,CustomFieldDef,739EC99F99D8152FB5EEC9137460004D4519AA3F49D42C236B6C733D051ABF64,"CREATE TABLE [warroom].[CustomFieldDef]  (      [FieldDefId] int IDENTITY(1,1) NOT NULL,      [ProjectId] int NOT NULL,      [EntityType] varchar(10) COLLATE SQL_Latin1_General_CP1_CI_AS NOT NULL,      [FieldKey] varchar(64) COLLATE SQL_Latin1_General_CP1_CI_AS NOT NULL,      [Label] nvarchar(100) COLLATE SQL_Latin1_General_CP1_CI_AS NOT NULL,      [FieldType] varchar(20) COLLATE SQL_Latin1_General_CP1_CI_AS NOT NULL,      [HelpText] nvarchar(250) COLLATE SQL_Latin1_General_CP1_CI_AS NULL,      [IsRequired] bit NOT NULL CONSTRAINT [DF_CustomFieldDef_IsRequired] DEFAULT ((0)),      [IsPinned] bit NOT NULL CONSTRAINT [DF_CustomFieldDef_IsPinned] DEFAULT ((0)),      [IsActive] bit NOT NULL CONSTRAINT [DF_CustomFieldDef_IsActive] DEFAULT ((1)),      [SortOrder] int NOT NULL CONSTRAINT [DF_CustomFieldDef_SortOrder] DEFAULT ((1000)),      [OptionsJson] nvarchar(MAX) COLLATE SQL_Latin1_General_CP1_CI_AS NULL,      [CreatedOn] datetime2(0) NOT NULL CONSTRAINT [DF_CustomFieldDef_CreatedOn] DEFAULT (sysdatetime()),      [CreatedByEmail] nvarchar(256) COLLATE SQL_Latin1_General_CP1_CI_AS NULL,      [ModifiedOn] datetime2(0) NOT NULL CONSTRAINT [DF_CustomFieldDef_ModifiedOn] DEFAULT (sysdatetime()),      [ModifiedByEmail] nvarchar(256) COLLATE SQL_Latin1_General_CP1_CI_AS NULL,      [IsFilterable] bit NOT NULL CONSTRAINT [DF_CustomFieldDef_IsFilterable] DEFAULT ((0)),      [ShowInQuickFilters] bit NOT NULL CONSTRAINT [DF_CustomFieldDef_ShowInQuickFilters] DEFAULT ((0)),      [FilterOrder] int NULL,      [FilterMode] varchar(30) COLLATE SQL_Latin1_General_CP1_CI_AS NULL,      [IsExportable] bit NOT NULL CONSTRAINT [DF_CustomFieldDef_IsExportable] DEFAULT ((1)),      [IsEditableInExcel] bit NOT NULL CONSTRAINT [DF_CustomFieldDef_IsEditableInExcel] DEFAULT ((1)),      CONSTRAINT [PK__CustomFi__2866C84D3D619D88] PRIMARY KEY CLUSTERED ([FieldDefId] ASC),      CONSTRAINT [CK_CustomFieldDef_EntityType] CHECK ([EntityType]='PUNCH' OR [EntityType]='TASK'),      CONSTRAINT [CK_CustomFieldDef_FieldType] CHECK ([FieldType]='Json' OR [FieldType]='MultiChoice' OR [FieldType]='Choice' OR [FieldType]='YesNo' OR [FieldType]='Date' OR [FieldType]='Number' OR [FieldType]='Text'),      CONSTRAINT [CK_CustomFieldDef_FilterMode] CHECK ([FilterMode] IS NULL OR ([FilterMode]='Boolean' OR [FilterMode]='DateRange' OR [FilterMode]='Range' OR [FilterMode]='MultiSelect' OR [FilterMode]='StartsWith' OR [FilterMode]='Contains' OR [FilterMode]='Equals'))  );  GO"
1005,TABLE,warroom,CustomFieldValue,3EC410A386398FF429AF9C7CAD261A9675F4F1959B7B7070D988ECEE9C268202,"CREATE TABLE [warroom].[CustomFieldValue]  (      [FieldValueId] bigint IDENTITY(1,1) NOT NULL,      [ProjectId] int NOT NULL,      [EntityType] varchar(10) COLLATE SQL_Latin1_General_CP1_CI_AS NOT NULL,      [RecordId] int NOT NULL,      [FieldKey] varchar(64) COLLATE SQL_Latin1_General_CP1_CI_AS NOT NULL,      [ValueText] nvarchar(2000) COLLATE SQL_Latin1_General_CP1_CI_AS NULL,      [ValueNumber] decimal(18,4) NULL,      [ValueDate] date NULL,      [ValueBool] bit NULL,      [ValueJson] nvarchar(MAX) COLLATE SQL_Latin1_General_CP1_CI_AS NULL,      [LastUpdatedOn] datetime2(0) NOT NULL CONSTRAINT [DF_CustomFieldValue_LUOn] DEFAULT (sysdatetime()),      [LastUpdatedByEmail] nvarchar(256) COLLATE SQL_Latin1_General_CP1_CI_AS NULL,      CONSTRAINT [PK__CustomFi__9C6B841DC5862D25] PRIMARY KEY CLUSTERED ([FieldValueId] ASC),      CONSTRAINT [CK_CustomFieldValue_EntityType] CHECK ([EntityType]='PUNCH' OR [EntityType]='TASK')  );  GO"
1006,TABLE,warroom,DoneStatusSnapshot,2D2F635F6183230D6D0F20BDD5657F483F233EB880A9FC3747DB3B5E5F65237D,"CREATE TABLE [warroom].[DoneStatusSnapshot]  (      [SnapshotId] bigint IDENTITY(1,1) NOT NULL,      [VersionId] bigint NOT NULL,      [ProjectId] bigint NOT NULL,      [StatusValue] nvarchar(255) COLLATE SQL_Latin1_General_CP1_CI_AS NOT NULL,      [IsDone] bit NOT NULL,      [IsActive] bit NOT NULL,      [StatusId] int NULL,      CONSTRAINT [PK__DoneStat__664F572B4E3A7CA2] PRIMARY KEY CLUSTERED ([SnapshotId] ASC)  );  GO"
1007,TABLE,warroom,EnabledProjects,B09D1625CD9390DD95E9D27E9E3BC150B3816B384B920E26DE33DE674DAB2DCA,"CREATE TABLE [warroom].[EnabledProjects]  (      [EnabledProjectId] bigint IDENTITY(1,1) NOT NULL,      [ProjectId] bigint NOT NULL,      [ProjectCode] nvarchar(50) COLLATE SQL_Latin1_General_CP1_CI_AS NOT NULL,      [ProjectName] nvarchar(255) COLLATE SQL_Latin1_General_CP1_CI_AS NOT NULL,      [ProjectDescription] nvarchar(1000) COLLATE SQL_Latin1_General_CP1_CI_AS NULL,      [IsActive] bit NOT NULL CONSTRAINT [DF__EnabledPr__IsAct__73E5190C] DEFAULT ((1)),      [IsDefault] bit NOT NULL CONSTRAINT [DF__EnabledPr__IsDef__74D93D45] DEFAULT ((0)),      [CreatedBy] nvarchar(255) COLLATE SQL_Latin1_General_CP1_CI_AS NULL,      [CreatedAt] datetime2(7) NOT NULL CONSTRAINT [DF__EnabledPr__Creat__75CD617E] DEFAULT (sysutcdatetime()),      [UpdatedBy] nvarchar(255) COLLATE SQL_Latin1_General_CP1_CI_AS NULL,      [UpdatedAt] datetime2(7) NULL,      CONSTRAINT [PK__EnabledP__B94F99C516205015] PRIMARY KEY CLUSTERED ([EnabledProjectId] ASC),      CONSTRAINT [UQ_EnabledProjects_ProjectId] UNIQUE NONCLUSTERED ([ProjectId] ASC)  );  GO"
1008,TABLE,warroom,EntityAttachment,EA999481DBD39FBDF993DA723E528EE7C9A7682945259C49316B853384B9A3AE,"CREATE TABLE [warroom].[EntityAttachment]  (      [AttachmentId] int IDENTITY(1,1) NOT NULL,      [ProjectId] int NOT NULL,      [EntityType] nvarchar(10) COLLATE SQL_Latin1_General_CP1_CI_AS NOT NULL,      [EntityId] int NOT NULL,      [FileName] nvarchar(260) COLLATE SQL_Latin1_General_CP1_CI_AS NOT NULL,      [SharePointUrl] nvarchar(2000) COLLATE SQL_Latin1_General_CP1_CI_AS NOT NULL,      [UploadedByEmail] nvarchar(256) COLLATE SQL_Latin1_General_CP1_CI_AS NOT NULL,      [UploadedOn] datetime2(0) NOT NULL CONSTRAINT [DF__EntityAtt__Uploa__735B0927] DEFAULT (sysdatetime()),      [IsDeleted] bit NOT NULL CONSTRAINT [DF__EntityAtt__IsDel__744F2D60] DEFAULT ((0)),      CONSTRAINT [PK__EntityAt__442C64BE4E5697EA] PRIMARY KEY CLUSTERED ([AttachmentId] ASC)  );  GO"
1009,TABLE,warroom,ExportBatch,C9C88205A152D6A26692FCA04474DBB15B74A59E2D929577E1B84EA39822FC2F,"CREATE TABLE [warroom].[ExportBatch]  (      [ExportBatchId] uniqueidentifier NOT NULL CONSTRAINT [DF_ExportBatch_ExportBatchId] DEFAULT (newsequentialid()),      [ProjectId] bigint NOT NULL,      [TemplateId] bigint NOT NULL,      [ExportType] nvarchar(30) COLLATE SQL_Latin1_General_CP1_CI_AS NOT NULL,      [CreatedBy] nvarchar(320) COLLATE SQL_Latin1_General_CP1_CI_AS NOT NULL,      [CreatedAtUtc] datetime2(3) NOT NULL CONSTRAINT [DF_ExportBatch_CreatedAtUtc] DEFAULT (sysutcdatetime()),      [ExpiresAtUtc] datetime2(3) NOT NULL,      [Status] varchar(20) COLLATE SQL_Latin1_General_CP1_CI_AS NOT NULL CONSTRAINT [DF_ExportBatch_Status] DEFAULT ('CREATED'),      [FileName] nvarchar(260) COLLATE SQL_Latin1_General_CP1_CI_AS NOT NULL,      [RowCount] int NOT NULL,      [AllowedColumnsJson] nvarchar(MAX) COLLATE SQL_Latin1_General_CP1_CI_AS NOT NULL,      [PunchExportLogId] bigint NOT NULL,      CONSTRAINT [PK_ExportBatch] PRIMARY KEY CLUSTERED ([ExportBatchId] ASC),      CONSTRAINT [CK_ExportBatch_AllowedColumnsJson] CHECK (isjson([AllowedColumnsJson])=(1)),      CONSTRAINT [CK_ExportBatch_Dates] CHECK ([ExpiresAtUtc]>[CreatedAtUtc]),      CONSTRAINT [CK_ExportBatch_PunchExportLogId] CHECK ([PunchExportLogId] IS NULL OR [PunchExportLogId]>(0)),      CONSTRAINT [CK_ExportBatch_RowCount] CHECK ([RowCount]>=(0)),      CONSTRAINT [CK_ExportBatch_Status] CHECK ([Status]='REVOKED' OR [Status]='EXPIRED' OR [Status]='READY' OR [Status]='CREATED')  );  GO"
1010,TABLE,warroom,ExportBatchRow,3447729B7F575F83977998E5B6ED57E6898537ACA0CE233589C62914C2FDBC3B,"CREATE TABLE [warroom].[ExportBatchRow]  (      [ExportBatchId] uniqueidentifier NOT NULL,      [WorkItemId] bigint NOT NULL,      [RowVersion] binary(8) NULL,      [OriginalValuesJson] nvarchar(MAX) COLLATE SQL_Latin1_General_CP1_CI_AS NOT NULL,      [RowChecksum] char(64) COLLATE SQL_Latin1_General_CP1_CI_AS NOT NULL,      CONSTRAINT [PK_ExportBatchRow] PRIMARY KEY CLUSTERED ([ExportBatchId] ASC, [WorkItemId] ASC),      CONSTRAINT [CK_ExportBatchRow_OriginalValuesJson] CHECK (isjson([OriginalValuesJson])=(1)),      CONSTRAINT [CK_ExportBatchRow_RowChecksum] CHECK (NOT [RowChecksum] like '%[^0-9A-Fa-f]%')  );  GO"
1011,TABLE,warroom,ImportAudit,F0592A92763A39B156C602EED1BF015F1202C6993CC0F63362ACA1B58FC0CEA7,"CREATE TABLE [warroom].[ImportAudit]  (      [ImportAuditId] bigint IDENTITY(1,1) NOT NULL,      [ImportBatchId] uniqueidentifier NOT NULL,      [WorkItemId] bigint NOT NULL,      [ColumnName] sysname COLLATE SQL_Latin1_General_CP1_CI_AS NOT NULL,      [OldValue] nvarchar(MAX) COLLATE SQL_Latin1_General_CP1_CI_AS NULL,      [NewValue] nvarchar(MAX) COLLATE SQL_Latin1_General_CP1_CI_AS NULL,      [ChangedBy] nvarchar(320) COLLATE SQL_Latin1_General_CP1_CI_AS NOT NULL,      [ChangedAtUtc] datetime2(3) NOT NULL CONSTRAINT [DF_ImportAudit_ChangedAtUtc] DEFAULT (sysutcdatetime()),      CONSTRAINT [PK_ImportAudit] PRIMARY KEY CLUSTERED ([ImportAuditId] ASC)  );  GO"
1012,TABLE,warroom,ImportBatch,AD0B54CCB71D14F9481D88834AD52FC9A8246F42CB6FEC25A0014A72C2281D15,"CREATE TABLE [warroom].[ImportBatch]  (      [ImportBatchId] uniqueidentifier NOT NULL CONSTRAINT [DF_ImportBatch_ImportBatchId] DEFAULT (newsequentialid()),      [ExportBatchId] uniqueidentifier NOT NULL,      [ProjectId] bigint NOT NULL,      [TemplateId] bigint NOT NULL,      [FileName] nvarchar(260) COLLATE SQL_Latin1_General_CP1_CI_AS NOT NULL,      [RequestedBy] nvarchar(320) COLLATE SQL_Latin1_General_CP1_CI_AS NOT NULL,      [RequestedAtUtc] datetime2(3) NOT NULL CONSTRAINT [DF_ImportBatch_RequestedAtUtc] DEFAULT (sysutcdatetime()),      [ValidatedAtUtc] datetime2(3) NULL,      [CommittedAtUtc] datetime2(3) NULL,      [Status] varchar(20) COLLATE SQL_Latin1_General_CP1_CI_AS NOT NULL CONSTRAINT [DF_ImportBatch_Status] DEFAULT ('CREATED'),      [TotalRows] int NOT NULL CONSTRAINT [DF_ImportBatch_TotalRows] DEFAULT ((0)),      [ChangedRows] int NOT NULL CONSTRAINT [DF_ImportBatch_ChangedRows] DEFAULT ((0)),      [UnchangedRows] int NOT NULL CONSTRAINT [DF_ImportBatch_UnchangedRows] DEFAULT ((0)),      [ValidRows] int NOT NULL CONSTRAINT [DF_ImportBatch_ValidRows] DEFAULT ((0)),      [WarningRows] int NOT NULL CONSTRAINT [DF_ImportBatch_WarningRows] DEFAULT ((0)),      [ErrorRows] int NOT NULL CONSTRAINT [DF_ImportBatch_ErrorRows] DEFAULT ((0)),      [ConflictRows] int NOT NULL CONSTRAINT [DF_ImportBatch_ConflictRows] DEFAULT ((0)),      [AppliedRows] int NOT NULL CONSTRAINT [DF_ImportBatch_AppliedRows] DEFAULT ((0)),      [FailedRows] int NOT NULL CONSTRAINT [DF_ImportBatch_FailedRows] DEFAULT ((0)),      [ErrorMessage] nvarchar(2000) COLLATE SQL_Latin1_General_CP1_CI_AS NULL,      CONSTRAINT [PK_ImportBatch] PRIMARY KEY CLUSTERED ([ImportBatchId] ASC),      CONSTRAINT [UQ_ImportBatch_ExportBatchId] UNIQUE NONCLUSTERED ([ExportBatchId] ASC),      CONSTRAINT [CK_ImportBatch_Counts] CHECK ([TotalRows]>=(0) AND [ChangedRows]>=(0) AND [UnchangedRows]>=(0) AND [ValidRows]>=(0) AND [WarningRows]>=(0) AND [ErrorRows]>=(0) AND [ConflictRows]>=(0) AND [AppliedRows]>=(0) AND [FailedRows]>=(0)),      CONSTRAINT [CK_ImportBatch_Status] CHECK ([Status]='EXPIRED' OR [Status]='FAILED' OR [Status]='CANCELLED' OR [Status]='COMMITTED' OR [Status]='COMMITTING' OR [Status]='BLOCKED' OR [Status]='READY' OR [Status]='VALIDATING' OR [Status]='STAGED' OR [Status]='CREATED')  );  GO"
1013,TABLE,warroom,ImportBatchRow,7D6404F8EAA76ABA9DF1593823BBC5130F5473599A86201201A4FDB81F02F40D,"CREATE TABLE [warroom].[ImportBatchRow]  (      [ImportBatchRowId] bigint IDENTITY(1,1) NOT NULL,      [ImportBatchId] uniqueidentifier NOT NULL,      [ExcelRowNumber] int NOT NULL,      [WorkItemId] bigint NULL,      [IncomingValuesJson] nvarchar(MAX) COLLATE SQL_Latin1_General_CP1_CI_AS NOT NULL,      [OriginalValuesJson] nvarchar(MAX) COLLATE SQL_Latin1_General_CP1_CI_AS NULL,      [CurrentValuesJson] nvarchar(MAX) COLLATE SQL_Latin1_General_CP1_CI_AS NULL,      [ChangedColumnsJson] nvarchar(MAX) COLLATE SQL_Latin1_General_CP1_CI_AS NULL,      [ValidationStatus] varchar(20) COLLATE SQL_Latin1_General_CP1_CI_AS NOT NULL CONSTRAINT [DF_ImportBatchRow_ValidationStatus] DEFAULT ('PENDING'),      [ValidationErrorsJson] nvarchar(MAX) COLLATE SQL_Latin1_General_CP1_CI_AS NOT NULL CONSTRAINT [DF_ImportBatchRow_ValidationErrorsJson] DEFAULT (N'[]'),      [ValidationWarningsJson] nvarchar(MAX) COLLATE SQL_Latin1_General_CP1_CI_AS NOT NULL CONSTRAINT [DF_ImportBatchRow_ValidationWarningsJson] DEFAULT (N'[]'),      [ApplyStatus] varchar(20) COLLATE SQL_Latin1_General_CP1_CI_AS NOT NULL CONSTRAINT [DF_ImportBatchRow_ApplyStatus] DEFAULT ('NOT_APPLIED'),      [ApplyError] nvarchar(2000) COLLATE SQL_Latin1_General_CP1_CI_AS NULL,      CONSTRAINT [PK_ImportBatchRow] PRIMARY KEY CLUSTERED ([ImportBatchRowId] ASC),      CONSTRAINT [UQ_ImportBatchRow_ExcelRow] UNIQUE NONCLUSTERED ([ImportBatchId] ASC, [ExcelRowNumber] ASC),      CONSTRAINT [CK_ImportBatchRow_ApplyStatus] CHECK ([ApplyStatus]='SKIPPED' OR [ApplyStatus]='FAILED' OR [ApplyStatus]='APPLIED' OR [ApplyStatus]='NOT_APPLIED'),      CONSTRAINT [CK_ImportBatchRow_ExcelRowNumber] CHECK ([ExcelRowNumber]>=(2)),      CONSTRAINT [CK_ImportBatchRow_Json] CHECK (isjson([IncomingValuesJson])=(1) AND ([OriginalValuesJson] IS NULL OR isjson([OriginalValuesJson])=(1)) AND ([CurrentValuesJson] IS NULL OR isjson([CurrentValuesJson])=(1)) AND ([ChangedColumnsJson] IS NULL OR isjson([ChangedColumnsJson])=(1)) AND isjson([ValidationErrorsJson])=(1) AND isjson([ValidationWarningsJson])=(1)),      CONSTRAINT [CK_ImportBatchRow_ValidationStatus] CHECK ([ValidationStatus]='CONFLICT' OR [ValidationStatus]='ERROR' OR [ValidationStatus]='WARNING' OR [ValidationStatus]='UNCHANGED' OR [ValidationStatus]='READY' OR [ValidationStatus]='PENDING')  );  GO"
1014,TABLE,warroom,ImportColumnDefinition,F692AFB1662918AB243AA410245C7BCA2E9DF8AADE5CEF6F9F087BA335001D0E,"CREATE TABLE [warroom].[ImportColumnDefinition]  (      [ImportColumnDefinitionId] int IDENTITY(1,1) NOT NULL,      [ContractVersion] smallint NOT NULL,      [ExcelColumnName] nvarchar(128) COLLATE SQL_Latin1_General_CP1_CI_AS NOT NULL,      [TargetFieldName] sysname COLLATE SQL_Latin1_General_CP1_CI_AS NOT NULL,      [DataType] varchar(20) COLLATE SQL_Latin1_General_CP1_CI_AS NOT NULL,      [IsEditable] bit NOT NULL,      [IsRequired] bit NOT NULL,      [MaxLength] int NULL,      [ValidationRule] nvarchar(1000) COLLATE SQL_Latin1_General_CP1_CI_AS NULL,      [TemplateCode] nvarchar(50) COLLATE SQL_Latin1_General_CP1_CI_AS NULL,      [ProjectId] bigint NULL,      [DisplayOrder] int NOT NULL,      [DisplayName] nvarchar(128) COLLATE SQL_Latin1_General_CP1_CI_AS NOT NULL,      [IsActive] bit NOT NULL CONSTRAINT [DF_ImportColumnDefinition_IsActive] DEFAULT ((1)),      CONSTRAINT [PK_ImportColumnDefinition] PRIMARY KEY CLUSTERED ([ImportColumnDefinitionId] ASC),      CONSTRAINT [UQ_ImportColumnDefinition_Scope] UNIQUE NONCLUSTERED ([ContractVersion] ASC, [ExcelColumnName] ASC, [TemplateCode] ASC, [ProjectId] ASC),      CONSTRAINT [CK_ImportColumnDefinition_DataType] CHECK ([DataType]='datetime' OR [DataType]='date' OR [DataType]='boolean' OR [DataType]='decimal' OR [DataType]='integer' OR [DataType]='string'),      CONSTRAINT [CK_ImportColumnDefinition_MaxLength] CHECK ([MaxLength] IS NULL OR [MaxLength]>(0))  );  GO"
1015,TABLE,warroom,OperationalAction,03B45672FD090A522825CEAEE72EF40933C85D320A6E3FB35D96F9A2B8D5094B,"CREATE TABLE [warroom].[OperationalAction]  (      [OperationalActionId] bigint IDENTITY(1,1) NOT NULL,      [OperationalCellId] bigint NOT NULL,      [ActionText] nvarchar(1000) COLLATE SQL_Latin1_General_CP1_CI_AS NOT NULL,      [ActionStatus] nvarchar(50) COLLATE SQL_Latin1_General_CP1_CI_AS NOT NULL CONSTRAINT [DF_OperationalAction_Status] DEFAULT ('Open'),      [OwnerEmail] nvarchar(255) COLLATE SQL_Latin1_General_CP1_CI_AS NULL,      [DueDate] date NULL,      [CreatedOn] datetime2(7) NOT NULL CONSTRAINT [DF__Operation__Creat__68736660] DEFAULT (sysutcdatetime()),      [CreatedBy] nvarchar(255) COLLATE SQL_Latin1_General_CP1_CI_AS NULL,      [ClosedOn] datetime2(7) NULL,      [ClosedBy] nvarchar(255) COLLATE SQL_Latin1_General_CP1_CI_AS NULL,      CONSTRAINT [PK__Operatio__865D3EC971C283BC] PRIMARY KEY CLUSTERED ([OperationalActionId] ASC)  );  GO"
1016,TABLE,warroom,OperationalAttentionQueue,5BA890B34EB54C8A4CF4EE919E980563B3EF7D553F7BF4F5C8F149E146353670,"CREATE TABLE [warroom].[OperationalAttentionQueue]  (      [QueueItemId] bigint IDENTITY(1,1) NOT NULL,      [ProjectId] bigint NOT NULL,      [SubsystemCode] nvarchar(255) COLLATE SQL_Latin1_General_CP1_CI_AS NOT NULL,      [QueueRank] int NOT NULL,      [AttentionReason] nvarchar(1000) COLLATE SQL_Latin1_General_CP1_CI_AS NULL,      [AttentionCategory] nvarchar(100) COLLATE SQL_Latin1_General_CP1_CI_AS NULL,      [IsActive] bit NOT NULL CONSTRAINT [DF_OperationalAttentionQueue_IsActive] DEFAULT ((1)),      [CreatedBy] nvarchar(255) COLLATE SQL_Latin1_General_CP1_CI_AS NULL,      [CreatedOn] datetime2(0) NOT NULL CONSTRAINT [DF_OperationalAttentionQueue_CreatedOn] DEFAULT (sysutcdatetime()),      [UpdatedBy] nvarchar(255) COLLATE SQL_Latin1_General_CP1_CI_AS NULL,      [UpdatedOn] datetime2(0) NULL,      [ClosedBy] nvarchar(255) COLLATE SQL_Latin1_General_CP1_CI_AS NULL,      [ClosedOn] datetime2(0) NULL,      [CloseReason] nvarchar(1000) COLLATE SQL_Latin1_General_CP1_CI_AS NULL,      CONSTRAINT [PK__Operatio__0E92FC2CF65026E1] PRIMARY KEY CLUSTERED ([QueueItemId] ASC)  );  GO"
1017,TABLE,warroom,OperationalAttentionQueueHistory,5967F4A6B621E33E73C574BC7B233C61BB818E441800DEF75DE516DC8E279304,"CREATE TABLE [warroom].[OperationalAttentionQueueHistory]  (      [HistoryId] bigint IDENTITY(1,1) NOT NULL,      [QueueItemId] bigint NULL,      [ProjectId] bigint NOT NULL,      [SubsystemCode] nvarchar(255) COLLATE SQL_Latin1_General_CP1_CI_AS NOT NULL,      [ActionType] nvarchar(50) COLLATE SQL_Latin1_General_CP1_CI_AS NOT NULL,      [OldRank] int NULL,      [NewRank] int NULL,      [OldReason] nvarchar(1000) COLLATE SQL_Latin1_General_CP1_CI_AS NULL,      [NewReason] nvarchar(1000) COLLATE SQL_Latin1_General_CP1_CI_AS NULL,      [ChangedBy] nvarchar(255) COLLATE SQL_Latin1_General_CP1_CI_AS NULL,      [ChangedOn] datetime2(0) NOT NULL CONSTRAINT [DF_OperationalAttentionQueueHistory_ChangedOn] DEFAULT (sysutcdatetime()),      CONSTRAINT [PK__Operatio__4D7B4ABD8A75E7BA] PRIMARY KEY CLUSTERED ([HistoryId] ASC)  );  GO"
1018,TABLE,warroom,OperationalAttentionQueueSettings,144EF2BD4ABEC2599CE212F5FF7F92FE46B557F06938E9D62B38C0A7B8684863,"CREATE TABLE [warroom].[OperationalAttentionQueueSettings]  (      [ProjectId] bigint NOT NULL,      [MaxActiveItems] int NOT NULL CONSTRAINT [DF_OperationalAttentionQueueSettings_Max] DEFAULT ((20)),      [AllowViewerRead] bit NOT NULL CONSTRAINT [DF_OperationalAttentionQueueSettings_ViewerRead] DEFAULT ((1)),      [UpdatedBy] nvarchar(255) COLLATE SQL_Latin1_General_CP1_CI_AS NULL,      [UpdatedOn] datetime2(0) NULL,      CONSTRAINT [PK__Operatio__761ABEF087E75B45] PRIMARY KEY CLUSTERED ([ProjectId] ASC)  );  GO"
1019,TABLE,warroom,OperationalBlockerCategory,4117C6D8298E81BB6AB0A067E7F01DB8AF07828BB56A95D3783CFA8C361A875E,"CREATE TABLE [warroom].[OperationalBlockerCategory]  (      [BlockerCategoryId] bigint IDENTITY(1,1) NOT NULL,      [CategoryCode] nvarchar(100) COLLATE SQL_Latin1_General_CP1_CI_AS NOT NULL,      [DisplayName] nvarchar(200) COLLATE SQL_Latin1_General_CP1_CI_AS NOT NULL,      [IsActive] bit NOT NULL CONSTRAINT [DF__Operation__IsAct__6C43F744] DEFAULT ((1)),      [SortOrder] int NOT NULL CONSTRAINT [DF__Operation__SortO__6D381B7D] DEFAULT ((0)),      CONSTRAINT [PK__Operatio__A58E7338D0A4B140] PRIMARY KEY CLUSTERED ([BlockerCategoryId] ASC),      CONSTRAINT [UQ__Operatio__371BA9559AB27DD4] UNIQUE NONCLUSTERED ([CategoryCode] ASC)  );  GO"
1020,TABLE,warroom,OperationalCell,472E660BF43871B0E10F85643F2C96646824E84D6699460471C7C8EA0BEB540B,"CREATE TABLE [warroom].[OperationalCell]  (      [OperationalCellId] bigint IDENTITY(1,1) NOT NULL,      [ProjectId] bigint NOT NULL,      [SubsystemCode] nvarchar(255) COLLATE SQL_Latin1_General_CP1_CI_AS NOT NULL,      [L1NodeId] uniqueidentifier NULL,      [L2NodeId] uniqueidentifier NULL,      [L3NodeId] uniqueidentifier NOT NULL,      [OwnerEmail] nvarchar(255) COLLATE SQL_Latin1_General_CP1_CI_AS NULL,      [DueDate] date NULL,      [OperationalStatus] nvarchar(50) COLLATE SQL_Latin1_General_CP1_CI_AS NOT NULL CONSTRAINT [DF_OperationalCell_Status] DEFAULT ('Not Started'),      [StatusComment] nvarchar(1000) COLLATE SQL_Latin1_General_CP1_CI_AS NULL,      [LastReviewedOn] datetime2(7) NULL,      [LastReviewedBy] nvarchar(255) COLLATE SQL_Latin1_General_CP1_CI_AS NULL,      [CreatedOn] datetime2(7) NOT NULL CONSTRAINT [DF_OperationalCell_CreatedOn] DEFAULT (sysutcdatetime()),      [CreatedBy] nvarchar(255) COLLATE SQL_Latin1_General_CP1_CI_AS NULL,      [ModifiedOn] datetime2(7) NULL,      [ModifiedBy] nvarchar(255) COLLATE SQL_Latin1_General_CP1_CI_AS NULL,      CONSTRAINT [PK__Operatio__0F9D133814A803BA] PRIMARY KEY CLUSTERED ([OperationalCellId] ASC)  );  GO"
1021,TABLE,warroom,OperationalCellCache,6E21E64D44C0AE9615D6456B663597CCA3042C356373C0AAE778B9C8FF3EB8EA,"CREATE TABLE [warroom].[OperationalCellCache]  (      [ProjectId] bigint NOT NULL,      [SubsystemCode] nvarchar(255) COLLATE SQL_Latin1_General_CP1_CI_AS NOT NULL,      [L1NodeId] uniqueidentifier NOT NULL,      [L2NodeId] uniqueidentifier NOT NULL,      [L3NodeId] uniqueidentifier NOT NULL,      [L1DisplayName] nvarchar(200) COLLATE SQL_Latin1_General_CP1_CI_AS NOT NULL,      [L2DisplayName] nvarchar(200) COLLATE SQL_Latin1_General_CP1_CI_AS NOT NULL,      [L3DisplayName] nvarchar(200) COLLATE SQL_Latin1_General_CP1_CI_AS NOT NULL,      [TotalTasks] int NOT NULL,      [DoneTasks] int NOT NULL,      [RemainingTasks] int NOT NULL,      [ProgressPercent] decimal(10,2) NOT NULL,      [RefreshedOn] datetime2(7) NOT NULL CONSTRAINT [DF__Operation__Refre__4CCB4BEB] DEFAULT (sysutcdatetime()),      CONSTRAINT [PK_OperationalCellCache] PRIMARY KEY CLUSTERED ([ProjectId] ASC, [SubsystemCode] ASC, [L3NodeId] ASC)  );  GO"
1022,TABLE,warroom,OperationalCellHistory,8BF633A47A731B92652AFB86B9FD449F2F9CDA85F72A1385EA160F94D8F3345F,"CREATE TABLE [warroom].[OperationalCellHistory]  (      [HistoryId] bigint IDENTITY(1,1) NOT NULL,      [OperationalCellId] bigint NOT NULL,      [ProjectId] bigint NOT NULL,      [SubsystemCode] nvarchar(255) COLLATE SQL_Latin1_General_CP1_CI_AS NOT NULL,      [L3NodeId] uniqueidentifier NOT NULL,      [OldStatus] nvarchar(50) COLLATE SQL_Latin1_General_CP1_CI_AS NULL,      [NewStatus] nvarchar(50) COLLATE SQL_Latin1_General_CP1_CI_AS NULL,      [OldOwnerEmail] nvarchar(255) COLLATE SQL_Latin1_General_CP1_CI_AS NULL,      [NewOwnerEmail] nvarchar(255) COLLATE SQL_Latin1_General_CP1_CI_AS NULL,      [OldDueDate] date NULL,      [NewDueDate] date NULL,      [Comment] nvarchar(1000) COLLATE SQL_Latin1_General_CP1_CI_AS NULL,      [ChangedOn] datetime2(7) NOT NULL CONSTRAINT [DF__Operation__Chang__48FABB07] DEFAULT (sysutcdatetime()),      [ChangedBy] nvarchar(255) COLLATE SQL_Latin1_General_CP1_CI_AS NULL,      CONSTRAINT [PK__Operatio__4D7B4ABDE3EB1AAB] PRIMARY KEY CLUSTERED ([HistoryId] ASC)  );  GO"
1023,TABLE,warroom,OverviewSnapshot,31F616A3531EA3202F7C7A7E80BD43464DF9C16280BC48688601A562F831459D,"CREATE TABLE [warroom].[OverviewSnapshot]  (      [ProjectId] bigint NOT NULL,      [GeneratedOn] datetime2(7) NOT NULL,      [TotalCount] int NOT NULL,      CONSTRAINT [PK__Overview__761ABEF047289CC6] PRIMARY KEY CLUSTERED ([ProjectId] ASC)  );  GO"
1024,TABLE,warroom,OverviewSnapshotHeader,0A9895416A5D76F591022C5F02FADED44D870DE5F84D605A3E08827B9522926E,"CREATE TABLE [warroom].[OverviewSnapshotHeader]  (      [ProjectId] bigint NOT NULL,      [L1NodeId] uniqueidentifier NOT NULL,      [L1Label] nvarchar(200) COLLATE SQL_Latin1_General_CP1_CI_AS NOT NULL,      [L1SortOrder] int NOT NULL,      [L2NodeId] uniqueidentifier NOT NULL,      [L2Label] nvarchar(200) COLLATE SQL_Latin1_General_CP1_CI_AS NOT NULL,      [L2SortOrder] int NOT NULL,      [L3NodeId] uniqueidentifier NOT NULL,      [L3Label] nvarchar(200) COLLATE SQL_Latin1_General_CP1_CI_AS NOT NULL,      [L3SortOrder] int NOT NULL,      [MetricKey] nvarchar(200) COLLATE SQL_Latin1_General_CP1_CI_AS NOT NULL,      [MetricSqlKey] nvarchar(200) COLLATE SQL_Latin1_General_CP1_CI_AS NOT NULL,      [MetricLabel] nvarchar(100) COLLATE SQL_Latin1_General_CP1_CI_AS NOT NULL,      [MetricSortOrder] int NOT NULL,      [TemplateId] bigint NULL  );  GO"
1025,TABLE,warroom,OverviewSnapshotMetric,48B516CF100D6A60ECD348AE00E008895D7EBAAAEC610852B4E8A8653B10D2BF,"CREATE TABLE [warroom].[OverviewSnapshotMetric]  (      [ProjectId] bigint NOT NULL,      [SubsystemCode] nvarchar(50) COLLATE SQL_Latin1_General_CP1_CI_AS NOT NULL,      [MetricKey] nvarchar(200) COLLATE SQL_Latin1_General_CP1_CI_AS NOT NULL,      [MetricValue] bigint NOT NULL  );  GO"
1026,TABLE,warroom,OverviewSnapshotTaskScope,FBD728B72706DDC61AB85BB13BC737A47D7FA0AD3C0FA0CD2D8D4F672B4B11A9,"CREATE TABLE [warroom].[OverviewSnapshotTaskScope]  (      [ProjectId] bigint NOT NULL,      [InspectionTaskId] bigint NOT NULL,      [L3NodeId] uniqueidentifier NULL,      [GroupKey] char(64) COLLATE SQL_Latin1_General_CP1_CI_AS NOT NULL,      [GeneratedOn] datetime2(7) NOT NULL CONSTRAINT [DF_OverviewSnapshotTaskScope_GeneratedOn] DEFAULT (sysutcdatetime())  );  GO"
1027,TABLE,warroom,Permissions,CF3E5DF55B00A4FB5B462D9F3ACF763236D74A43EFF196756C0522A3491BA3D5,"CREATE TABLE [warroom].[Permissions]  (      [PermissionId] int IDENTITY(1,1) NOT NULL,      [PermissionKey] nvarchar(100) COLLATE SQL_Latin1_General_CP1_CI_AS NOT NULL,      [PermissionName] nvarchar(150) COLLATE SQL_Latin1_General_CP1_CI_AS NOT NULL,      [Description] nvarchar(500) COLLATE SQL_Latin1_General_CP1_CI_AS NULL,      [ModuleKey] nvarchar(50) COLLATE SQL_Latin1_General_CP1_CI_AS NOT NULL,      [SortOrder] int NOT NULL CONSTRAINT [DF_Permissions_SortOrder] DEFAULT ((100)),      [IsActive] bit NOT NULL CONSTRAINT [DF_Permissions_IsActive] DEFAULT ((1)),      CONSTRAINT [PK__Permissi__EFA6FB2F814F7663] PRIMARY KEY CLUSTERED ([PermissionId] ASC),      CONSTRAINT [UQ_Permissions_PermissionKey] UNIQUE NONCLUSTERED ([PermissionKey] ASC)  );  GO"
1028,TABLE,warroom,ProjectDoneStatusConfig,9ADEDAD14927A673FDE13480845D5876D99EC93B70289804021C17CDD3131707,"CREATE TABLE [warroom].[ProjectDoneStatusConfig]  (      [Id] bigint IDENTITY(1,1) NOT NULL,      [ProjectId] bigint NOT NULL,      [StatusValue] nvarchar(255) COLLATE SQL_Latin1_General_CP1_CI_AS NOT NULL,      [IsDone] bit NOT NULL CONSTRAINT [DF_ProjectDoneStatusConfig_IsDone] DEFAULT ((0)),      [IsActive] bit NOT NULL CONSTRAINT [DF_ProjectDoneStatusConfig_IsActive] DEFAULT ((1)),      [CreatedAt] datetime2(0) NOT NULL CONSTRAINT [DF_ProjectDoneStatusConfig_CreatedAt] DEFAULT (sysutcdatetime()),      [CreatedBy] nvarchar(255) COLLATE SQL_Latin1_General_CP1_CI_AS NULL,      [ModifiedAt] datetime2(0) NULL,      [ModifiedBy] nvarchar(255) COLLATE SQL_Latin1_General_CP1_CI_AS NULL,      [StatusId] int NULL,      CONSTRAINT [PK__ProjectD__3214EC07419C417B] PRIMARY KEY CLUSTERED ([Id] ASC)  );  GO"
1029,TABLE,warroom,PunchComment,06FA1DD62AD84C8F235E634B11E6688C85FB1C540A8170E8C850E2AF2BDEC80D,"CREATE TABLE [warroom].[PunchComment]  (      [PunchCommentId] int IDENTITY(1,1) NOT NULL,      [ProjectId] int NOT NULL,      [PunchId] int NOT NULL,      [CommentText] nvarchar(MAX) COLLATE SQL_Latin1_General_CP1_CI_AS NOT NULL,      [CommentType] nvarchar(50) COLLATE SQL_Latin1_General_CP1_CI_AS NOT NULL CONSTRAINT [DF__PunchComm__Comme__6E96540A] DEFAULT ('Note'),      [IsDeleted] bit NOT NULL CONSTRAINT [DF__PunchComm__IsDel__6F8A7843] DEFAULT ((0)),      [CreatedByEmail] nvarchar(256) COLLATE SQL_Latin1_General_CP1_CI_AS NOT NULL,      [CreatedByName] nvarchar(256) COLLATE SQL_Latin1_General_CP1_CI_AS NULL,      [CreatedOn] datetime2(0) NOT NULL CONSTRAINT [DF__PunchComm__Creat__707E9C7C] DEFAULT (sysdatetime()),      [ModifiedByEmail] nvarchar(256) COLLATE SQL_Latin1_General_CP1_CI_AS NULL,      [ModifiedOn] datetime2(0) NULL,      CONSTRAINT [PK__PunchCom__A1CC534309A9FC26] PRIMARY KEY CLUSTERED ([PunchCommentId] ASC)  );  GO"
1030,TABLE,warroom,PunchCustom,E31436D5561645EDB4C07F7185EC2B8C6B9DC57E02D551548802B86B95327CC9,"CREATE TABLE [warroom].[PunchCustom]  (      [PunchId] int NOT NULL,      [ProjectId] int NOT NULL,      [CustomFlag1] bit NULL,      [CustomText1] nvarchar(1000) COLLATE SQL_Latin1_General_CP1_CI_AS NULL,      [CustomDate1] date NULL,      [CustomNumber1] decimal(18,2) NULL,      [CustomJson] nvarchar(MAX) COLLATE SQL_Latin1_General_CP1_CI_AS NULL,      [LastUpdatedByEmail] nvarchar(256) COLLATE SQL_Latin1_General_CP1_CI_AS NULL,      [LastUpdatedOn] datetime2(0) NULL,      CONSTRAINT [PK__PunchCus__F6292C23B73AA652] PRIMARY KEY CLUSTERED ([PunchId] ASC)  );  GO"
1031,TABLE,warroom,PunchDashboardSnapshotCategoryStatus,354D848E78176A91DB2471229C27778760D91307A406D9B3A9BC47E3D95753D0,"CREATE TABLE [warroom].[PunchDashboardSnapshotCategoryStatus]  (      [SnapshotRunId] bigint NOT NULL,      [ProjectId] bigint NOT NULL,      [TemplateId] bigint NOT NULL,      [CategoryCode] varchar(20) COLLATE SQL_Latin1_General_CP1_CI_AS NOT NULL,      [CategoryName] varchar(450) COLLATE SQL_Latin1_General_CP1_CI_AS NULL,      [CategoryOrder] int NULL,      [StatusCode] varchar(20) COLLATE SQL_Latin1_General_CP1_CI_AS NOT NULL,      [StatusName] varchar(100) COLLATE SQL_Latin1_General_CP1_CI_AS NULL,      [StatusOrder] int NULL,      [StatusColor] varchar(20) COLLATE SQL_Latin1_General_CP1_CI_AS NULL,      [PunchCount] bigint NOT NULL,      CONSTRAINT [PK_PunchDashboardSnapshotCategoryStatus] PRIMARY KEY CLUSTERED ([SnapshotRunId] ASC, [CategoryCode] ASC, [StatusCode] ASC)  );  GO"
1032,TABLE,warroom,PunchDashboardSnapshotPunch,96FD9066A961CDCCBE9F38A52E79F39E679FDC54CE10BFA734FCE383EC0869BA,"CREATE TABLE [warroom].[PunchDashboardSnapshotPunch]  (      [SnapshotRunId] bigint NOT NULL,      [ProjectId] bigint NOT NULL,      [TemplateId] bigint NOT NULL,      [PunchId] bigint NOT NULL,      [PunchLogId] bigint NOT NULL,      [InspectionId] bigint NOT NULL,      [PunchCode] varchar(8000) COLLATE SQL_Latin1_General_CP1_CI_AS NULL,      [PunchDescription] nvarchar(MAX) COLLATE SQL_Latin1_General_CP1_CI_AS NULL,      [StatusCode] varchar(20) COLLATE SQL_Latin1_General_CP1_CI_AS NOT NULL,      [StatusName] nvarchar(100) COLLATE SQL_Latin1_General_CP1_CI_AS NOT NULL,      [StatusOrder] int NOT NULL,      [StatusColor] varchar(20) COLLATE SQL_Latin1_General_CP1_CI_AS NULL,      [CategoryCode] varchar(20) COLLATE SQL_Latin1_General_CP1_CI_AS NOT NULL,      [CategoryName] nvarchar(450) COLLATE SQL_Latin1_General_CP1_CI_AS NOT NULL,      [CategoryOrder] int NOT NULL,      [SubsystemCode] nvarchar(255) COLLATE SQL_Latin1_General_CP1_CI_AS NOT NULL,      [SubsystemName] nvarchar(255) COLLATE SQL_Latin1_General_CP1_CI_AS NOT NULL,      [DisciplineCode] varchar(20) COLLATE SQL_Latin1_General_CP1_CI_AS NOT NULL,      [DisciplineName] nvarchar(100) COLLATE SQL_Latin1_General_CP1_CI_AS NOT NULL,      [SubcontractorId] bigint NOT NULL,      [SubcontractorCode] nvarchar(50) COLLATE SQL_Latin1_General_CP1_CI_AS NULL,      [SubcontractorName] nvarchar(510) COLLATE SQL_Latin1_General_CP1_CI_AS NOT NULL,      [SubcontractorShortName] nvarchar(510) COLLATE SQL_Latin1_General_CP1_CI_AS NOT NULL,      [ResponsibleCompany] nvarchar(510) COLLATE SQL_Latin1_General_CP1_CI_AS NULL,      [ResponsiblePerson] nvarchar(900) COLLATE SQL_Latin1_General_CP1_CI_AS NULL,      [DueDate] datetime2(7) NULL,      [PriorityCode] varchar(20) COLLATE SQL_Latin1_General_CP1_CI_AS NULL,      [PriorityName] nvarchar(100) COLLATE SQL_Latin1_General_CP1_CI_AS NULL,      [OriginatorCode] varchar(20) COLLATE SQL_Latin1_General_CP1_CI_AS NULL,      [Originator] nvarchar(100) COLLATE SQL_Latin1_General_CP1_CI_AS NULL,      [DepartmentActionCode] varchar(20) COLLATE SQL_Latin1_General_CP1_CI_AS NULL,      [DepartmentAction] nvarchar(100) COLLATE SQL_Latin1_General_CP1_CI_AS NULL,      [InspectionCode] varchar(50) COLLATE SQL_Latin1_General_CP1_CI_AS NULL,      [InspectionName] nvarchar(100) COLLATE SQL_Latin1_General_CP1_CI_AS NULL,      [PunchLocation] nvarchar(80) COLLATE SQL_Latin1_General_CP1_CI_AS NULL,      [CreatedAt] datetime2(7) NOT NULL,      [LastModifiedAt] datetime2(7) NOT NULL,      [IsClosed] bit NOT NULL,      [IsLocked] bit NOT NULL,      [CapturedOn] datetime2(7) NOT NULL CONSTRAINT [DF_PunchDashboardSnapshotPunch_CapturedOn] DEFAULT (sysutcdatetime()),      CONSTRAINT [PK_PunchDashboardSnapshotPunch] PRIMARY KEY CLUSTERED ([SnapshotRunId] ASC, [PunchId] ASC)  );  GO"
1033,TABLE,warroom,PunchDashboardSnapshotRun,DF4FA6D884C87642D191551B25F7085E4B19649F13A98F699F87124225B8D4CF,"CREATE TABLE [warroom].[PunchDashboardSnapshotRun]  (      [SnapshotRunId] bigint IDENTITY(1,1) NOT NULL,      [ProjectId] bigint NOT NULL,      [TemplateId] bigint NOT NULL,      [Status] varchar(20) COLLATE SQL_Latin1_General_CP1_CI_AS NOT NULL CONSTRAINT [DF_PunchDashboardSnapshotRun_Status] DEFAULT ('PENDING'),      [RequestedOn] datetime2(7) NOT NULL CONSTRAINT [DF_PunchDashboardSnapshotRun_RequestedOn] DEFAULT (sysutcdatetime()),      [StartedOn] datetime2(7) NULL,      [CompletedOn] datetime2(7) NULL,      [RequestedBy] nvarchar(450) COLLATE SQL_Latin1_General_CP1_CI_AS NULL,      [ErrorMessage] nvarchar(4000) COLLATE SQL_Latin1_General_CP1_CI_AS NULL,      [SourcePunchCount] bigint NULL,      [DurationMs] bigint NULL,      CONSTRAINT [PK_PunchDashboardSnapshotRun] PRIMARY KEY CLUSTERED ([SnapshotRunId] ASC),      CONSTRAINT [CK_PunchDashboardSnapshotRun_Status] CHECK ([Status]='FAILED' OR [Status]='COMPLETED' OR [Status]='RUNNING' OR [Status]='PENDING')  );  GO"
1034,TABLE,warroom,PunchDashboardSnapshotSubcontractor,4EDDBD8048E3F033323F66B79853972DCF48672DD821CA9A252F1E367E575AF2,"CREATE TABLE [warroom].[PunchDashboardSnapshotSubcontractor]  (      [SnapshotRunId] bigint NOT NULL,      [ProjectId] bigint NOT NULL,      [TemplateId] bigint NOT NULL,      [SubcontractorId] bigint NOT NULL,      [SubcontractorCode] nvarchar(50) COLLATE SQL_Latin1_General_CP1_CI_AS NULL,      [SubcontractorName] nvarchar(255) COLLATE SQL_Latin1_General_CP1_CI_AS NULL,      [SubcontractorShortName] nvarchar(100) COLLATE SQL_Latin1_General_CP1_CI_AS NULL,      [DisciplineCode] varchar(20) COLLATE SQL_Latin1_General_CP1_CI_AS NOT NULL,      [DisciplineName] varchar(100) COLLATE SQL_Latin1_General_CP1_CI_AS NULL,      [CategoryCode] varchar(20) COLLATE SQL_Latin1_General_CP1_CI_AS NOT NULL,      [CategoryName] varchar(450) COLLATE SQL_Latin1_General_CP1_CI_AS NULL,      [CategoryOrder] int NULL,      [StatusCode] varchar(20) COLLATE SQL_Latin1_General_CP1_CI_AS NOT NULL,      [StatusName] varchar(100) COLLATE SQL_Latin1_General_CP1_CI_AS NULL,      [StatusOrder] int NULL,      [StatusColor] varchar(20) COLLATE SQL_Latin1_General_CP1_CI_AS NULL,      [PunchCount] bigint NOT NULL,      CONSTRAINT [PK_PunchDashboardSnapshotSubcontractor] PRIMARY KEY CLUSTERED ([SnapshotRunId] ASC, [SubcontractorId] ASC, [DisciplineCode] ASC, [CategoryCode] ASC, [StatusCode] ASC)  );  GO"
1035,TABLE,warroom,PunchDashboardSnapshotSubsystem,BD2F8A56B67DD93D83444EA33761C24CE838C70D878FB64A540A13588B480719,"CREATE TABLE [warroom].[PunchDashboardSnapshotSubsystem]  (      [SnapshotRunId] bigint NOT NULL,      [ProjectId] bigint NOT NULL,      [TemplateId] bigint NOT NULL,      [SubsystemCode] varchar(255) COLLATE SQL_Latin1_General_CP1_CI_AS NOT NULL,      [SubsystemName] varchar(255) COLLATE SQL_Latin1_General_CP1_CI_AS NULL,      [CategoryCode] varchar(20) COLLATE SQL_Latin1_General_CP1_CI_AS NOT NULL,      [CategoryName] varchar(450) COLLATE SQL_Latin1_General_CP1_CI_AS NULL,      [CategoryOrder] int NULL,      [StatusCode] varchar(20) COLLATE SQL_Latin1_General_CP1_CI_AS NOT NULL,      [StatusName] varchar(100) COLLATE SQL_Latin1_General_CP1_CI_AS NULL,      [StatusOrder] int NULL,      [StatusColor] varchar(20) COLLATE SQL_Latin1_General_CP1_CI_AS NULL,      [PunchCount] bigint NOT NULL,      CONSTRAINT [PK_PunchDashboardSnapshotSubsystem] PRIMARY KEY CLUSTERED ([SnapshotRunId] ASC, [SubsystemCode] ASC, [CategoryCode] ASC, [StatusCode] ASC)  );  GO"
1036,TABLE,warroom,PunchExportLog,F32B646C3D6C9C35249CE7FC6130ACD98282B717CDD467506D993905614B6500,"CREATE TABLE [warroom].[PunchExportLog]  (      [PunchExportLogId] bigint IDENTITY(1,1) NOT NULL,      [ProjectId] int NOT NULL,      [TemplateSelector] nvarchar(255) COLLATE SQL_Latin1_General_CP1_CI_AS NULL,      [FilterJson] nvarchar(MAX) COLLATE SQL_Latin1_General_CP1_CI_AS NOT NULL,      [RowCount] int NULL,      [FileName] nvarchar(500) COLLATE SQL_Latin1_General_CP1_CI_AS NULL,      [FileUrl] nvarchar(1000) COLLATE SQL_Latin1_General_CP1_CI_AS NULL,      [ExportStatus] nvarchar(50) COLLATE SQL_Latin1_General_CP1_CI_AS NOT NULL,      [ErrorMessage] nvarchar(MAX) COLLATE SQL_Latin1_General_CP1_CI_AS NULL,      [CreatedByEmail] nvarchar(256) COLLATE SQL_Latin1_General_CP1_CI_AS NULL,      [CreatedByName] nvarchar(256) COLLATE SQL_Latin1_General_CP1_CI_AS NULL,      [CreatedOn] datetime2(0) NOT NULL CONSTRAINT [DF__PunchExpo__Creat__3F073C79] DEFAULT (sysutcdatetime()),      CONSTRAINT [PK__PunchExp__9EBFF76DA237E76F] PRIMARY KEY CLUSTERED ([PunchExportLogId] ASC)  );  GO"
1037,TABLE,warroom,PunchReportStatusConfig,73FF0E068151881051E4BE516FC99194EB98B392EDB1D1EA3086E939E8C0D19D,"CREATE TABLE [warroom].[PunchReportStatusConfig]  (      [ProjectId] bigint NOT NULL,      [StatusCode] varchar(20) COLLATE SQL_Latin1_General_CP1_CI_AS NOT NULL,      [IsIncluded] bit NOT NULL CONSTRAINT [DF_PunchReportStatusConfig_IsIncluded] DEFAULT ((1)),      [DisplayOrder] int NOT NULL,      [IsActive] bit NOT NULL CONSTRAINT [DF_PunchReportStatusConfig_IsActive] DEFAULT ((1)),      [CreatedOn] datetime2(7) NOT NULL CONSTRAINT [DF_PunchReportStatusConfig_CreatedOn] DEFAULT (sysdatetime()),      [CreatedBy] nvarchar(450) COLLATE SQL_Latin1_General_CP1_CI_AS NULL,      [ModifiedOn] datetime2(7) NULL,      [ModifiedBy] nvarchar(450) COLLATE SQL_Latin1_General_CP1_CI_AS NULL,      CONSTRAINT [PK_PunchReportStatusConfig] PRIMARY KEY CLUSTERED ([ProjectId] ASC, [StatusCode] ASC)  );  GO"
1038,TABLE,warroom,PunchReportTemplateConfig,D5FEF8BE55A80575848B422D20603F73AF932C9F2AD201BC2BF79DF5F18D77BC,"CREATE TABLE [warroom].[PunchReportTemplateConfig]  (      [ProjectId] bigint NOT NULL,      [TemplateId] bigint NOT NULL,      [IsIncluded] bit NOT NULL CONSTRAINT [DF__PunchRepo__IsInc__0C7BBCAC] DEFAULT ((0)),      [DisplayOrder] int NULL,      [IsActive] bit NOT NULL CONSTRAINT [DF__PunchRepo__IsAct__0D6FE0E5] DEFAULT ((1)),      [CreatedOn] datetime2(7) NOT NULL CONSTRAINT [DF__PunchRepo__Creat__0E64051E] DEFAULT (sysdatetime()),      [CreatedBy] nvarchar(450) COLLATE SQL_Latin1_General_CP1_CI_AS NULL,      [ModifiedOn] datetime2(7) NULL,      [ModifiedBy] nvarchar(450) COLLATE SQL_Latin1_General_CP1_CI_AS NULL,      CONSTRAINT [PK_PunchReportTemplateConfig] PRIMARY KEY CLUSTERED ([ProjectId] ASC, [TemplateId] ASC)  );  GO"
1039,TABLE,warroom,ReportAssignment,E14098EDD91963B397D915E788E4BD3F7627AEC9CF24F0BC16AB63348ABD5483,"CREATE TABLE [warroom].[ReportAssignment]  (      [AssignmentId] uniqueidentifier NOT NULL CONSTRAINT [DF_ReportAssignment_AssignmentId] DEFAULT (newid()),      [ProjectId] bigint NOT NULL,      [GroupKey] char(64) COLLATE SQL_Latin1_General_CP1_CI_AS NOT NULL,      [NodeId] uniqueidentifier NOT NULL,      [CreatedOn] datetime2(0) NOT NULL CONSTRAINT [DF_ReportAssignment_CreatedOn] DEFAULT (sysutcdatetime()),      [CreatedBy] nvarchar(128) COLLATE SQL_Latin1_General_CP1_CI_AS NULL,      CONSTRAINT [PK_ReportAssignment] PRIMARY KEY CLUSTERED ([AssignmentId] ASC)  );  GO"
1040,TABLE,warroom,ReportAssignmentSnapshot,0DC25674DDBC38CEBFBD462E0FA3240C69BD7640C994268E3C716940B7A1AA87,"CREATE TABLE [warroom].[ReportAssignmentSnapshot]  (      [SnapshotId] bigint IDENTITY(1,1) NOT NULL,      [VersionId] bigint NOT NULL,      [ProjectId] bigint NOT NULL,      [NodeId] uniqueidentifier NOT NULL,      [GroupKey] char(64) COLLATE SQL_Latin1_General_CP1_CI_AS NOT NULL,      [IsActive] bit NOT NULL,      CONSTRAINT [PK__ReportAs__664F572B956590FC] PRIMARY KEY CLUSTERED ([SnapshotId] ASC)  );  GO"
1041,TABLE,warroom,ReportColumnConfig,8CC988DE68AEA4DE27B85738A113895B1A19985DC2193215A2D178992328B85B,"CREATE TABLE [warroom].[ReportColumnConfig]  (      [ReportColumnConfigId] bigint IDENTITY(1,1) NOT NULL,      [ProjectId] bigint NOT NULL,      [TemplateId] bigint NULL,      [ReportCode] nvarchar(100) COLLATE SQL_Latin1_General_CP1_CI_AS NOT NULL,      [ColumnKey] nvarchar(100) COLLATE SQL_Latin1_General_CP1_CI_AS NOT NULL,      [SourceField] nvarchar(128) COLLATE SQL_Latin1_General_CP1_CI_AS NOT NULL,      [DisplayName] nvarchar(255) COLLATE SQL_Latin1_General_CP1_CI_AS NOT NULL,      [ShortDisplayName] nvarchar(100) COLLATE SQL_Latin1_General_CP1_CI_AS NULL,      [ExportName] nvarchar(255) COLLATE SQL_Latin1_General_CP1_CI_AS NULL,      [DisplayOrder] int NOT NULL,      [IsVisible] bit NOT NULL CONSTRAINT [DF_ReportColumnConfig_IsVisible] DEFAULT ((1)),      [IsRequired] bit NOT NULL CONSTRAINT [DF_ReportColumnConfig_IsRequired] DEFAULT ((0)),      [IsExportable] bit NOT NULL CONSTRAINT [DF_ReportColumnConfig_IsExportable] DEFAULT ((1)),      [InternalVisible] bit NOT NULL CONSTRAINT [DF_ReportColumnConfig_InternalVisible] DEFAULT ((1)),      [ExternalVisible] bit NOT NULL CONSTRAINT [DF_ReportColumnConfig_ExternalVisible] DEFAULT ((1)),      [DataType] nvarchar(30) COLLATE SQL_Latin1_General_CP1_CI_AS NULL,      [TextAlign] nvarchar(20) COLLATE SQL_Latin1_General_CP1_CI_AS NULL,      [ColumnWidth] int NULL,      [IsSortable] bit NOT NULL CONSTRAINT [DF_ReportColumnConfig_IsSortable] DEFAULT ((1)),      [IsFilterable] bit NOT NULL CONSTRAINT [DF_ReportColumnConfig_IsFilterable] DEFAULT ((1)),      [IsActive] bit NOT NULL CONSTRAINT [DF_ReportColumnConfig_IsActive] DEFAULT ((1)),      [CreatedOn] datetime2(7) NOT NULL CONSTRAINT [DF_ReportColumnConfig_CreatedOn] DEFAULT (sysutcdatetime()),      [CreatedBy] nvarchar(450) COLLATE SQL_Latin1_General_CP1_CI_AS NULL,      [ModifiedOn] datetime2(7) NULL,      [ModifiedBy] nvarchar(450) COLLATE SQL_Latin1_General_CP1_CI_AS NULL,      CONSTRAINT [PK_ReportColumnConfig] PRIMARY KEY CLUSTERED ([ReportColumnConfigId] ASC),      CONSTRAINT [UQ_ReportColumnConfig] UNIQUE NONCLUSTERED ([ProjectId] ASC, [TemplateId] ASC, [ReportCode] ASC, [ColumnKey] ASC),      CONSTRAINT [CK_ReportColumnConfig_ColumnWidth] CHECK ([ColumnWidth] IS NULL OR [ColumnWidth]>=(40) AND [ColumnWidth]<=(1000)),      CONSTRAINT [CK_ReportColumnConfig_TextAlign] CHECK ([TextAlign] IS NULL OR ([TextAlign]='RIGHT' OR [TextAlign]='CENTER' OR [TextAlign]='LEFT'))  );  GO"
1042,TABLE,warroom,ReportConfigVersion,AE8CE3E9612ED0D2C0AEB3F27783F00D597D20B1A1C3822E3318D06C767C5CE7,"CREATE TABLE [warroom].[ReportConfigVersion]  (      [VersionId] bigint IDENTITY(1,1) NOT NULL,      [ProjectId] bigint NOT NULL,      [VersionNo] int NOT NULL,      [Status] nvarchar(50) COLLATE SQL_Latin1_General_CP1_CI_AS NOT NULL,      [PublishedAt] datetime2(0) NULL,      [PublishedBy] nvarchar(255) COLLATE SQL_Latin1_General_CP1_CI_AS NULL,      [CreatedAt] datetime2(0) NOT NULL CONSTRAINT [DF__ReportCon__Creat__583CFE97] DEFAULT (sysutcdatetime()),      [CreatedBy] nvarchar(255) COLLATE SQL_Latin1_General_CP1_CI_AS NULL,      [Notes] nvarchar(1000) COLLATE SQL_Latin1_General_CP1_CI_AS NULL,      CONSTRAINT [PK__ReportCo__16C6400F3AF4896D] PRIMARY KEY CLUSTERED ([VersionId] ASC)  );  GO"
1043,TABLE,warroom,ReportNode,CC7EE14A9E716307B951C8D20F932838EFF53DE8004E315179A6A1A8AD5F9C28,"CREATE TABLE [warroom].[ReportNode]  (      [NodeId] uniqueidentifier NOT NULL CONSTRAINT [DF_ReportNode_NodeId] DEFAULT (newid()),      [ProjectId] bigint NOT NULL,      [LevelNo] tinyint NOT NULL,      [ParentNodeId] uniqueidentifier NULL,      [DisplayName] nvarchar(200) COLLATE SQL_Latin1_General_CP1_CI_AS NOT NULL,      [Description] nvarchar(500) COLLATE SQL_Latin1_General_CP1_CI_AS NULL,      [SqlKey] nvarchar(200) COLLATE SQL_Latin1_General_CP1_CI_AS NULL,      [GridKey] nvarchar(200) COLLATE SQL_Latin1_General_CP1_CI_AS NULL,      [SortOrder] int NOT NULL CONSTRAINT [DF_ReportNode_SortOrder] DEFAULT ((0)),      [IsActive] bit NOT NULL CONSTRAINT [DF_ReportNode_IsActive] DEFAULT ((1)),      [CreatedOn] datetime2(0) NOT NULL CONSTRAINT [DF_ReportNode_CreatedOn] DEFAULT (sysutcdatetime()),      [CreatedBy] nvarchar(128) COLLATE SQL_Latin1_General_CP1_CI_AS NULL,      [ModifiedOn] datetime2(0) NULL,      [ModifiedBy] nvarchar(128) COLLATE SQL_Latin1_General_CP1_CI_AS NULL,      CONSTRAINT [PK_ReportNode] PRIMARY KEY CLUSTERED ([NodeId] ASC),      CONSTRAINT [CK_ReportNode_Level] CHECK ([LevelNo]=(3) OR [LevelNo]=(2) OR [LevelNo]=(1))  );  GO"
1044,TABLE,warroom,ReportNodeSnapshot,FF7E8123EAC8C2B1951AAC3B88FB0A8E057D881C0FBBF617A09603ED8251BF32,"CREATE TABLE [warroom].[ReportNodeSnapshot]  (      [SnapshotId] bigint IDENTITY(1,1) NOT NULL,      [VersionId] bigint NOT NULL,      [ProjectId] bigint NOT NULL,      [NodeId] uniqueidentifier NOT NULL,      [LevelNo] tinyint NOT NULL,      [ParentNodeId] uniqueidentifier NULL,      [DisplayName] nvarchar(200) COLLATE SQL_Latin1_General_CP1_CI_AS NOT NULL,      [Description] nvarchar(500) COLLATE SQL_Latin1_General_CP1_CI_AS NULL,      [SqlKey] nvarchar(200) COLLATE SQL_Latin1_General_CP1_CI_AS NULL,      [GridKey] nvarchar(200) COLLATE SQL_Latin1_General_CP1_CI_AS NULL,      [SortOrder] int NOT NULL,      [IsActive] bit NOT NULL,      CONSTRAINT [PK__ReportNo__664F572B3B91A1CC] PRIMARY KEY CLUSTERED ([SnapshotId] ASC)  );  GO"
1045,TABLE,warroom,RolePermissions,414A936616B7E07677082E9C046D62FE568FAB826C2729C6C1B06A802A2E0AE4,"CREATE TABLE [warroom].[RolePermissions]  (      [RolePermissionId] bigint IDENTITY(1,1) NOT NULL,      [RoleId] int NOT NULL,      [PermissionId] int NOT NULL,      [IsActive] bit NOT NULL CONSTRAINT [DF_RolePermissions_IsActive] DEFAULT ((1)),      [CreatedAt] datetime2(3) NOT NULL CONSTRAINT [DF_RolePermissions_CreatedAt] DEFAULT (sysutcdatetime()),      [CreatedBy] nvarchar(255) COLLATE SQL_Latin1_General_CP1_CI_AS NULL,      CONSTRAINT [PK__RolePerm__120F46BA4214801B] PRIMARY KEY CLUSTERED ([RolePermissionId] ASC),      CONSTRAINT [UQ_RolePermissions_Role_Permission] UNIQUE NONCLUSTERED ([RoleId] ASC, [PermissionId] ASC)  );  GO"
1046,TABLE,warroom,Roles,F0F3328D25EA52B642927224643E591BA58486FB0D5CE292F310D25C5CDDEE2F,"CREATE TABLE [warroom].[Roles]  (      [RoleId] int IDENTITY(1,1) NOT NULL,      [RoleCode] nvarchar(50) COLLATE SQL_Latin1_General_CP1_CI_AS NOT NULL,      [RoleName] nvarchar(100) COLLATE SQL_Latin1_General_CP1_CI_AS NOT NULL,      [Description] nvarchar(500) COLLATE SQL_Latin1_General_CP1_CI_AS NULL,      [SortOrder] int NOT NULL CONSTRAINT [DF_Roles_SortOrder] DEFAULT ((100)),      [IsActive] bit NOT NULL CONSTRAINT [DF_Roles_IsActive] DEFAULT ((1)),      CONSTRAINT [PK__Roles__8AFACE1AE41165DE] PRIMARY KEY CLUSTERED ([RoleId] ASC),      CONSTRAINT [UQ_Roles_RoleCode] UNIQUE NONCLUSTERED ([RoleCode] ASC)  );  GO"
1047,TABLE,warroom,SubsystemMilestone,F271A5EDEE8A1A1DE39103981D6024AB7C8BC4A5D19ACD9E2277CEE883EC8B23,"CREATE TABLE [warroom].[SubsystemMilestone]  (      [Id] int IDENTITY(1,1) NOT NULL,      [ProjectId] int NOT NULL,      [SubsystemCode] nvarchar(100) COLLATE SQL_Latin1_General_CP1_CI_AS NOT NULL,      [PlannedDate] date NULL,      [ForecastDate] date NULL,      [ActualDate] date NULL,      [Notes] nvarchar(1000) COLLATE SQL_Latin1_General_CP1_CI_AS NULL,      [CreatedBy] nvarchar(255) COLLATE SQL_Latin1_General_CP1_CI_AS NULL,      [CreatedOn] datetime2(7) NULL CONSTRAINT [DF__Subsystem__Creat__683E5C36] DEFAULT (getdate()),      [ModifiedBy] nvarchar(255) COLLATE SQL_Latin1_General_CP1_CI_AS NULL,      [ModifiedOn] datetime2(7) NULL,      [OwnerEmail] nvarchar(255) COLLATE SQL_Latin1_General_CP1_CI_AS NULL,      [Priority] int NULL,      [Source] nvarchar(50) COLLATE SQL_Latin1_General_CP1_CI_AS NULL,      [IsActive] bit NOT NULL CONSTRAINT [DF_SubsystemMilestone_IsActive] DEFAULT ((1)),      [ImportBatchId] uniqueidentifier NULL,      [LastImportOn] datetime2(7) NULL,      CONSTRAINT [PK__Subsyste__3214EC0715FC6E10] PRIMARY KEY CLUSTERED ([Id] ASC)  );  GO"
1048,TABLE,warroom,SuperAdmins,04EC1557EA31A570A473D23BE82ADBE3663A16B2A2FC693C08DA9AFBEFB054B7,"CREATE TABLE [warroom].[SuperAdmins]  (      [Id] bigint IDENTITY(1,1) NOT NULL,      [Email] nvarchar(255) COLLATE SQL_Latin1_General_CP1_CI_AS NOT NULL,      [DisplayName] nvarchar(255) COLLATE SQL_Latin1_General_CP1_CI_AS NULL,      [IsActive] bit NOT NULL CONSTRAINT [DF__SuperAdmi__IsAct__799DF262] DEFAULT ((1)),      [CreatedAt] datetime2(7) NOT NULL CONSTRAINT [DF__SuperAdmi__Creat__7A92169B] DEFAULT (sysutcdatetime()),      CONSTRAINT [PK__SuperAdm__3214EC077ADA8E2C] PRIMARY KEY CLUSTERED ([Id] ASC),      CONSTRAINT [UQ__SuperAdm__A9D105340BC7D9A0] UNIQUE NONCLUSTERED ([Email] ASC)  );  GO"
1049,TABLE,warroom,TaskComment,EE4CC9CC98365EB70E2690B8763621D00D83B6D24ADF90C0979CF09AA09326E1,"CREATE TABLE [warroom].[TaskComment]  (      [TaskCommentId] int IDENTITY(1,1) NOT NULL,      [ProjectId] bigint NOT NULL,      [TaskId] int NOT NULL,      [CommentText] nvarchar(MAX) COLLATE SQL_Latin1_General_CP1_CI_AS NOT NULL,      [CommentType] nvarchar(50) COLLATE SQL_Latin1_General_CP1_CI_AS NOT NULL CONSTRAINT [DF__TaskComme__Comme__1798699D] DEFAULT ('Note'),      [IsDeleted] bit NOT NULL CONSTRAINT [DF__TaskComme__IsDel__188C8DD6] DEFAULT ((0)),      [CreatedByEmail] nvarchar(256) COLLATE SQL_Latin1_General_CP1_CI_AS NOT NULL,      [CreatedByName] nvarchar(256) COLLATE SQL_Latin1_General_CP1_CI_AS NULL,      [CreatedOn] datetime2(0) NOT NULL CONSTRAINT [DF__TaskComme__Creat__1980B20F] DEFAULT (sysdatetime()),      [ModifiedByEmail] nvarchar(256) COLLATE SQL_Latin1_General_CP1_CI_AS NULL,      [ModifiedOn] datetime2(0) NULL,      CONSTRAINT [PK__TaskComm__CD2D20296A14A3CC] PRIMARY KEY CLUSTERED ([TaskCommentId] ASC)  );  GO"
1050,TABLE,warroom,TaskCustom,133C0041A7A7BF30726D7618B72C13E6A7B48A3C348E56C149ED84678BB8A731,"CREATE TABLE [warroom].[TaskCustom]  (      [TaskId] int NOT NULL,      [ProjectId] bigint NOT NULL,      [CustomFlag1] bit NULL,      [CustomFlag2] bit NULL,      [CustomText1] nvarchar(1000) COLLATE SQL_Latin1_General_CP1_CI_AS NULL,      [CustomText2] nvarchar(1000) COLLATE SQL_Latin1_General_CP1_CI_AS NULL,      [CustomDate1] date NULL,      [CustomNumber1] decimal(18,2) NULL,      [CustomJson] nvarchar(MAX) COLLATE SQL_Latin1_General_CP1_CI_AS NULL,      [LastUpdatedByEmail] nvarchar(256) COLLATE SQL_Latin1_General_CP1_CI_AS NULL,      [LastUpdatedOn] datetime2(0) NULL,      CONSTRAINT [PK__TaskCust__7C6949B1DFBF14E4] PRIMARY KEY CLUSTERED ([TaskId] ASC)  );  GO"
1051,TABLE,warroom,TaskStatusClassification,8980524253743207C7169DD86EF4693E3E08EFBF4CFE59B8B11BEF6EEA7E54C6,"CREATE TABLE [warroom].[TaskStatusClassification]  (      [TaskStatusClassificationId] int IDENTITY(1,1) NOT NULL,      [ProjectId] int NOT NULL,      [StatusId] int NOT NULL,      [StatusName] nvarchar(100) COLLATE SQL_Latin1_General_CP1_CI_AS NOT NULL,      [PulseClassification] nvarchar(30) COLLATE SQL_Latin1_General_CP1_CI_AS NOT NULL,      [IncludeInProgress] bit NOT NULL,      [Description] nvarchar(255) COLLATE SQL_Latin1_General_CP1_CI_AS NULL,      [DisplayOrder] int NOT NULL,      [IsActive] bit NOT NULL CONSTRAINT [DF__TaskStatu__IsAct__1E9A6CE7] DEFAULT ((1)),      [CreatedOn] datetime2(7) NOT NULL CONSTRAINT [DF__TaskStatu__Creat__1F8E9120] DEFAULT (sysutcdatetime()),      [CreatedBy] nvarchar(255) COLLATE SQL_Latin1_General_CP1_CI_AS NULL,      [ModifiedOn] datetime2(7) NULL,      [ModifiedBy] nvarchar(255) COLLATE SQL_Latin1_General_CP1_CI_AS NULL,      CONSTRAINT [PK__TaskStat__6785D5BDD86D8D44] PRIMARY KEY CLUSTERED ([TaskStatusClassificationId] ASC),      CONSTRAINT [UQ_TaskStatusClassification_Project_Status] UNIQUE NONCLUSTERED ([ProjectId] ASC, [StatusId] ASC),      CONSTRAINT [CK_TaskStatusClassification_Class] CHECK ([PulseClassification]='OUT_OF_SCOPE' OR [PulseClassification]='PENDING' OR [PulseClassification]='DONE')  );  GO"
1052,TABLE,warroom,UserProjectRoles,2C947A771DDC0911A421A8407A949BF9F4AAF8006055ED2080172289C7E12117,"CREATE TABLE [warroom].[UserProjectRoles]  (      [UserProjectRoleId] bigint IDENTITY(1,1) NOT NULL,      [UserId] bigint NOT NULL,      [ProjectId] bigint NOT NULL,      [RoleId] int NOT NULL,      [IsActive] bit NOT NULL CONSTRAINT [DF_UserProjectRoles_IsActive] DEFAULT ((1)),      [CreatedAt] datetime2(3) NOT NULL CONSTRAINT [DF_UserProjectRoles_CreatedAt] DEFAULT (sysutcdatetime()),      [CreatedBy] nvarchar(255) COLLATE SQL_Latin1_General_CP1_CI_AS NULL,      [UpdatedAt] datetime2(3) NULL,      [UpdatedBy] nvarchar(255) COLLATE SQL_Latin1_General_CP1_CI_AS NULL,      CONSTRAINT [PK__UserProj__5DE77B8BFCA5625A] PRIMARY KEY CLUSTERED ([UserProjectRoleId] ASC),      CONSTRAINT [UQ_UserProjectRoles_User_Project_Role] UNIQUE NONCLUSTERED ([UserId] ASC, [ProjectId] ASC, [RoleId] ASC)  );  GO"
1053,TABLE,warroom,Users,FA82D8D4E1F408E5BDEF758E03E8F386218E3572BAD4D5B557CE05AB4F8B7DC4,"CREATE TABLE [warroom].[Users]  (      [UserId] bigint IDENTITY(1,1) NOT NULL,      [Email] nvarchar(255) COLLATE SQL_Latin1_General_CP1_CI_AS NOT NULL,      [DisplayName] nvarchar(255) COLLATE SQL_Latin1_General_CP1_CI_AS NOT NULL,      [IsActive] bit NOT NULL CONSTRAINT [DF_Users_IsActive] DEFAULT ((1)),      [CreatedAt] datetime2(3) NOT NULL CONSTRAINT [DF_Users_CreatedAt] DEFAULT (sysutcdatetime()),      [CreatedBy] nvarchar(255) COLLATE SQL_Latin1_General_CP1_CI_AS NULL,      [UpdatedAt] datetime2(3) NULL,      [UpdatedBy] nvarchar(255) COLLATE SQL_Latin1_General_CP1_CI_AS NULL,      [LoginEmail] nvarchar(255) COLLATE SQL_Latin1_General_CP1_CI_AS NOT NULL,      CONSTRAINT [PK__Users__1788CC4C2612DE25] PRIMARY KEY CLUSTERED ([UserId] ASC),      CONSTRAINT [UQ_Users_Email] UNIQUE NONCLUSTERED ([Email] ASC)  );  GO"
2001,FOREIGN_KEY,warroom,ExportBatchRow.FK_ExportBatchRow_ExportBatch,80D459F0A5DD166CDC79B3E6AD5E9B17AB4364304208ABE7CCF8A41FBD95005B,ALTER TABLE [warroom].[ExportBatchRow] WITH CHECK ADD CONSTRAINT [FK_ExportBatchRow_ExportBatch] FOREIGN KEY ([ExportBatchId]) REFERENCES [warroom].[ExportBatch] ([ExportBatchId]);  GO
2002,FOREIGN_KEY,warroom,ImportAudit.FK_ImportAudit_ImportBatch,B1820F906B9D6DC1C0FEA4F74B7897640018C3AC62CB0F65CA999011B4DAE610,ALTER TABLE [warroom].[ImportAudit] WITH CHECK ADD CONSTRAINT [FK_ImportAudit_ImportBatch] FOREIGN KEY ([ImportBatchId]) REFERENCES [warroom].[ImportBatch] ([ImportBatchId]);  GO
2003,FOREIGN_KEY,warroom,ImportBatch.FK_ImportBatch_ExportBatch,AC9FA09660ED4EA23441E64C0BA9283A9D16D0CE763FDBCC0CC74F38F5A413AC,ALTER TABLE [warroom].[ImportBatch] WITH CHECK ADD CONSTRAINT [FK_ImportBatch_ExportBatch] FOREIGN KEY ([ExportBatchId]) REFERENCES [warroom].[ExportBatch] ([ExportBatchId]);  GO
2004,FOREIGN_KEY,warroom,ImportBatchRow.FK_ImportBatchRow_ImportBatch,0AB2AF26A3AC076F04ECF2466DBFCE97A2092BA34B262B58C29E6524373CB67C,ALTER TABLE [warroom].[ImportBatchRow] WITH CHECK ADD CONSTRAINT [FK_ImportBatchRow_ImportBatch] FOREIGN KEY ([ImportBatchId]) REFERENCES [warroom].[ImportBatch] ([ImportBatchId]);  GO
2005,FOREIGN_KEY,warroom,PunchDashboardSnapshotCategoryStatus.FK_PunchDashboardSnapshotCategoryStatus_Run,6AF2FC7EE849EA3B27F3E8A4F4E27161E661118425A6F20E4F5C77398405B7AF,ALTER TABLE [warroom].[PunchDashboardSnapshotCategoryStatus] WITH CHECK ADD CONSTRAINT [FK_PunchDashboardSnapshotCategoryStatus_Run] FOREIGN KEY ([SnapshotRunId]) REFERENCES [warroom].[PunchDashboardSnapshotRun] ([SnapshotRunId]) ON DELETE CASCADE;  GO
2006,FOREIGN_KEY,warroom,PunchDashboardSnapshotPunch.FK_PunchDashboardSnapshotPunch_SnapshotRun,C97D91DF9C64E2FB5D924F3ADD0F4A97FCD56838E3EEA95E88623273CC91DF96,ALTER TABLE [warroom].[PunchDashboardSnapshotPunch] WITH CHECK ADD CONSTRAINT [FK_PunchDashboardSnapshotPunch_SnapshotRun] FOREIGN KEY ([SnapshotRunId]) REFERENCES [warroom].[PunchDashboardSnapshotRun] ([SnapshotRunId]) ON DELETE CASCADE;  GO
2007,FOREIGN_KEY,warroom,PunchDashboardSnapshotSubcontractor.FK_PunchDashboardSnapshotSubcontractor_Run,A09EDAE10BB7580628A50EA64D86BD100686E857145EEFA9285E36B5C3E4298D,ALTER TABLE [warroom].[PunchDashboardSnapshotSubcontractor] WITH CHECK ADD CONSTRAINT [FK_PunchDashboardSnapshotSubcontractor_Run] FOREIGN KEY ([SnapshotRunId]) REFERENCES [warroom].[PunchDashboardSnapshotRun] ([SnapshotRunId]) ON DELETE CASCADE;  GO
2008,FOREIGN_KEY,warroom,PunchDashboardSnapshotSubsystem.FK_PunchDashboardSnapshotSubsystem_Run,CDCCB29234E56A06243FBC6FE62070B8702CBB3507932286C76864BA89A625E5,ALTER TABLE [warroom].[PunchDashboardSnapshotSubsystem] WITH CHECK ADD CONSTRAINT [FK_PunchDashboardSnapshotSubsystem_Run] FOREIGN KEY ([SnapshotRunId]) REFERENCES [warroom].[PunchDashboardSnapshotRun] ([SnapshotRunId]) ON DELETE CASCADE;  GO
2009,FOREIGN_KEY,warroom,ReportAssignment.FK_ReportAssignment_Node,CDEF4A62B286BD81D83EFCEFDD489538B39DD71228FC55DD74D8250395F74F93,ALTER TABLE [warroom].[ReportAssignment] WITH CHECK ADD CONSTRAINT [FK_ReportAssignment_Node] FOREIGN KEY ([NodeId]) REFERENCES [warroom].[ReportNode] ([NodeId]);  GO
2010,FOREIGN_KEY,warroom,ReportNode.FK_ReportNode_Parent,D0D28A8320DF2C14B5B9B0737C46EB9951A97A12A6CFE428850759346D08A4BB,ALTER TABLE [warroom].[ReportNode] WITH CHECK ADD CONSTRAINT [FK_ReportNode_Parent] FOREIGN KEY ([ParentNodeId]) REFERENCES [warroom].[ReportNode] ([NodeId]);  GO
2011,FOREIGN_KEY,warroom,RolePermissions.FK_RolePermissions_Permissions,9762AB072E3E0E520A51DFF1A835B0BC7A6D5A62A8497209FC318339D3AE9875,ALTER TABLE [warroom].[RolePermissions] WITH CHECK ADD CONSTRAINT [FK_RolePermissions_Permissions] FOREIGN KEY ([PermissionId]) REFERENCES [warroom].[Permissions] ([PermissionId]);  GO
2012,FOREIGN_KEY,warroom,RolePermissions.FK_RolePermissions_Roles,CAB588BDD4D013EE31D806C809DC0591CD296DA6F70C4A7C8627228E15A9A9EF,ALTER TABLE [warroom].[RolePermissions] WITH CHECK ADD CONSTRAINT [FK_RolePermissions_Roles] FOREIGN KEY ([RoleId]) REFERENCES [warroom].[Roles] ([RoleId]);  GO
2013,FOREIGN_KEY,warroom,UserProjectRoles.FK_UserProjectRoles_Roles,836F46CB01DD8F65F59F254D4A0F578CC78DACE7F7AF94D048BD53F3DE6D8AC3,ALTER TABLE [warroom].[UserProjectRoles] WITH CHECK ADD CONSTRAINT [FK_UserProjectRoles_Roles] FOREIGN KEY ([RoleId]) REFERENCES [warroom].[Roles] ([RoleId]);  GO
2014,FOREIGN_KEY,warroom,UserProjectRoles.FK_UserProjectRoles_Users,ABD0DA5FC43D0A7F2EE027D74CDAA41E73687621A88DBA3D74AF43D474E1B613,ALTER TABLE [warroom].[UserProjectRoles] WITH CHECK ADD CONSTRAINT [FK_UserProjectRoles_Users] FOREIGN KEY ([UserId]) REFERENCES [warroom].[Users] ([UserId]);  GO
3001,INDEX,warroom,ActivityLog.IX_ActivityLog_Project_ChangedAt,52623A30D06CBE85BDF25CE498041568E4446DFEFF2EECC5C23D9AA491245AE5,"CREATE NONCLUSTERED INDEX [IX_ActivityLog_Project_ChangedAt] ON [warroom].[ActivityLog] ([ProjectId] ASC, [ChangedAt] DESC) WITH  (      PAD_INDEX = OFF,      FILLFACTOR = 0,      IGNORE_DUP_KEY = OFF,      ALLOW_ROW_LOCKS = ON,      ALLOW_PAGE_LOCKS = ON  );  GO"
3002,INDEX,warroom,ActivityLog.IX_ActivityLog_Project_Date,E8FC332CF646F278C0EE4EB8E1C915D102F96B67234C72ACB1E3D8BA0FC570AF,"CREATE NONCLUSTERED INDEX [IX_ActivityLog_Project_Date] ON [warroom].[ActivityLog] ([ProjectId] ASC, [ChangedAt] ASC) WITH  (      PAD_INDEX = OFF,      FILLFACTOR = 0,      IGNORE_DUP_KEY = OFF,      ALLOW_ROW_LOCKS = ON,      ALLOW_PAGE_LOCKS = ON  );  GO"
3003,INDEX,warroom,ActivityLog.IX_ActivityLog_Project_Entity,4013E981CF2AD1D2DBB458DC69EF2951241AF1F80BCB6A4239D720BC1C90BE94,"CREATE NONCLUSTERED INDEX [IX_ActivityLog_Project_Entity] ON [warroom].[ActivityLog] ([ProjectId] ASC, [EntityType] ASC, [EntityId] ASC) WITH  (      PAD_INDEX = OFF,      FILLFACTOR = 0,      IGNORE_DUP_KEY = OFF,      ALLOW_ROW_LOCKS = ON,      ALLOW_PAGE_LOCKS = ON  );  GO"
3004,INDEX,warroom,ActivityLog.IX_ActivityLog_Project_EventType,5831612492B249A7202F782966C60303F0F052BC02C4C8178236AEFB1B6BADA4,"CREATE NONCLUSTERED INDEX [IX_ActivityLog_Project_EventType] ON [warroom].[ActivityLog] ([ProjectId] ASC, [EventType] ASC, [ChangedAt] DESC) WITH  (      PAD_INDEX = OFF,      FILLFACTOR = 0,      IGNORE_DUP_KEY = OFF,      ALLOW_ROW_LOCKS = ON,      ALLOW_PAGE_LOCKS = ON  );  GO"
3005,INDEX,warroom,ActivityLog.IX_ActivityLog_Project_Filters,52676A6A557F49757513A456C8599D71B83C1A6827CE0559F6FCE90B33F7E3C8,"CREATE NONCLUSTERED INDEX [IX_ActivityLog_Project_Filters] ON [warroom].[ActivityLog] ([ProjectId] ASC, [SubsystemCode] ASC, [Discipline] ASC, [Owner] ASC, [ChangedAt] ASC) WITH  (      PAD_INDEX = OFF,      FILLFACTOR = 0,      IGNORE_DUP_KEY = OFF,      ALLOW_ROW_LOCKS = ON,      ALLOW_PAGE_LOCKS = ON  );  GO"
3006,INDEX,warroom,ConfigurationAuditLog.IX_ConfigurationAuditLog_Project,EB593E0EB032E2CD6B52988138E2F15B5BBF38197959C32BF396FDC0831EEEFC,"CREATE NONCLUSTERED INDEX [IX_ConfigurationAuditLog_Project] ON [warroom].[ConfigurationAuditLog] ([ProjectId] ASC, [CreatedAt] DESC) WITH  (      PAD_INDEX = OFF,      FILLFACTOR = 0,      IGNORE_DUP_KEY = OFF,      ALLOW_ROW_LOCKS = ON,      ALLOW_PAGE_LOCKS = ON  );  GO"
3007,INDEX,warroom,CustomFieldDef.IX_CustomFieldDef_Export_Punch,98260E9AB738BA09C831B311944D830D8D7934A2280F0E629DEDE4E5E972E3FE,"CREATE NONCLUSTERED INDEX [IX_CustomFieldDef_Export_Punch] ON [warroom].[CustomFieldDef] ([ProjectId] ASC, [EntityType] ASC, [IsActive] ASC, [IsExportable] ASC, [SortOrder] ASC) INCLUDE ([FieldKey], [Label], [FieldType], [IsEditableInExcel], [OptionsJson]) WITH  (      PAD_INDEX = OFF,      FILLFACTOR = 0,      IGNORE_DUP_KEY = OFF,      ALLOW_ROW_LOCKS = ON,      ALLOW_PAGE_LOCKS = ON  );  GO"
3008,INDEX,warroom,CustomFieldDef.IX_CustomFieldDef_ProjectEntity_Order,FC8835733EA63AD1A45D3343AF683C9A14079E2786E4D55C5E37AE7D9750EA26,"CREATE NONCLUSTERED INDEX [IX_CustomFieldDef_ProjectEntity_Order] ON [warroom].[CustomFieldDef] ([ProjectId] ASC, [EntityType] ASC, [IsActive] ASC, [SortOrder] ASC) WITH  (      PAD_INDEX = OFF,      FILLFACTOR = 0,      IGNORE_DUP_KEY = OFF,      ALLOW_ROW_LOCKS = ON,      ALLOW_PAGE_LOCKS = ON  );  GO"
3009,INDEX,warroom,CustomFieldDef.UX_CustomFieldDef_Project_Entity_FieldKey,24F7F69C58910700BEDC0AB9C212A554904F1791B1FB13EEA02E1317B1C372B4,"CREATE UNIQUE NONCLUSTERED INDEX [UX_CustomFieldDef_Project_Entity_FieldKey] ON [warroom].[CustomFieldDef] ([ProjectId] ASC, [EntityType] ASC, [FieldKey] ASC) WITH  (      PAD_INDEX = OFF,      FILLFACTOR = 0,      IGNORE_DUP_KEY = OFF,      ALLOW_ROW_LOCKS = ON,      ALLOW_PAGE_LOCKS = ON  );  GO"
3010,INDEX,warroom,CustomFieldDef.UX_CustomFieldDef_Project_Entity_FieldKey_Active,5DDC276EBCCCAF5AE3337A0ABBD75BEB56031ABCACB86EE32EF441D4EB83D835,"CREATE UNIQUE NONCLUSTERED INDEX [UX_CustomFieldDef_Project_Entity_FieldKey_Active] ON [warroom].[CustomFieldDef] ([ProjectId] ASC, [EntityType] ASC, [FieldKey] ASC) WHERE ([IsActive]=(1)) WITH  (      PAD_INDEX = OFF,      FILLFACTOR = 0,      IGNORE_DUP_KEY = OFF,      ALLOW_ROW_LOCKS = ON,      ALLOW_PAGE_LOCKS = ON  );  GO"
3011,INDEX,warroom,CustomFieldDef.UX_CustomFieldDef_ProjectEntity_Key,601F6E70147E2CF533077116ADE0D03D26959ABC14EDA6EB1C8197F70578A702,"CREATE UNIQUE NONCLUSTERED INDEX [UX_CustomFieldDef_ProjectEntity_Key] ON [warroom].[CustomFieldDef] ([ProjectId] ASC, [EntityType] ASC, [FieldKey] ASC) WITH  (      PAD_INDEX = OFF,      FILLFACTOR = 0,      IGNORE_DUP_KEY = OFF,      ALLOW_ROW_LOCKS = ON,      ALLOW_PAGE_LOCKS = ON  );  GO"
3012,INDEX,warroom,CustomFieldValue.IX_CustomFieldValue_Project_Entity_Record,C47855100674F754E1993F9D7822176C3543F561D0F6CDF0164B70086625A744,"CREATE NONCLUSTERED INDEX [IX_CustomFieldValue_Project_Entity_Record] ON [warroom].[CustomFieldValue] ([ProjectId] ASC, [EntityType] ASC, [RecordId] ASC) INCLUDE ([FieldKey], [ValueText], [ValueNumber], [ValueDate], [ValueBool], [ValueJson]) WITH  (      PAD_INDEX = OFF,      FILLFACTOR = 0,      IGNORE_DUP_KEY = OFF,      ALLOW_ROW_LOCKS = ON,      ALLOW_PAGE_LOCKS = ON  );  GO"
3013,INDEX,warroom,CustomFieldValue.IX_CustomFieldValue_Record,129FE124D89326055D0C78C4981D21DDBC480E33C16347858FA71324823576CE,"CREATE NONCLUSTERED INDEX [IX_CustomFieldValue_Record] ON [warroom].[CustomFieldValue] ([ProjectId] ASC, [EntityType] ASC, [RecordId] ASC) WITH  (      PAD_INDEX = OFF,      FILLFACTOR = 0,      IGNORE_DUP_KEY = OFF,      ALLOW_ROW_LOCKS = ON,      ALLOW_PAGE_LOCKS = ON  );  GO"
3014,INDEX,warroom,CustomFieldValue.UX_CustomFieldValue_Project_Entity_Record_Field,1B52F2A91724389F356AA7D07B21116C7A84B0ACCB5D4301C8436A1E4A97DE07,"CREATE UNIQUE NONCLUSTERED INDEX [UX_CustomFieldValue_Project_Entity_Record_Field] ON [warroom].[CustomFieldValue] ([ProjectId] ASC, [EntityType] ASC, [RecordId] ASC, [FieldKey] ASC) WITH  (      PAD_INDEX = OFF,      FILLFACTOR = 0,      IGNORE_DUP_KEY = OFF,      ALLOW_ROW_LOCKS = ON,      ALLOW_PAGE_LOCKS = ON  );  GO"
3015,INDEX,warroom,CustomFieldValue.UX_CustomFieldValue_Record_Field,64D416B8A6D7DDAFBD4B59B2359B0AFAFFD615892B4AFBA5B39B180AF90FF993,"CREATE UNIQUE NONCLUSTERED INDEX [UX_CustomFieldValue_Record_Field] ON [warroom].[CustomFieldValue] ([ProjectId] ASC, [EntityType] ASC, [RecordId] ASC, [FieldKey] ASC) WITH  (      PAD_INDEX = OFF,      FILLFACTOR = 0,      IGNORE_DUP_KEY = OFF,      ALLOW_ROW_LOCKS = ON,      ALLOW_PAGE_LOCKS = ON  );  GO"
3016,INDEX,warroom,DoneStatusSnapshot.IX_DoneStatusSnapshot_Project_Version,DA56D6C475489EC668BDE8A77C614CFDD9C0EFDC7DBD89B0D309041347B4C04D,"CREATE NONCLUSTERED INDEX [IX_DoneStatusSnapshot_Project_Version] ON [warroom].[DoneStatusSnapshot] ([ProjectId] ASC, [VersionId] ASC, [StatusValue] ASC) WITH  (      PAD_INDEX = OFF,      FILLFACTOR = 0,      IGNORE_DUP_KEY = OFF,      ALLOW_ROW_LOCKS = ON,      ALLOW_PAGE_LOCKS = ON  );  GO"
3017,INDEX,warroom,EntityAttachment.IX_Attachment_Project_Entity,58E469CF9CA6B2EA2914518C7667EEEDCCAED6B5C98B1CEB61E4C04AAB56BA27,"CREATE NONCLUSTERED INDEX [IX_Attachment_Project_Entity] ON [warroom].[EntityAttachment] ([ProjectId] ASC, [EntityType] ASC, [EntityId] ASC, [UploadedOn] DESC) INCLUDE ([IsDeleted], [FileName]) WITH  (      PAD_INDEX = OFF,      FILLFACTOR = 0,      IGNORE_DUP_KEY = OFF,      ALLOW_ROW_LOCKS = ON,      ALLOW_PAGE_LOCKS = ON  );  GO"
3018,INDEX,warroom,ExportBatch.UX_ExportBatch_PunchExportLogId,81530665CA9D49D60907B1B59201B8EDACBE700C1C6817C88F3B5A639E535C7F,"CREATE UNIQUE NONCLUSTERED INDEX [UX_ExportBatch_PunchExportLogId] ON [warroom].[ExportBatch] ([PunchExportLogId] ASC) WITH  (      PAD_INDEX = OFF,      FILLFACTOR = 0,      IGNORE_DUP_KEY = OFF,      ALLOW_ROW_LOCKS = ON,      ALLOW_PAGE_LOCKS = ON  );  GO"
3019,INDEX,warroom,ImportAudit.IX_ImportAudit_BatchWorkItem,6F4F574E0FADDDED09ABAAE6A7F38BFC02EB09F9B73F50DB8177B3CF2431E6B8,"CREATE NONCLUSTERED INDEX [IX_ImportAudit_BatchWorkItem] ON [warroom].[ImportAudit] ([ImportBatchId] ASC, [WorkItemId] ASC) WITH  (      PAD_INDEX = OFF,      FILLFACTOR = 0,      IGNORE_DUP_KEY = OFF,      ALLOW_ROW_LOCKS = ON,      ALLOW_PAGE_LOCKS = ON  );  GO"
3020,INDEX,warroom,ImportBatchRow.IX_ImportBatchRow_BatchStatus,F7A898659C1299A871AF4782E3D4DB566876AB21CFB9264CEC90CA270D5EBE25,"CREATE NONCLUSTERED INDEX [IX_ImportBatchRow_BatchStatus] ON [warroom].[ImportBatchRow] ([ImportBatchId] ASC, [ValidationStatus] ASC) INCLUDE ([ExcelRowNumber], [WorkItemId], [ApplyStatus]) WITH  (      PAD_INDEX = OFF,      FILLFACTOR = 0,      IGNORE_DUP_KEY = OFF,      ALLOW_ROW_LOCKS = ON,      ALLOW_PAGE_LOCKS = ON  );  GO"
3021,INDEX,warroom,OperationalAttentionQueue.IX_OperationalAttentionQueue_Project_Active_Rank,51B8BCB3659C062DA62FC1760C15EFDA0005137D3CE5629CF6787AA70FD27941,"CREATE NONCLUSTERED INDEX [IX_OperationalAttentionQueue_Project_Active_Rank] ON [warroom].[OperationalAttentionQueue] ([ProjectId] ASC, [IsActive] ASC, [QueueRank] ASC) WITH  (      PAD_INDEX = OFF,      FILLFACTOR = 0,      IGNORE_DUP_KEY = OFF,      ALLOW_ROW_LOCKS = ON,      ALLOW_PAGE_LOCKS = ON  );  GO"
3022,INDEX,warroom,OperationalAttentionQueue.UX_OperationalAttentionQueue_ActiveRank,0360249C159358EC06772CB5DEB8C8003900B13AB06BC104DA649B4DE5CB4EB3,"CREATE UNIQUE NONCLUSTERED INDEX [UX_OperationalAttentionQueue_ActiveRank] ON [warroom].[OperationalAttentionQueue] ([ProjectId] ASC, [QueueRank] ASC) WHERE ([IsActive]=(1)) WITH  (      PAD_INDEX = OFF,      FILLFACTOR = 0,      IGNORE_DUP_KEY = OFF,      ALLOW_ROW_LOCKS = ON,      ALLOW_PAGE_LOCKS = ON  );  GO"
3023,INDEX,warroom,OperationalAttentionQueue.UX_OperationalAttentionQueue_ActiveSubsystem,C5EADCE6C2AE031AF2B5A3D18F61AC71D17CDC4894FD872E5C43FF5B90D06EB2,"CREATE UNIQUE NONCLUSTERED INDEX [UX_OperationalAttentionQueue_ActiveSubsystem] ON [warroom].[OperationalAttentionQueue] ([ProjectId] ASC, [SubsystemCode] ASC) WHERE ([IsActive]=(1)) WITH  (      PAD_INDEX = OFF,      FILLFACTOR = 0,      IGNORE_DUP_KEY = OFF,      ALLOW_ROW_LOCKS = ON,      ALLOW_PAGE_LOCKS = ON  );  GO"
3024,INDEX,warroom,OperationalCell.IX_OperationalCell_Project_DueDate,688B046A7FD86982FEE0BB23AD5CEE490CF7EDDC16EFE3E91CC6BE915BEEF23D,"CREATE NONCLUSTERED INDEX [IX_OperationalCell_Project_DueDate] ON [warroom].[OperationalCell] ([ProjectId] ASC, [DueDate] ASC) WITH  (      PAD_INDEX = OFF,      FILLFACTOR = 0,      IGNORE_DUP_KEY = OFF,      ALLOW_ROW_LOCKS = ON,      ALLOW_PAGE_LOCKS = ON  );  GO"
3025,INDEX,warroom,OperationalCell.IX_OperationalCell_Project_Owner,F87EAC9DEBC6AA08A1FDF10F455200A85703CE7BC41F8B8EACCB8B374E7500C5,"CREATE NONCLUSTERED INDEX [IX_OperationalCell_Project_Owner] ON [warroom].[OperationalCell] ([ProjectId] ASC, [OwnerEmail] ASC) WITH  (      PAD_INDEX = OFF,      FILLFACTOR = 0,      IGNORE_DUP_KEY = OFF,      ALLOW_ROW_LOCKS = ON,      ALLOW_PAGE_LOCKS = ON  );  GO"
3026,INDEX,warroom,OperationalCell.IX_OperationalCell_Project_Status,BD28DB615CB475B72874A5E938221D48FF688740CD2B747BC87F682396C00A88,"CREATE NONCLUSTERED INDEX [IX_OperationalCell_Project_Status] ON [warroom].[OperationalCell] ([ProjectId] ASC, [OperationalStatus] ASC) WITH  (      PAD_INDEX = OFF,      FILLFACTOR = 0,      IGNORE_DUP_KEY = OFF,      ALLOW_ROW_LOCKS = ON,      ALLOW_PAGE_LOCKS = ON  );  GO"
3027,INDEX,warroom,OperationalCell.UX_OperationalCell_Project_Subsystem_L3,0B8E5F3787807184BB23E6E9D4A8E409DAE3E07D3DE262432FC926BB320FBB06,"CREATE UNIQUE NONCLUSTERED INDEX [UX_OperationalCell_Project_Subsystem_L3] ON [warroom].[OperationalCell] ([ProjectId] ASC, [SubsystemCode] ASC, [L3NodeId] ASC) WITH  (      PAD_INDEX = OFF,      FILLFACTOR = 0,      IGNORE_DUP_KEY = OFF,      ALLOW_ROW_LOCKS = ON,      ALLOW_PAGE_LOCKS = ON  );  GO"
3028,INDEX,warroom,OverviewSnapshotHeader.IX_OverviewSnapshotHeader_Project,F9D1F8814555E49298F5F883AD9523B1B9F44F43012AB7DC2307F5FEE1EFCEF5,"CREATE NONCLUSTERED INDEX [IX_OverviewSnapshotHeader_Project] ON [warroom].[OverviewSnapshotHeader] ([ProjectId] ASC, [L1SortOrder] ASC, [L2SortOrder] ASC, [L3SortOrder] ASC, [MetricSortOrder] ASC) WITH  (      PAD_INDEX = OFF,      FILLFACTOR = 0,      IGNORE_DUP_KEY = OFF,      ALLOW_ROW_LOCKS = ON,      ALLOW_PAGE_LOCKS = ON  );  GO"
3029,INDEX,warroom,OverviewSnapshotMetric.IX_OverviewSnapshotMetric_Project_Subsystem,FABDCDFC35CA5EC64A404452D9C3D2A7FE0A94493D16BA0A3258F823F5C83ED5,"CREATE NONCLUSTERED INDEX [IX_OverviewSnapshotMetric_Project_Subsystem] ON [warroom].[OverviewSnapshotMetric] ([ProjectId] ASC, [SubsystemCode] ASC, [MetricKey] ASC) WITH  (      PAD_INDEX = OFF,      FILLFACTOR = 0,      IGNORE_DUP_KEY = OFF,      ALLOW_ROW_LOCKS = ON,      ALLOW_PAGE_LOCKS = ON  );  GO"
3030,INDEX,warroom,OverviewSnapshotTaskScope.CX_OverviewSnapshotTaskScope_Project_Task,D44D7ECEC84F0C4F1DB056FF40A42F1B1A47289E8B816BF4841F65F02EEE4321,"CREATE CLUSTERED INDEX [CX_OverviewSnapshotTaskScope_Project_Task] ON [warroom].[OverviewSnapshotTaskScope] ([ProjectId] ASC, [InspectionTaskId] ASC) WITH  (      PAD_INDEX = OFF,      FILLFACTOR = 0,      IGNORE_DUP_KEY = OFF,      ALLOW_ROW_LOCKS = ON,      ALLOW_PAGE_LOCKS = ON  );  GO"
3031,INDEX,warroom,OverviewSnapshotTaskScope.IX_OverviewSnapshotTaskScope_Project_L3,D0D098FE43A5943EE1ABEDF454E0DEF2ED587DE383904E193B4787D0EEABE31C,"CREATE NONCLUSTERED INDEX [IX_OverviewSnapshotTaskScope_Project_L3] ON [warroom].[OverviewSnapshotTaskScope] ([ProjectId] ASC, [L3NodeId] ASC, [InspectionTaskId] ASC) WITH  (      PAD_INDEX = OFF,      FILLFACTOR = 0,      IGNORE_DUP_KEY = OFF,      ALLOW_ROW_LOCKS = ON,      ALLOW_PAGE_LOCKS = ON  );  GO"
3032,INDEX,warroom,OverviewSnapshotTaskScope.UX_OverviewSnapshotTaskScope_Project_Task_L3_NotNull,68C7764A60489B4164878CEDD77A01D47AE21351D175ABE70AD7C5B1554FFD68,"CREATE UNIQUE NONCLUSTERED INDEX [UX_OverviewSnapshotTaskScope_Project_Task_L3_NotNull] ON [warroom].[OverviewSnapshotTaskScope] ([ProjectId] ASC, [InspectionTaskId] ASC, [L3NodeId] ASC) WHERE ([L3NodeId] IS NOT NULL) WITH  (      PAD_INDEX = OFF,      FILLFACTOR = 0,      IGNORE_DUP_KEY = OFF,      ALLOW_ROW_LOCKS = ON,      ALLOW_PAGE_LOCKS = ON  );  GO"
3033,INDEX,warroom,OverviewSnapshotTaskScope.UX_OverviewSnapshotTaskScope_Project_Task_NullL3,5AB55F338D5373277C72A81234D232A160F579652619092124AE9A61DC68F592,"CREATE UNIQUE NONCLUSTERED INDEX [UX_OverviewSnapshotTaskScope_Project_Task_NullL3] ON [warroom].[OverviewSnapshotTaskScope] ([ProjectId] ASC, [InspectionTaskId] ASC) WHERE ([L3NodeId] IS NULL) WITH  (      PAD_INDEX = OFF,      FILLFACTOR = 0,      IGNORE_DUP_KEY = OFF,      ALLOW_ROW_LOCKS = ON,      ALLOW_PAGE_LOCKS = ON  );  GO"
3034,INDEX,warroom,ProjectDoneStatusConfig.UX_ProjectDoneStatusConfig_Project_Status,3AD69B43955CC6629EA979621862ECEB8B58FF6A8A883C5F1166063EBD83FB64,"CREATE UNIQUE NONCLUSTERED INDEX [UX_ProjectDoneStatusConfig_Project_Status] ON [warroom].[ProjectDoneStatusConfig] ([ProjectId] ASC, [StatusValue] ASC) WITH  (      PAD_INDEX = OFF,      FILLFACTOR = 0,      IGNORE_DUP_KEY = OFF,      ALLOW_ROW_LOCKS = ON,      ALLOW_PAGE_LOCKS = ON  );  GO"
3035,INDEX,warroom,PunchComment.IX_PunchComment_Project_Punch,C828C08A8597684EF27C270CEAA74C21F90A40CFDBCFEC26DC56D82AFEAC4636,"CREATE NONCLUSTERED INDEX [IX_PunchComment_Project_Punch] ON [warroom].[PunchComment] ([ProjectId] ASC, [PunchId] ASC, [CreatedOn] DESC) WITH  (      PAD_INDEX = OFF,      FILLFACTOR = 0,      IGNORE_DUP_KEY = OFF,      ALLOW_ROW_LOCKS = ON,      ALLOW_PAGE_LOCKS = ON  );  GO"
3036,INDEX,warroom,PunchComment.IX_PunchComment_Project_Punch_CreatedOn,ACD0F878076045E854262D1EF2381F817C08D81476470A178DEDFEDB2DA43954,"CREATE NONCLUSTERED INDEX [IX_PunchComment_Project_Punch_CreatedOn] ON [warroom].[PunchComment] ([ProjectId] ASC, [PunchId] ASC, [CreatedOn] DESC) INCLUDE ([IsDeleted], [CommentType], [CreatedByEmail]) WITH  (      PAD_INDEX = OFF,      FILLFACTOR = 0,      IGNORE_DUP_KEY = OFF,      ALLOW_ROW_LOCKS = ON,      ALLOW_PAGE_LOCKS = ON  );  GO"
3037,INDEX,warroom,PunchComment.IX_PunchComment_Project_Punch_Deleted_CreatedOn,487094654242A4D1846B939CA7163D66B71257F732569D5569B6ADD4D4E346C6,"CREATE NONCLUSTERED INDEX [IX_PunchComment_Project_Punch_Deleted_CreatedOn] ON [warroom].[PunchComment] ([ProjectId] ASC, [PunchId] ASC, [IsDeleted] ASC, [CreatedOn] DESC) INCLUDE ([CommentText], [CommentType], [CreatedByEmail], [CreatedByName], [ModifiedOn], [ModifiedByEmail]) WITH  (      PAD_INDEX = OFF,      FILLFACTOR = 0,      IGNORE_DUP_KEY = OFF,      ALLOW_ROW_LOCKS = ON,      ALLOW_PAGE_LOCKS = ON  );  GO"
3038,INDEX,warroom,PunchCustom.IX_PunchCustom_Project,678AEAADFC81E226C1C03F27649FAED6F307168B94F335859BA5BC64B622FBB2,"CREATE NONCLUSTERED INDEX [IX_PunchCustom_Project] ON [warroom].[PunchCustom] ([ProjectId] ASC) WITH  (      PAD_INDEX = OFF,      FILLFACTOR = 0,      IGNORE_DUP_KEY = OFF,      ALLOW_ROW_LOCKS = ON,      ALLOW_PAGE_LOCKS = ON  );  GO"
3039,INDEX,warroom,PunchCustom.IX_PunchCustom_Project_Punch,179FD962EB053134425DD039430392E63E589F2A7B6AE852B3ACD42B62398D1F,"CREATE NONCLUSTERED INDEX [IX_PunchCustom_Project_Punch] ON [warroom].[PunchCustom] ([ProjectId] ASC, [PunchId] ASC) INCLUDE ([CustomFlag1], [CustomText1], [CustomDate1], [CustomNumber1], [LastUpdatedByEmail], [LastUpdatedOn]) WITH  (      PAD_INDEX = OFF,      FILLFACTOR = 0,      IGNORE_DUP_KEY = OFF,      ALLOW_ROW_LOCKS = ON,      ALLOW_PAGE_LOCKS = ON  );  GO"
3040,INDEX,warroom,PunchDashboardSnapshotCategoryStatus.IX_PunchDashboardSnapshotCategoryStatus_Context,268FE11F073076263B4E0E096468EEF4867CDFE3DFD42D37DD32E564D5AA4288,"CREATE NONCLUSTERED INDEX [IX_PunchDashboardSnapshotCategoryStatus_Context] ON [warroom].[PunchDashboardSnapshotCategoryStatus] ([ProjectId] ASC, [TemplateId] ASC, [StatusOrder] ASC, [CategoryOrder] ASC) INCLUDE ([SnapshotRunId], [CategoryName], [StatusName], [StatusColor], [PunchCount]) WITH  (      PAD_INDEX = OFF,      FILLFACTOR = 0,      IGNORE_DUP_KEY = OFF,      ALLOW_ROW_LOCKS = ON,      ALLOW_PAGE_LOCKS = ON  );  GO"
3041,INDEX,warroom,PunchDashboardSnapshotPunch.IX_PunchDashboardSnapshotPunch_Category,3F04A7E6FA81905BA54AA020462D43F1CE9FF405C678B02D94F5E54BC7B8367B,"CREATE NONCLUSTERED INDEX [IX_PunchDashboardSnapshotPunch_Category] ON [warroom].[PunchDashboardSnapshotPunch] ([SnapshotRunId] ASC, [StatusCode] ASC, [CategoryCode] ASC, [SubcontractorId] ASC) WITH  (      PAD_INDEX = OFF,      FILLFACTOR = 0,      IGNORE_DUP_KEY = OFF,      ALLOW_ROW_LOCKS = ON,      ALLOW_PAGE_LOCKS = ON  );  GO"
3042,INDEX,warroom,PunchDashboardSnapshotPunch.IX_PunchDashboardSnapshotPunch_Cell,54101DF4CC33BF5F17B1841A3BDB8843BACAA05822A411BB5168C7DDF2820EBD,"CREATE NONCLUSTERED INDEX [IX_PunchDashboardSnapshotPunch_Cell] ON [warroom].[PunchDashboardSnapshotPunch] ([SnapshotRunId] ASC, [StatusCode] ASC, [SubcontractorId] ASC, [CategoryCode] ASC, [LastModifiedAt] DESC, [PunchId] DESC) INCLUDE ([PunchCode], [DisciplineCode], [SubsystemCode], [DueDate], [PriorityCode]) WITH  (      PAD_INDEX = OFF,      FILLFACTOR = 0,      IGNORE_DUP_KEY = OFF,      ALLOW_ROW_LOCKS = ON,      ALLOW_PAGE_LOCKS = ON  );  GO"
3043,INDEX,warroom,PunchDashboardSnapshotRun.IX_PunchDashboardSnapshotRun_Context,4E75B4F0BED471B47910C819090CF4D343CDC06B92AB24F688ED868C00ECD5AF,"CREATE NONCLUSTERED INDEX [IX_PunchDashboardSnapshotRun_Context] ON [warroom].[PunchDashboardSnapshotRun] ([ProjectId] ASC, [TemplateId] ASC, [Status] ASC, [SnapshotRunId] DESC) INCLUDE ([RequestedOn], [CompletedOn], [SourcePunchCount], [DurationMs]) WITH  (      PAD_INDEX = OFF,      FILLFACTOR = 0,      IGNORE_DUP_KEY = OFF,      ALLOW_ROW_LOCKS = ON,      ALLOW_PAGE_LOCKS = ON  );  GO"
3044,INDEX,warroom,PunchDashboardSnapshotSubcontractor.IX_PunchDashboardSnapshotSubcontractor_Context,72D7CD3EAB6E449D5E683E9446CF433E8A857D37CE637E4DD1C3046A7B333CEC,"CREATE NONCLUSTERED INDEX [IX_PunchDashboardSnapshotSubcontractor_Context] ON [warroom].[PunchDashboardSnapshotSubcontractor] ([ProjectId] ASC, [TemplateId] ASC, [StatusCode] ASC, [SubcontractorName] ASC, [DisciplineCode] ASC) INCLUDE ([SnapshotRunId], [SubcontractorId], [SubcontractorCode], [SubcontractorShortName], [DisciplineName], [CategoryCode], [CategoryName], [CategoryOrder], [StatusName], [StatusOrder], [StatusColor], [PunchCount]) WITH  (      PAD_INDEX = OFF,      FILLFACTOR = 0,      IGNORE_DUP_KEY = OFF,      ALLOW_ROW_LOCKS = ON,      ALLOW_PAGE_LOCKS = ON  );  GO"
3045,INDEX,warroom,PunchDashboardSnapshotSubsystem.IX_PunchDashboardSnapshotSubsystem_Context,3659C20BA34E12A9467EC451BFD705125552C747525D3E65C2EC119FD14A03EC,"CREATE NONCLUSTERED INDEX [IX_PunchDashboardSnapshotSubsystem_Context] ON [warroom].[PunchDashboardSnapshotSubsystem] ([ProjectId] ASC, [TemplateId] ASC, [StatusCode] ASC, [SubsystemCode] ASC) INCLUDE ([SnapshotRunId], [SubsystemName], [CategoryCode], [CategoryName], [CategoryOrder], [StatusName], [StatusOrder], [StatusColor], [PunchCount]) WITH  (      PAD_INDEX = OFF,      FILLFACTOR = 0,      IGNORE_DUP_KEY = OFF,      ALLOW_ROW_LOCKS = ON,      ALLOW_PAGE_LOCKS = ON  );  GO"
3046,INDEX,warroom,ReportAssignment.IX_ReportAssignment_Project_Node,881B7449C36A57DBBFBEC48CA4A41C622902E0CE6E92A4E862C43A41D3B8CAC6,"CREATE NONCLUSTERED INDEX [IX_ReportAssignment_Project_Node] ON [warroom].[ReportAssignment] ([ProjectId] ASC, [NodeId] ASC) WITH  (      PAD_INDEX = OFF,      FILLFACTOR = 0,      IGNORE_DUP_KEY = OFF,      ALLOW_ROW_LOCKS = ON,      ALLOW_PAGE_LOCKS = ON  );  GO"
3047,INDEX,warroom,ReportAssignment.UQ_ReportAssignment_Project_GroupKey,36776ACF68F3778FF5B81A5197E8B7D0660C388ED18DF244927537ADB078CC25,"CREATE UNIQUE NONCLUSTERED INDEX [UQ_ReportAssignment_Project_GroupKey] ON [warroom].[ReportAssignment] ([ProjectId] ASC, [GroupKey] ASC) WITH  (      PAD_INDEX = OFF,      FILLFACTOR = 0,      IGNORE_DUP_KEY = OFF,      ALLOW_ROW_LOCKS = ON,      ALLOW_PAGE_LOCKS = ON  );  GO"
3048,INDEX,warroom,ReportAssignment.UX_ReportAssignment_Project_GroupKey,07D73A81D4BD8C5C6D775B05B16BDE7957ADCC39CA18A3117D6594AD3784FEBE,"CREATE UNIQUE NONCLUSTERED INDEX [UX_ReportAssignment_Project_GroupKey] ON [warroom].[ReportAssignment] ([ProjectId] ASC, [GroupKey] ASC) WITH  (      PAD_INDEX = OFF,      FILLFACTOR = 0,      IGNORE_DUP_KEY = OFF,      ALLOW_ROW_LOCKS = ON,      ALLOW_PAGE_LOCKS = ON  );  GO"
3049,INDEX,warroom,ReportAssignmentSnapshot.IX_ReportAssignmentSnapshot_Project_Version,A61C5C2D3B4278112EB9D70EB4F7488945762489DB71B50B4F780F670B23DA4E,"CREATE NONCLUSTERED INDEX [IX_ReportAssignmentSnapshot_Project_Version] ON [warroom].[ReportAssignmentSnapshot] ([ProjectId] ASC, [VersionId] ASC, [NodeId] ASC, [GroupKey] ASC) WITH  (      PAD_INDEX = OFF,      FILLFACTOR = 0,      IGNORE_DUP_KEY = OFF,      ALLOW_ROW_LOCKS = ON,      ALLOW_PAGE_LOCKS = ON  );  GO"
3050,INDEX,warroom,ReportColumnConfig.IX_ReportColumnConfig_Resolve,7B2A049769F875C2BB3ECE9CB778C3C3B55A522A916772C8AACBD001CB3E0C3B,"CREATE NONCLUSTERED INDEX [IX_ReportColumnConfig_Resolve] ON [warroom].[ReportColumnConfig] ([ReportCode] ASC, [ColumnKey] ASC, [ProjectId] ASC, [TemplateId] ASC, [IsActive] ASC) INCLUDE ([SourceField], [DisplayName], [ShortDisplayName], [ExportName], [DisplayOrder], [IsVisible], [IsRequired], [IsExportable], [InternalVisible], [ExternalVisible], [DataType], [TextAlign], [ColumnWidth], [IsSortable], [IsFilterable]) WITH  (      PAD_INDEX = OFF,      FILLFACTOR = 0,      IGNORE_DUP_KEY = OFF,      ALLOW_ROW_LOCKS = ON,      ALLOW_PAGE_LOCKS = ON  );  GO"
3051,INDEX,warroom,ReportConfigVersion.UX_ReportConfigVersion_Project_VersionNo,3EC253D10213133BE4E38D81DE0246319960BE982EFF6CAF4EA978A41A12BFB5,"CREATE UNIQUE NONCLUSTERED INDEX [UX_ReportConfigVersion_Project_VersionNo] ON [warroom].[ReportConfigVersion] ([ProjectId] ASC, [VersionNo] ASC) WITH  (      PAD_INDEX = OFF,      FILLFACTOR = 0,      IGNORE_DUP_KEY = OFF,      ALLOW_ROW_LOCKS = ON,      ALLOW_PAGE_LOCKS = ON  );  GO"
3052,INDEX,warroom,ReportNode.IX_ReportNode_Project_Level,F301FF74CA8B378E277B8877E250C002DA1AA7B47208F95E24850028771DF9B3,"CREATE NONCLUSTERED INDEX [IX_ReportNode_Project_Level] ON [warroom].[ReportNode] ([ProjectId] ASC, [LevelNo] ASC, [ParentNodeId] ASC) WITH  (      PAD_INDEX = OFF,      FILLFACTOR = 0,      IGNORE_DUP_KEY = OFF,      ALLOW_ROW_LOCKS = ON,      ALLOW_PAGE_LOCKS = ON  );  GO"
3053,INDEX,warroom,ReportNode.IX_ReportNode_Project_Level_Parent_Active,C0D86F62D184DD0A2F18767FFCC03765FA3A1DF4708E403E9E86FF89E0BD2A21,"CREATE NONCLUSTERED INDEX [IX_ReportNode_Project_Level_Parent_Active] ON [warroom].[ReportNode] ([ProjectId] ASC, [LevelNo] ASC, [ParentNodeId] ASC, [IsActive] ASC) WITH  (      PAD_INDEX = OFF,      FILLFACTOR = 0,      IGNORE_DUP_KEY = OFF,      ALLOW_ROW_LOCKS = ON,      ALLOW_PAGE_LOCKS = ON  );  GO"
3054,INDEX,warroom,ReportNode.IX_ReportNode_Project_SqlKey_Active,6D775655B7DB6CEF8255553F31E71BC8A1702B6F3FA03C393048E4678B6401EE,"CREATE NONCLUSTERED INDEX [IX_ReportNode_Project_SqlKey_Active] ON [warroom].[ReportNode] ([ProjectId] ASC, [SqlKey] ASC, [IsActive] ASC) WHERE ([LevelNo]=(3)) WITH  (      PAD_INDEX = OFF,      FILLFACTOR = 0,      IGNORE_DUP_KEY = OFF,      ALLOW_ROW_LOCKS = ON,      ALLOW_PAGE_LOCKS = ON  );  GO"
3055,INDEX,warroom,ReportNode.UQ_ReportNode_Project_GridKey,838D992E6C3D933FEC617A39342A38D7EC46E80011ACD0AF2B2FF87E17C05E92,"CREATE UNIQUE NONCLUSTERED INDEX [UQ_ReportNode_Project_GridKey] ON [warroom].[ReportNode] ([ProjectId] ASC, [GridKey] ASC) WHERE ([GridKey] IS NOT NULL) WITH  (      PAD_INDEX = OFF,      FILLFACTOR = 0,      IGNORE_DUP_KEY = OFF,      ALLOW_ROW_LOCKS = ON,      ALLOW_PAGE_LOCKS = ON  );  GO"
3056,INDEX,warroom,ReportNode.UQ_ReportNode_Project_Level_Parent_DisplayName,45896A39B845BBE16B19F68033E14E3C7F60EB480FD521E3D2063854CF07A79A,"CREATE UNIQUE NONCLUSTERED INDEX [UQ_ReportNode_Project_Level_Parent_DisplayName] ON [warroom].[ReportNode] ([ProjectId] ASC, [LevelNo] ASC, [ParentNodeId] ASC, [DisplayName] ASC) WITH  (      PAD_INDEX = OFF,      FILLFACTOR = 0,      IGNORE_DUP_KEY = OFF,      ALLOW_ROW_LOCKS = ON,      ALLOW_PAGE_LOCKS = ON  );  GO"
3057,INDEX,warroom,ReportNode.UQ_ReportNode_Project_SqlKey,8F5B18B1036F75A55E5BABDD19F146BF8293DD11E68905A59F73B9A83EAB1090,"CREATE UNIQUE NONCLUSTERED INDEX [UQ_ReportNode_Project_SqlKey] ON [warroom].[ReportNode] ([ProjectId] ASC, [SqlKey] ASC) WHERE ([SqlKey] IS NOT NULL) WITH  (      PAD_INDEX = OFF,      FILLFACTOR = 0,      IGNORE_DUP_KEY = OFF,      ALLOW_ROW_LOCKS = ON,      ALLOW_PAGE_LOCKS = ON  );  GO"
3058,INDEX,warroom,ReportNode.UX_ReportNode_Project_GridKey_L3_Active,E3464F966F07580DA27E0CC699A5A29F13D57D8CAB0BE7B77705B7929FA1FC2C,"CREATE UNIQUE NONCLUSTERED INDEX [UX_ReportNode_Project_GridKey_L3_Active] ON [warroom].[ReportNode] ([ProjectId] ASC, [GridKey] ASC) WHERE ([LevelNo]=(3) AND [IsActive]=(1) AND [GridKey] IS NOT NULL) WITH  (      PAD_INDEX = OFF,      FILLFACTOR = 0,      IGNORE_DUP_KEY = OFF,      ALLOW_ROW_LOCKS = ON,      ALLOW_PAGE_LOCKS = ON  );  GO"
3059,INDEX,warroom,ReportNode.UX_ReportNode_Project_L1_DisplayName_Active,CB84E26E344B44CA79F12D1EF1EEBD33B94E42C24D35093D3B96B7488E94AB65,"CREATE UNIQUE NONCLUSTERED INDEX [UX_ReportNode_Project_L1_DisplayName_Active] ON [warroom].[ReportNode] ([ProjectId] ASC, [DisplayName] ASC) WHERE ([LevelNo]=(1) AND [IsActive]=(1)) WITH  (      PAD_INDEX = OFF,      FILLFACTOR = 0,      IGNORE_DUP_KEY = OFF,      ALLOW_ROW_LOCKS = ON,      ALLOW_PAGE_LOCKS = ON  );  GO"
3060,INDEX,warroom,ReportNode.UX_ReportNode_Project_Level_Parent_Display,2E600DAFCCC138BB206A9CDAD9DD52B0744AC397A0B1A14B0BA2CCCF0913DD15,"CREATE UNIQUE NONCLUSTERED INDEX [UX_ReportNode_Project_Level_Parent_Display] ON [warroom].[ReportNode] ([ProjectId] ASC, [LevelNo] ASC, [ParentNodeId] ASC, [DisplayName] ASC) WITH  (      PAD_INDEX = OFF,      FILLFACTOR = 0,      IGNORE_DUP_KEY = OFF,      ALLOW_ROW_LOCKS = ON,      ALLOW_PAGE_LOCKS = ON  );  GO"
3061,INDEX,warroom,ReportNode.UX_ReportNode_Project_Parent_DisplayName_Active,8C06B3966589C45FC98A38CFACAB54719E50ADD5BFFE793C291F216E46FB2D31,"CREATE UNIQUE NONCLUSTERED INDEX [UX_ReportNode_Project_Parent_DisplayName_Active] ON [warroom].[ReportNode] ([ProjectId] ASC, [ParentNodeId] ASC, [DisplayName] ASC, [LevelNo] ASC) WHERE ([IsActive]=(1)) WITH  (      PAD_INDEX = OFF,      FILLFACTOR = 0,      IGNORE_DUP_KEY = OFF,      ALLOW_ROW_LOCKS = ON,      ALLOW_PAGE_LOCKS = ON  );  GO"
3062,INDEX,warroom,ReportNode.UX_ReportNode_Project_Parent_DisplayName_Level_Active,2594FC1CFFC695CB8B5E1798EDAFC5CEEB02C601E9CC50E0FAD40C5E2759FA66,"CREATE UNIQUE NONCLUSTERED INDEX [UX_ReportNode_Project_Parent_DisplayName_Level_Active] ON [warroom].[ReportNode] ([ProjectId] ASC, [ParentNodeId] ASC, [DisplayName] ASC, [LevelNo] ASC) WHERE ([IsActive]=(1)) WITH  (      PAD_INDEX = OFF,      FILLFACTOR = 0,      IGNORE_DUP_KEY = OFF,      ALLOW_ROW_LOCKS = ON,      ALLOW_PAGE_LOCKS = ON  );  GO"
3063,INDEX,warroom,ReportNode.UX_ReportNode_Project_SqlKey_L3_Active,3800075F2B256667230158268899FD9AB0BB11708A23ED379D091E6035097EC2,"CREATE UNIQUE NONCLUSTERED INDEX [UX_ReportNode_Project_SqlKey_L3_Active] ON [warroom].[ReportNode] ([ProjectId] ASC, [SqlKey] ASC) WHERE ([LevelNo]=(3) AND [IsActive]=(1) AND [SqlKey] IS NOT NULL) WITH  (      PAD_INDEX = OFF,      FILLFACTOR = 0,      IGNORE_DUP_KEY = OFF,      ALLOW_ROW_LOCKS = ON,      ALLOW_PAGE_LOCKS = ON  );  GO"
3064,INDEX,warroom,ReportNodeSnapshot.IX_ReportNodeSnapshot_Project_Version,383C3E8F26739476840643CAFB9AD3E72AC85FC930E6BF8F8B46214D96BE25D9,"CREATE NONCLUSTERED INDEX [IX_ReportNodeSnapshot_Project_Version] ON [warroom].[ReportNodeSnapshot] ([ProjectId] ASC, [VersionId] ASC, [LevelNo] ASC, [ParentNodeId] ASC) WITH  (      PAD_INDEX = OFF,      FILLFACTOR = 0,      IGNORE_DUP_KEY = OFF,      ALLOW_ROW_LOCKS = ON,      ALLOW_PAGE_LOCKS = ON  );  GO"
3065,INDEX,warroom,SubsystemMilestone.IX_SubsystemMilestone_Project_Dates,0CAA90189C64438901DB9422F451AC1EE955B48EE0B500B74CF4EB12CFE11795,"CREATE NONCLUSTERED INDEX [IX_SubsystemMilestone_Project_Dates] ON [warroom].[SubsystemMilestone] ([ProjectId] ASC, [PlannedDate] ASC, [ForecastDate] ASC, [ActualDate] ASC) WITH  (      PAD_INDEX = OFF,      FILLFACTOR = 0,      IGNORE_DUP_KEY = OFF,      ALLOW_ROW_LOCKS = ON,      ALLOW_PAGE_LOCKS = ON  );  GO"
3066,INDEX,warroom,SubsystemMilestone.UX_SubsystemMilestone_Project_Subsystem,E19961820DCCA5B99868A4F91B9373E22FB3F83256C5DCE220F9A6FD7B3D8BF9,"CREATE UNIQUE NONCLUSTERED INDEX [UX_SubsystemMilestone_Project_Subsystem] ON [warroom].[SubsystemMilestone] ([ProjectId] ASC, [SubsystemCode] ASC) WITH  (      PAD_INDEX = OFF,      FILLFACTOR = 0,      IGNORE_DUP_KEY = OFF,      ALLOW_ROW_LOCKS = ON,      ALLOW_PAGE_LOCKS = ON  );  GO"
3067,INDEX,warroom,TaskComment.IX_TaskComment_Project_Task_Deleted_CreatedOn,7A9749BCA7DE9B177F470D4BA9D704286E3C7853385A0D9281B26E4E65F8E343,"CREATE NONCLUSTERED INDEX [IX_TaskComment_Project_Task_Deleted_CreatedOn] ON [warroom].[TaskComment] ([ProjectId] ASC, [TaskId] ASC, [IsDeleted] ASC, [CreatedOn] DESC) INCLUDE ([CommentText], [CommentType], [CreatedByEmail], [CreatedByName], [ModifiedOn], [ModifiedByEmail]) WITH  (      PAD_INDEX = OFF,      FILLFACTOR = 0,      IGNORE_DUP_KEY = OFF,      ALLOW_ROW_LOCKS = ON,      ALLOW_PAGE_LOCKS = ON  );  GO"
3068,INDEX,warroom,TaskCustom.IX_TaskCustom_Project_Task,7870A502FA9E69D984CBFD669897D9185C90E77AA21F3F0C1F13F6FD73E3EA40,"CREATE NONCLUSTERED INDEX [IX_TaskCustom_Project_Task] ON [warroom].[TaskCustom] ([ProjectId] ASC, [TaskId] ASC) WITH  (      PAD_INDEX = OFF,      FILLFACTOR = 0,      IGNORE_DUP_KEY = OFF,      ALLOW_ROW_LOCKS = ON,      ALLOW_PAGE_LOCKS = ON  );  GO"
3069,INDEX,warroom,Users.UX_Users_LoginEmail,49E73F90922F7F766A1DD2AD959E14E2BF49DFDFAD5F1C0056473E0965C1E418,"CREATE UNIQUE NONCLUSTERED INDEX [UX_Users_LoginEmail] ON [warroom].[Users] ([LoginEmail] ASC) WITH  (      PAD_INDEX = OFF,      FILLFACTOR = 0,      IGNORE_DUP_KEY = OFF,      ALLOW_ROW_LOCKS = ON,      ALLOW_PAGE_LOCKS = ON  );  GO"
4001,STORED_PROCEDURE,warroom,usp_ActivityLog_Insert,006515F9A4A391C5023101152F1B9907D821897EA5DC9A3D8FC22D6F4AB9A651,"SET ANSI_NULLS ON;  GO  SET QUOTED_IDENTIFIER ON;  GO      CREATE   PROCEDURE warroom.usp_ActivityLog_Insert  (      @ProjectId BIGINT,      @EntityType NVARCHAR(50),      @EntityId NVARCHAR(255),      @EventType NVARCHAR(100),        @Title NVARCHAR(500) = NULL,      @Description NVARCHAR(MAX) = NULL,        @OldValue NVARCHAR(MAX) = NULL,      @NewValue NVARCHAR(MAX) = NULL,        @Severity NVARCHAR(20) = NULL,        @SubsystemCode NVARCHAR(255) = NULL,      @Discipline NVARCHAR(255) = NULL,      @Owner NVARCHAR(255) = NULL,        @ChangedBy NVARCHAR(255) = NULL,      @MetadataJson NVARCHAR(MAX) = NULL  )  AS  BEGIN      SET NOCOUNT ON;      SET XACT_ABORT ON;        DECLARE @FinalSeverity NVARCHAR(20);        SELECT          @FinalSeverity = DefaultSeverity      FROM warroom.ActivityEventType      WHERE EventType = @EventType        AND IsActive = 1;        SET @FinalSeverity = COALESCE(@Severity, @FinalSeverity, 'NORMAL');        IF @ProjectId IS NULL      BEGIN          THROW 51000, 'ProjectId is required for ActivityLog.', 1;      END;        IF NULLIF(LTRIM(RTRIM(@EntityType)), '') IS NULL      BEGIN          THROW 51001, 'EntityType is required for ActivityLog.', 1;      END;        IF NULLIF(LTRIM(RTRIM(@EntityId)), '') IS NULL      BEGIN          THROW 51002, 'EntityId is required for ActivityLog.', 1;      END;        IF NULLIF(LTRIM(RTRIM(@EventType)), '') IS NULL      BEGIN          THROW 51003, 'EventType is required for ActivityLog.', 1;      END;        INSERT INTO warroom.ActivityLog      (          ProjectId,          EntityType,          EntityId,          EventType,          Title,          Description,          OldValue,          NewValue,          Severity,          SubsystemCode,          Discipline,          Owner,          ChangedBy,          ChangedAt,          MetadataJson      )      VALUES      (          @ProjectId,          @EntityType,          @EntityId,          @EventType,          @Title,          @Description,          @OldValue,          @NewValue,          @FinalSeverity,          @SubsystemCode,          @Discipline,          @Owner,          @ChangedBy,          SYSUTCDATETIME(),          @MetadataJson      );        SELECT          CAST(1 AS BIT) AS Success,          CONVERT(BIGINT, SCOPE_IDENTITY()) AS ActivityLogId;  END;  GO"
4002,STORED_PROCEDURE,warroom,usp_AddPunchComment,86136C9D4F1D9FA766A47F60844E8797BD78AF73B03511C4952C6649882F247D,"SET ANSI_NULLS ON;  GO  SET QUOTED_IDENTIFIER ON;  GO        CREATE   PROCEDURE warroom.usp_AddPunchComment  (      @ProjectId BIGINT,      @PunchId INT,      @CommentText NVARCHAR(MAX),      @CommentType NVARCHAR(50) = NULL,      @CreatedByEmail NVARCHAR(256),      @CreatedByName  NVARCHAR(256) = NULL  )  AS  BEGIN      SET NOCOUNT ON;        SET @CommentText = NULLIF(LTRIM(RTRIM(@CommentText)), '');      SET @CommentType = NULLIF(LTRIM(RTRIM(@CommentType)), '');        IF @CommentText IS NULL      BEGIN          RAISERROR('CommentText cannot be empty.', 16, 1);          RETURN;      END        INSERT INTO warroom.PunchComment      (          ProjectId, PunchId, CommentText, CommentType, IsDeleted,          CreatedByEmail, CreatedByName, CreatedOn,          ModifiedByEmail, ModifiedOn      )      VALUES      (          @ProjectId, @PunchId, @CommentText, @CommentType, 0,          @CreatedByEmail, @CreatedByName, SYSUTCDATETIME(),          @CreatedByEmail, SYSUTCDATETIME()      );        SELECT SCOPE_IDENTITY() AS NewCommentId;  END;    GO"
4003,STORED_PROCEDURE,warroom,usp_AddTaskComment,1468C7639D9C4E51703767FB5973B49FFAB6870AFBC5B6A7DEF1B490CEFFF4F0,"SET ANSI_NULLS ON;  GO  SET QUOTED_IDENTIFIER ON;  GO      CREATE   PROCEDURE warroom.usp_AddTaskComment  (      @ProjectId BIGINT,      @TaskId INT,      @CommentText NVARCHAR(MAX),      @CommentType NVARCHAR(50) = NULL,      @CreatedByEmail NVARCHAR(256),      @CreatedByName  NVARCHAR(256) = NULL  )  AS  BEGIN      SET NOCOUNT ON;        SET @CommentText = NULLIF(LTRIM(RTRIM(@CommentText)), '');      SET @CommentType = NULLIF(LTRIM(RTRIM(@CommentType)), '');        IF @CommentText IS NULL      BEGIN          RAISERROR('CommentText cannot be empty.', 16, 1);          RETURN;      END        INSERT INTO warroom.TaskComment      (          ProjectId, TaskId, CommentText, CommentType, IsDeleted,          CreatedByEmail, CreatedByName, CreatedOn,          ModifiedByEmail, ModifiedOn      )      VALUES      (          @ProjectId, @TaskId, @CommentText, @CommentType, 0,          @CreatedByEmail, @CreatedByName, SYSUTCDATETIME(),          @CreatedByEmail, SYSUTCDATETIME()      );        SELECT SCOPE_IDENTITY() AS NewCommentId;  END;    GO"
4004,STORED_PROCEDURE,warroom,usp_Admin_Roles_Get,B5B1B1BDCAD5411BB72213729E9730AF1055F74893F8A67B3BF0AFB8303A466B,"SET ANSI_NULLS ON;  GO  SET QUOTED_IDENTIFIER ON;  GO      CREATE   PROCEDURE warroom.usp_Admin_Roles_Get  AS  BEGIN      SET NOCOUNT ON;        SELECT          RoleId,          RoleCode,          RoleName,          Description,          SortOrder      FROM warroom.Roles      WHERE IsActive = 1      ORDER BY SortOrder;  END;    GO"
4005,STORED_PROCEDURE,warroom,usp_Admin_User_Upsert,870E6AFFDA7BC7948A079E57393B07A5FEEF8F6F48FB02BC86C2F3C5B3F20FB7,"SET ANSI_NULLS ON;  GO  SET QUOTED_IDENTIFIER ON;  GO      CREATE   PROCEDURE warroom.usp_Admin_User_Upsert  (      @Email NVARCHAR(255),      @LoginEmail NVARCHAR(255),      @DisplayName NVARCHAR(255),      @IsActive BIT = 1,      @Username NVARCHAR(255)  )  AS  BEGIN      SET NOCOUNT ON;        SET @Email = LOWER(LTRIM(RTRIM(@Email)));      SET @LoginEmail = LOWER(LTRIM(RTRIM(@LoginEmail)));        IF EXISTS (SELECT 1 FROM warroom.Users WHERE LoginEmail = @LoginEmail)      BEGIN          UPDATE warroom.Users          SET              Email = @Email,              DisplayName = @DisplayName,              IsActive = @IsActive,              UpdatedAt = SYSUTCDATETIME(),              UpdatedBy = @Username          WHERE LoginEmail = @LoginEmail;      END      ELSE      BEGIN          INSERT INTO warroom.Users          (              Email,              LoginEmail,              DisplayName,              IsActive,              CreatedBy          )          VALUES          (              @Email,              @LoginEmail,              @DisplayName,              @IsActive,              @Username          );      END        SELECT          Success = 1,          Message = 'User saved successfully.';  END;    GO"
4006,STORED_PROCEDURE,warroom,usp_Admin_UserProjectRole_Upsert,77D1C0010650EB338065679CE9C9FA5497DBE170DB17BD65B625C3D246CAFB72,"SET ANSI_NULLS ON;  GO  SET QUOTED_IDENTIFIER ON;  GO    CREATE   PROCEDURE warroom.usp_Admin_UserProjectRole_Upsert  (      @LoginEmail NVARCHAR(255),      @ProjectId BIGINT,      @RoleCode NVARCHAR(50),      @IsActive BIT = 1,      @Username NVARCHAR(255)  )  AS  BEGIN      SET NOCOUNT ON;        DECLARE @UserId BIGINT;      DECLARE @RoleId INT;        SET @LoginEmail = LOWER(LTRIM(RTRIM(@LoginEmail)));      SET @RoleCode = UPPER(LTRIM(RTRIM(@RoleCode)));        SELECT @UserId = UserId      FROM warroom.Users      WHERE LoginEmail = @LoginEmail;        SELECT @RoleId = RoleId      FROM warroom.Roles      WHERE RoleCode = @RoleCode        AND IsActive = 1;        IF @UserId IS NULL      BEGIN          SELECT Success = 0, Message = 'User not found.';          RETURN;      END;        IF @RoleId IS NULL      BEGIN          SELECT Success = 0, Message = 'Role not found.';          RETURN;      END;        IF EXISTS      (          SELECT 1          FROM warroom.UserProjectRoles          WHERE UserId = @UserId            AND ProjectId = @ProjectId            AND RoleId = @RoleId      )      BEGIN          UPDATE warroom.UserProjectRoles          SET              IsActive = @IsActive,              UpdatedAt = SYSUTCDATETIME(),              UpdatedBy = @Username          WHERE UserId = @UserId            AND ProjectId = @ProjectId            AND RoleId = @RoleId;      END      ELSE      BEGIN          INSERT INTO warroom.UserProjectRoles          (              UserId,              ProjectId,              RoleId,              IsActive,              CreatedBy          )          VALUES          (              @UserId,              @ProjectId,              @RoleId,              @IsActive,              @Username          );      END;        SELECT          Success = 1,          Message = 'User role saved successfully.';  END;    GO"
4007,STORED_PROCEDURE,warroom,usp_Admin_Users_Get,90786785409BE7124570C32DD70A4412C76BCF9341A61B66A356D26188ADE7FE,"SET ANSI_NULLS ON;  GO  SET QUOTED_IDENTIFIER ON;  GO      CREATE   PROCEDURE warroom.usp_Admin_Users_Get  (      @ProjectId BIGINT = NULL  )  AS  BEGIN      SET NOCOUNT ON;        SELECT          u.UserId,          u.Email,          u.LoginEmail,          u.DisplayName,          u.IsActive AS UserIsActive,          upr.UserProjectRoleId,          upr.ProjectId,          r.RoleId,          r.RoleCode,          r.RoleName,          upr.IsActive AS RoleIsActive      FROM warroom.Users u      LEFT JOIN warroom.UserProjectRoles upr          ON upr.UserId = u.UserId         AND (@ProjectId IS NULL OR upr.ProjectId = @ProjectId)      LEFT JOIN warroom.Roles r          ON r.RoleId = upr.RoleId      ORDER BY          u.DisplayName,          r.SortOrder;  END;    GO"
4008,STORED_PROCEDURE,warroom,usp_AttentionQueue_Add,AA7175DC86F815C69D091DE4EA367F30A0385D48686C106828818328C5FAE923,"SET ANSI_NULLS ON;  GO  SET QUOTED_IDENTIFIER ON;  GO  CREATE   PROCEDURE warroom.usp_AttentionQueue_Add  (      @ProjectId BIGINT,      @SubsystemCode NVARCHAR(255),      @AttentionReason NVARCHAR(1000) = NULL,      @AttentionCategory NVARCHAR(100) = NULL,      @Username NVARCHAR(255) = NULL  )  AS  BEGIN      SET NOCOUNT ON;      SET XACT_ABORT ON;        BEGIN TRY          BEGIN TRAN;            DECLARE @MaxActiveItems INT;          DECLARE @CurrentCount INT;          DECLARE @NewRank INT;            SELECT @MaxActiveItems = MaxActiveItems          FROM warroom.OperationalAttentionQueueSettings          WHERE ProjectId = @ProjectId;            SET @MaxActiveItems = ISNULL(@MaxActiveItems, 20);            SELECT @CurrentCount = COUNT(*)          FROM warroom.OperationalAttentionQueue          WHERE ProjectId = @ProjectId            AND IsActive = 1;            IF @CurrentCount >= @MaxActiveItems          BEGIN              THROW 51000, 'Attention Queue capacity reached.', 1;          END;            IF EXISTS          (              SELECT 1              FROM warroom.OperationalAttentionQueue              WHERE ProjectId = @ProjectId                AND SubsystemCode = @SubsystemCode                AND IsActive = 1          )          BEGIN              THROW 51001, 'Subsystem is already in the Attention Queue.', 1;          END;            SELECT @NewRank = ISNULL(MAX(QueueRank), 0) + 1          FROM warroom.OperationalAttentionQueue          WHERE ProjectId = @ProjectId            AND IsActive = 1;            INSERT INTO warroom.OperationalAttentionQueue          (              ProjectId,              SubsystemCode,              QueueRank,              AttentionReason,              AttentionCategory,              CreatedBy          )          VALUES          (              @ProjectId,              @SubsystemCode,              @NewRank,              @AttentionReason,              @AttentionCategory,              @Username          );            DECLARE @QueueItemId BIGINT = SCOPE_IDENTITY();            INSERT INTO warroom.OperationalAttentionQueueHistory          (              QueueItemId,              ProjectId,              SubsystemCode,              ActionType,              OldRank,              NewRank,              NewReason,              ChangedBy          )          VALUES          (              @QueueItemId,              @ProjectId,              @SubsystemCode,              'ADD',              NULL,              @NewRank,              @AttentionReason,              @Username          );            COMMIT;            SELECT              CAST(1 AS BIT) AS Success,              @QueueItemId AS QueueItemId,              @NewRank AS QueueRank,              'Subsystem added to Attention Queue.' AS Message;      END TRY      BEGIN CATCH          IF @@TRANCOUNT > 0 ROLLBACK;            SELECT              CAST(0 AS BIT) AS Success,              NULL AS QueueItemId,              NULL AS QueueRank,              ERROR_MESSAGE() AS Message;      END CATCH  END;  GO"
4009,STORED_PROCEDURE,warroom,usp_AttentionQueue_GetActive,4CE7CE8E0BA253A88CC43AB136DF2D42D015706EE569576B30C3F4C5C6F321ED,"SET ANSI_NULLS ON;  GO  SET QUOTED_IDENTIFIER ON;  GO        CREATE   PROCEDURE warroom.usp_AttentionQueue_GetActive  (      @ProjectId BIGINT  )  AS  BEGIN      SET NOCOUNT ON;        SELECT          q.QueueItemId,          q.ProjectId,          q.SubsystemCode,          q.QueueRank,          q.AttentionReason,          q.AttentionCategory,          q.CreatedBy,          q.CreatedOn,          q.UpdatedBy,          q.UpdatedOn      FROM warroom.OperationalAttentionQueue q      WHERE q.ProjectId = @ProjectId        AND q.IsActive = 1      ORDER BY q.QueueRank;  END;  GO"
4010,STORED_PROCEDURE,warroom,usp_AttentionQueue_GetHistory,BCF063F356905DCBF4A56B6844FF586D7F7D6556C3C21646F5AB6BF90B4FD221,"SET ANSI_NULLS ON;  GO  SET QUOTED_IDENTIFIER ON;  GO  CREATE   PROCEDURE warroom.usp_AttentionQueue_GetHistory  (      @ProjectId BIGINT,      @Top INT = 50  )  AS  BEGIN      SET NOCOUNT ON;        SELECT TOP (@Top)          HistoryId,          QueueItemId,          ProjectId,          SubsystemCode,          ActionType,          OldRank,          NewRank,          OldReason,          NewReason,          ChangedBy,          ChangedOn      FROM warroom.OperationalAttentionQueueHistory      WHERE ProjectId = @ProjectId      ORDER BY ChangedOn DESC;  END;  GO"
4011,STORED_PROCEDURE,warroom,usp_AttentionQueue_Move,090B0F4284C283DDAC906E38FC867D59E0DC42FA070EFBADA355523CAD2F905C,"SET ANSI_NULLS ON;  GO  SET QUOTED_IDENTIFIER ON;  GO    CREATE   PROCEDURE warroom.usp_AttentionQueue_Move  (      @ProjectId BIGINT,      @QueueItemId BIGINT,      @Direction NVARCHAR(20),      @Username NVARCHAR(255) = NULL  )  AS  BEGIN      SET NOCOUNT ON;      SET XACT_ABORT ON;        BEGIN TRY          BEGIN TRAN;            DECLARE @CurrentRank INT;          DECLARE @TargetRank INT;          DECLARE @SubsystemCode NVARCHAR(255);          DECLARE @TargetQueueItemId BIGINT;            SELECT              @CurrentRank = QueueRank,              @SubsystemCode = SubsystemCode          FROM warroom.OperationalAttentionQueue          WHERE QueueItemId = @QueueItemId            AND ProjectId = @ProjectId            AND IsActive = 1;            IF @CurrentRank IS NULL          BEGIN              THROW 51002, 'Queue item not found.', 1;          END;            IF @Direction = 'UP'              SET @TargetRank = @CurrentRank - 1;          ELSE IF @Direction = 'DOWN'              SET @TargetRank = @CurrentRank + 1;          ELSE              THROW 51003, 'Invalid direction.', 1;            SELECT @TargetQueueItemId = QueueItemId          FROM warroom.OperationalAttentionQueue          WHERE ProjectId = @ProjectId            AND IsActive = 1            AND QueueRank = @TargetRank;            IF @TargetQueueItemId IS NULL          BEGIN              COMMIT;                SELECT                  CAST(1 AS BIT) AS Success,                  'No movement required.' AS Message;                RETURN;          END;            UPDATE warroom.OperationalAttentionQueue          SET QueueRank = -1,              UpdatedBy = @Username,              UpdatedOn = SYSUTCDATETIME()          WHERE QueueItemId = @QueueItemId;            UPDATE warroom.OperationalAttentionQueue          SET QueueRank = @CurrentRank,              UpdatedBy = @Username,              UpdatedOn = SYSUTCDATETIME()          WHERE QueueItemId = @TargetQueueItemId;            UPDATE warroom.OperationalAttentionQueue          SET QueueRank = @TargetRank,              UpdatedBy = @Username,              UpdatedOn = SYSUTCDATETIME()          WHERE QueueItemId = @QueueItemId;            INSERT INTO warroom.OperationalAttentionQueueHistory          (              QueueItemId,              ProjectId,              SubsystemCode,              ActionType,              OldRank,              NewRank,              ChangedBy          )          VALUES          (              @QueueItemId,              @ProjectId,              @SubsystemCode,              CASE WHEN @Direction = 'UP' THEN 'MOVE_UP' ELSE 'MOVE_DOWN' END,              @CurrentRank,              @TargetRank,              @Username          );            COMMIT;            SELECT              CAST(1 AS BIT) AS Success,              'Queue item moved.' AS Message;      END TRY      BEGIN CATCH          IF @@TRANCOUNT > 0 ROLLBACK;            SELECT              CAST(0 AS BIT) AS Success,              ERROR_MESSAGE() AS Message;      END CATCH  END;  GO"
4012,STORED_PROCEDURE,warroom,usp_AttentionQueue_Remove,63F67552D95C83DE6FD035AAC0DF7167B02EFF03C2404611E4A1BC398EE5ED8E,"SET ANSI_NULLS ON;  GO  SET QUOTED_IDENTIFIER ON;  GO  CREATE   PROCEDURE warroom.usp_AttentionQueue_Remove  (      @ProjectId BIGINT,      @QueueItemId BIGINT,      @CloseReason NVARCHAR(1000) = NULL,      @Username NVARCHAR(255) = NULL  )  AS  BEGIN      SET NOCOUNT ON;      SET XACT_ABORT ON;        BEGIN TRY          BEGIN TRAN;            DECLARE @OldRank INT;          DECLARE @SubsystemCode NVARCHAR(255);            SELECT              @OldRank = QueueRank,              @SubsystemCode = SubsystemCode          FROM warroom.OperationalAttentionQueue          WHERE QueueItemId = @QueueItemId            AND ProjectId = @ProjectId            AND IsActive = 1;            IF @OldRank IS NULL          BEGIN              THROW 51004, 'Queue item not found.', 1;          END;            UPDATE warroom.OperationalAttentionQueue          SET              IsActive = 0,              ClosedBy = @Username,              ClosedOn = SYSUTCDATETIME(),              CloseReason = @CloseReason,              UpdatedBy = @Username,              UpdatedOn = SYSUTCDATETIME()          WHERE QueueItemId = @QueueItemId;            UPDATE warroom.OperationalAttentionQueue          SET QueueRank = QueueRank - 1,              UpdatedBy = @Username,              UpdatedOn = SYSUTCDATETIME()          WHERE ProjectId = @ProjectId            AND IsActive = 1            AND QueueRank > @OldRank;            INSERT INTO warroom.OperationalAttentionQueueHistory          (              QueueItemId,              ProjectId,              SubsystemCode,              ActionType,              OldRank,              NewRank,              ChangedBy          )          VALUES          (              @QueueItemId,              @ProjectId,              @SubsystemCode,              'REMOVE',              @OldRank,              NULL,              @Username          );            COMMIT;            SELECT              CAST(1 AS BIT) AS Success,              'Subsystem removed from Attention Queue.' AS Message;      END TRY      BEGIN CATCH          IF @@TRANCOUNT > 0 ROLLBACK;            SELECT              CAST(0 AS BIT) AS Success,              ERROR_MESSAGE() AS Message;      END CATCH  END;  GO"
4013,STORED_PROCEDURE,warroom,usp_AttentionQueue_SearchSubsystems,A18C2DFC6925AE13329ECE597FD23E140A652DB67566FC876767B3C5AA756764,"SET ANSI_NULLS ON;  GO  SET QUOTED_IDENTIFIER ON;  GO  CREATE   PROCEDURE warroom.usp_AttentionQueue_SearchSubsystems  (      @ProjectId BIGINT,      @SearchText NVARCHAR(255) = NULL,      @Discipline NVARCHAR(255) = NULL,      @OnlyNotInQueue BIT = 0  )  AS  BEGIN      SET NOCOUNT ON;        DECLARE @Search NVARCHAR(255);        SET @Search =          CASE              WHEN @SearchText IS NULL THEN NULL              WHEN LTRIM(RTRIM(@SearchText)) = '' THEN NULL              ELSE LTRIM(RTRIM(@SearchText))          END;        /*          IMPORTANTE:          Sustituir esta CTE por la fuente real de subsistemas de WarRoom.          Puede venir de Operations, Tasks, Report Scope o tabla maestra.      */        ;WITH Subsystems AS      (          SELECT DISTINCT              t.SubsystemCode,              t.ElementDiscipline AS Discipline          FROM warroom.YourCurrentOperationsSource t          WHERE t.ProjectId = @ProjectId            AND t.SubsystemCode IS NOT NULL      ),      Queue AS      (          SELECT              ProjectId,              SubsystemCode,              QueueRank          FROM warroom.OperationalAttentionQueue          WHERE ProjectId = @ProjectId            AND IsActive = 1      )      SELECT          s.SubsystemCode,          s.Discipline,          CAST(NULL AS DECIMAL(5,2)) AS ProgressPct,          CAST(NULL AS INT) AS OpenPunches,          CAST(NULL AS INT) AS OverdueTasks,          CASE              WHEN q.QueueRank IS NULL THEN CAST(0 AS BIT)              ELSE CAST(1 AS BIT)          END AS IsInQueue,          q.QueueRank      FROM Subsystems s      LEFT JOIN Queue q          ON q.ProjectId = @ProjectId         AND q.SubsystemCode = s.SubsystemCode      WHERE          (@Search IS NULL OR s.SubsystemCode LIKE '%' + @Search + '%')          AND (@Discipline IS NULL OR @Discipline = '' OR s.Discipline = @Discipline)          AND (@OnlyNotInQueue = 0 OR q.QueueRank IS NULL)      ORDER BY          CASE WHEN q.QueueRank IS NULL THEN 999999 ELSE q.QueueRank END,          s.SubsystemCode;  END;  GO"
4014,STORED_PROCEDURE,warroom,usp_AttentionQueue_UpdateReason,4A290F2AE096638D170A2363E1A92E638FCDBF2339AEFAE4F27103273BB1F7B3,"SET ANSI_NULLS ON;  GO  SET QUOTED_IDENTIFIER ON;  GO  CREATE   PROCEDURE warroom.usp_AttentionQueue_UpdateReason  (      @ProjectId BIGINT,      @QueueItemId BIGINT,      @AttentionReason NVARCHAR(1000),      @AttentionCategory NVARCHAR(100) = NULL,      @Username NVARCHAR(255) = NULL  )  AS  BEGIN      SET NOCOUNT ON;      SET XACT_ABORT ON;        BEGIN TRY          DECLARE @OldReason NVARCHAR(1000);          DECLARE @SubsystemCode NVARCHAR(255);          DECLARE @CurrentRank INT;            SELECT              @OldReason = AttentionReason,              @SubsystemCode = SubsystemCode,              @CurrentRank = QueueRank          FROM warroom.OperationalAttentionQueue          WHERE QueueItemId = @QueueItemId            AND ProjectId = @ProjectId            AND IsActive = 1;            IF @SubsystemCode IS NULL          BEGIN              THROW 51005, 'Queue item not found.', 1;          END;            UPDATE warroom.OperationalAttentionQueue          SET              AttentionReason = @AttentionReason,              AttentionCategory = @AttentionCategory,              UpdatedBy = @Username,              UpdatedOn = SYSUTCDATETIME()          WHERE QueueItemId = @QueueItemId;            INSERT INTO warroom.OperationalAttentionQueueHistory          (              QueueItemId,              ProjectId,              SubsystemCode,              ActionType,              OldRank,              NewRank,              OldReason,              NewReason,              ChangedBy          )          VALUES          (              @QueueItemId,              @ProjectId,              @SubsystemCode,              'UPDATE_REASON',              @CurrentRank,              @CurrentRank,              @OldReason,              @AttentionReason,              @Username          );            SELECT              CAST(1 AS BIT) AS Success,              'Attention reason updated.' AS Message;      END TRY      BEGIN CATCH          SELECT              CAST(0 AS BIT) AS Success,              ERROR_MESSAGE() AS Message;      END CATCH  END;  GO"
4015,STORED_PROCEDURE,warroom,usp_CompletePunchExportBatch,5C126452AE55640BD8BE559D7B3746158DEE9DD0B712C2460AFFA4DA9342402A,"SET ANSI_NULLS ON;  GO  SET QUOTED_IDENTIFIER ON;  GO    /* ==========================================================================     2. COMPLETAR SNAPSHOT DE EXPORTACI�N     ========================================================================== */    CREATE   PROCEDURE [warroom].[usp_CompletePunchExportBatch]      @PunchExportLogId bigint,      @FileName         nvarchar(260),      @RowCount         int  AS  BEGIN      SET NOCOUNT ON;      SET XACT_ABORT ON;        BEGIN TRY          /* ------------------------------------------------------------------             1. Validaci�n de par�metros             ------------------------------------------------------------------ */            IF @PunchExportLogId IS NULL OR @PunchExportLogId <= 0              THROW 51020, 'PunchExportLogId must be a positive integer.', 1;            SET @FileName =              NULLIF(LTRIM(RTRIM(@FileName)), N'');            IF @FileName IS NULL              THROW 51021, 'FileName is required.', 1;            IF @RowCount IS NULL OR @RowCount <= 0              THROW 51022, 'RowCount must be positive.', 1;            /* ------------------------------------------------------------------             2. Recuperar el ExportBatchId t�cnico             ------------------------------------------------------------------ */            BEGIN TRANSACTION;            DECLARE @ExportBatchId uniqueidentifier;          DECLARE @StoredRows int;          DECLARE @Status varchar(20);            SELECT              @ExportBatchId = ExportBatchId,              @StoredRows = [RowCount],              @Status = Status          FROM [warroom].[ExportBatch] WITH (UPDLOCK, HOLDLOCK)          WHERE PunchExportLogId = @PunchExportLogId;            IF @ExportBatchId IS NULL              THROW 51023, 'The export batch snapshot does not exist.', 1;            /* ------------------------------------------------------------------             3. Validaci�n de consistencia             ------------------------------------------------------------------ */            IF @StoredRows <> @RowCount             OR             (                 SELECT COUNT(*)                 FROM [warroom].[ExportBatchRow]                 WHERE ExportBatchId = @ExportBatchId             ) <> @RowCount              THROW 51024, 'The completed export row count does not match its snapshot.', 1;            IF @Status NOT IN          (              'CREATED',              'READY'          )              THROW 51025, 'The export batch cannot transition to READY.', 1;            /* ------------------------------------------------------------------             4. Cambio de estado idempotente             ------------------------------------------------------------------ */            UPDATE [warroom].[ExportBatch]          SET              FileName = @FileName,              Status = 'READY'          WHERE ExportBatchId = @ExportBatchId            AND Status = 'CREATED';            COMMIT TRANSACTION;            SELECT              Success =                  CAST(1 AS bit),                ExportBatchId =                  @ExportBatchId,                PunchExportLogId =                  @PunchExportLogId,                Status =                  CAST('READY' AS varchar(20)),                [RowCount] =                  @RowCount,                WasAlreadyCompleted =                  CAST                  (                      CASE                          WHEN @Status = 'READY'                              THEN 1                          ELSE 0                      END                      AS bit                  );      END TRY      BEGIN CATCH          IF XACT_STATE() <> 0              ROLLBACK TRANSACTION;            THROW;      END CATCH;  END;    GO"
4016,STORED_PROCEDURE,warroom,usp_CustomBundle_GetJson,32AEB74C4006B957A7E8ECFEC64EB868A9DC11B1B5CEE1FEDE1FC2A48EA09E4F,"SET ANSI_NULLS ON;  GO  SET QUOTED_IDENTIFIER ON;  GO        CREATE PROCEDURE [warroom].[usp_CustomBundle_GetJson]      @ProjectId   INT,      @EntityType  VARCHAR(10),      @RecordId    INT  AS  BEGIN      SET NOCOUNT ON;        DECLARE @result NVARCHAR(MAX);        ;WITH defs AS      (          SELECT              d.FieldDefId,              d.ProjectId,              d.EntityType,              d.FieldKey,              d.Label,              d.FieldType,              d.HelpText,              d.IsRequired,              d.IsPinned,              d.IsActive,              d.SortOrder,              d.OptionsJson,              d.ModifiedOn,              d.ModifiedByEmail          FROM warroom.CustomFieldDef d          WHERE d.ProjectId = @ProjectId            AND d.EntityType = @EntityType            AND d.IsActive = 1      ),      vals AS      (          SELECT              v.ProjectId,              v.EntityType,              v.RecordId,              v.FieldKey,              v.ValueText,              v.ValueNumber,              v.ValueDate,              v.ValueBool,              v.ValueJson,              v.LastUpdatedOn,              v.LastUpdatedByEmail          FROM warroom.CustomFieldValue v          WHERE v.ProjectId = @ProjectId            AND v.EntityType = @EntityType            AND v.RecordId = @RecordId      ),      merged AS      (          SELECT              d.FieldKey,              d.Label,              d.FieldType,              d.HelpText,              d.IsRequired,              d.IsPinned,              d.SortOrder,              d.OptionsJson,              v.ValueText,              v.ValueNumber,              v.ValueDate,              v.ValueBool,              v.ValueJson,              v.LastUpdatedOn,              v.LastUpdatedByEmail          FROM defs d          LEFT JOIN vals v              ON v.FieldKey = d.FieldKey      )      SELECT @result =      (          SELECT              meta = JSON_QUERY(                  (                      SELECT                          @ProjectId AS ProjectId,                          @EntityType AS EntityType,                          @RecordId AS RecordId,                          SYSDATETIME() AS ServerTime                      FOR JSON PATH, WITHOUT_ARRAY_WRAPPER, INCLUDE_NULL_VALUES                  )              ),              defs = JSON_QUERY(                  (                      SELECT                          FieldDefId,                          ProjectId,                          EntityType,                          FieldKey,                          Label,                          FieldType,                          HelpText,                          IsRequired,                          IsPinned,                          IsActive,                          SortOrder,                          OptionsJson,                          ModifiedOn,                          ModifiedByEmail                      FROM defs                      ORDER BY IsPinned DESC, SortOrder ASC, Label ASC                      FOR JSON PATH, INCLUDE_NULL_VALUES                  )              ),              fieldValues = JSON_QUERY(                  (                      SELECT                          ProjectId,                          EntityType,                          RecordId,                          FieldKey,                          ValueText,                          ValueNumber,                          ValueDate,                          ValueBool,                          ValueJson,                          LastUpdatedOn,                          LastUpdatedByEmail                      FROM vals                      FOR JSON PATH, INCLUDE_NULL_VALUES                  )              ),              merged = JSON_QUERY(                  (                      SELECT                          FieldKey,                          Label,                          FieldType,                          HelpText,                          IsRequired,                          IsPinned,                          SortOrder,                          OptionsJson,                          ValueText,                          ValueNumber,                          ValueDate,                          ValueBool,                          ValueJson,                          LastUpdatedOn,                          LastUpdatedByEmail                      FROM merged                      ORDER BY IsPinned DESC, SortOrder ASC, Label ASC                      FOR JSON PATH, INCLUDE_NULL_VALUES                  )              )          FOR JSON PATH, WITHOUT_ARRAY_WRAPPER, INCLUDE_NULL_VALUES      );        SELECT @result AS result;  END    GO"
4017,STORED_PROCEDURE,warroom,usp_CustomField_List,0BF94B4E12879A380FA38F6064FA9019F9B07320016E560585334203BDFE3341,"SET ANSI_NULLS ON;  GO  SET QUOTED_IDENTIFIER ON;  GO    CREATE   PROCEDURE warroom.usp_CustomField_List      @ProjectId  INT,      @EntityType VARCHAR(10),      @IncludeInactive BIT = 0  AS  BEGIN      SET NOCOUNT ON;        SELECT          FieldDefId, ProjectId, EntityType, FieldKey, Label, FieldType, HelpText,          IsRequired, IsPinned, IsActive, SortOrder, OptionsJson,          CreatedOn, CreatedByEmail, ModifiedOn, ModifiedByEmail      FROM warroom.CustomFieldDef      WHERE ProjectId = @ProjectId        AND EntityType = @EntityType        AND (@IncludeInactive = 1 OR IsActive = 1)      ORDER BY IsPinned DESC, SortOrder ASC, Label ASC;  END    GO"
4018,STORED_PROCEDURE,warroom,usp_CustomField_ListJson,C110F7583CAC3E905F186B28EC0C95472987202C2B7280F0E163F6E441D04D0A,"SET ANSI_NULLS ON;  GO  SET QUOTED_IDENTIFIER ON;  GO      CREATE PROCEDURE [warroom].[usp_CustomField_ListJson]      @ProjectId       INT,      @EntityType      VARCHAR(10),      @IncludeInactive BIT = 0  AS  BEGIN      SET NOCOUNT ON;        SET @EntityType = UPPER(LTRIM(RTRIM(@EntityType)));        DECLARE @result NVARCHAR(MAX);        SELECT @result =      (          SELECT              meta = JSON_QUERY(                  (                      SELECT                          @ProjectId       AS ProjectId,                          @EntityType      AS EntityType,                          @IncludeInactive AS IncludeInactive,                          SYSDATETIME()    AS ServerTime                      FOR JSON PATH, WITHOUT_ARRAY_WRAPPER, INCLUDE_NULL_VALUES                  )              ),              defs = JSON_QUERY(                  (                      SELECT                          FieldDefId,                          ProjectId,                          EntityType,                          FieldKey,                          Label,                          FieldType,                          HelpText,                          IsRequired,                          IsPinned,                          IsActive,                          SortOrder,                          OptionsJson,                          IsFilterable,                          ShowInQuickFilters,                          FilterOrder,                          FilterMode,                          CreatedOn,                          CreatedByEmail,                          ModifiedOn,                          ModifiedByEmail                      FROM warroom.CustomFieldDef                      WHERE ProjectId = @ProjectId                        AND EntityType = @EntityType                        AND (@IncludeInactive = 1 OR IsActive = 1)                      ORDER BY                          IsPinned DESC,                          SortOrder ASC,                          Label ASC                      FOR JSON PATH, INCLUDE_NULL_VALUES                  )              )          FOR JSON PATH, WITHOUT_ARRAY_WRAPPER, INCLUDE_NULL_VALUES      );        SELECT @result AS result;  END  GO"
4019,STORED_PROCEDURE,warroom,usp_CustomField_Reorder,432F439B53A038B6B792CEEDA5046B02A8326D4A943F6B9E828C16BC50BE6986,"SET ANSI_NULLS ON;  GO  SET QUOTED_IDENTIFIER ON;  GO        CREATE   PROCEDURE warroom.usp_CustomField_Reorder      @ProjectId   INT,      @EntityType  VARCHAR(10),      @OrderJson   NVARCHAR(MAX),      @UserEmail   NVARCHAR(256) = NULL  AS  BEGIN      SET NOCOUNT ON;        IF ISJSON(@OrderJson) <> 1          THROW 50007, 'OrderJson must be valid JSON.', 1;        ;WITH src AS      (          SELECT              JSON_VALUE([value], '$.FieldKey') AS FieldKey,              TRY_CONVERT(INT, JSON_VALUE([value], '$.SortOrder')) AS SortOrder          FROM OPENJSON(@OrderJson)      )      UPDATE d      SET          d.SortOrder = s.SortOrder,          d.ModifiedOn = SYSDATETIME(),          d.ModifiedByEmail = @UserEmail      FROM warroom.CustomFieldDef d      INNER JOIN src s          ON s.FieldKey = d.FieldKey      WHERE d.ProjectId = @ProjectId        AND d.EntityType = @EntityType;        EXEC warroom.usp_CustomField_ListJson          @ProjectId = @ProjectId,          @EntityType = @EntityType,          @IncludeInactive = 1;  END    GO"
4020,STORED_PROCEDURE,warroom,usp_CustomField_SetActive,80F2586AAC3AC2F00C2988958A6350E564C2A9EE93375137B1CE88F1E71A2A75,"SET ANSI_NULLS ON;  GO  SET QUOTED_IDENTIFIER ON;  GO        CREATE   PROCEDURE warroom.usp_CustomField_SetActive      @ProjectId   INT,      @EntityType  VARCHAR(10),      @FieldKey    VARCHAR(64),      @IsActive    BIT,      @UserEmail   NVARCHAR(256) = NULL  AS  BEGIN      SET NOCOUNT ON;        UPDATE warroom.CustomFieldDef      SET          IsActive = @IsActive,          ModifiedOn = SYSDATETIME(),          ModifiedByEmail = @UserEmail      WHERE ProjectId = @ProjectId        AND EntityType = @EntityType        AND FieldKey = @FieldKey;        EXEC warroom.usp_CustomField_ListJson          @ProjectId = @ProjectId,          @EntityType = @EntityType,          @IncludeInactive = 1;  END    GO"
4021,STORED_PROCEDURE,warroom,usp_CustomField_Upsert,8CCAD8BE19F3EAE5A20846126ED87E335D57958834876BDAA0912795749E6E96,"SET ANSI_NULLS ON;  GO  SET QUOTED_IDENTIFIER ON;  GO      CREATE   PROCEDURE warroom.usp_CustomField_Upsert      @FieldDefId INT = NULL,      @ProjectId INT,      @EntityType VARCHAR(10),      @FieldKey VARCHAR(64),      @Label NVARCHAR(100),      @FieldType VARCHAR(20),      @HelpText NVARCHAR(250) = NULL,      @IsRequired BIT = 0,      @IsPinned BIT = 0,      @IsActive BIT = 1,      @SortOrder INT = 1000,      @OptionsJson NVARCHAR(MAX) = NULL,      @UserEmail NVARCHAR(256) = NULL  AS  BEGIN      SET NOCOUNT ON;        IF @FieldDefId IS NULL      BEGIN          INSERT INTO warroom.CustomFieldDef          (              ProjectId, EntityType, FieldKey, Label, FieldType, HelpText,              IsRequired, IsPinned, IsActive, SortOrder, OptionsJson,              CreatedByEmail, ModifiedByEmail          )          VALUES          (              @ProjectId, @EntityType, @FieldKey, @Label, @FieldType, @HelpText,              @IsRequired, @IsPinned, @IsActive, @SortOrder, @OptionsJson,              @UserEmail, @UserEmail          );            SELECT SCOPE_IDENTITY() AS FieldDefId;          RETURN;      END        -- Edit: NO se permite cambiar FieldKey ni FieldType (a propósito)      UPDATE d      SET          Label = @Label,          HelpText = @HelpText,          IsRequired = @IsRequired,          IsPinned = @IsPinned,          IsActive = @IsActive,          SortOrder = @SortOrder,          OptionsJson = @OptionsJson,          ModifiedOn = SYSDATETIME(),          ModifiedByEmail = @UserEmail      FROM warroom.CustomFieldDef d      WHERE d.FieldDefId = @FieldDefId        AND d.ProjectId = @ProjectId        AND d.EntityType = @EntityType;        SELECT @FieldDefId AS FieldDefId;  END    GO"
4022,STORED_PROCEDURE,warroom,usp_CustomField_Upsert_AndListJson,EEDF504EC70BF813CC15690AF8BCF4BB81B0B77C6041AB2C96549384183B6ADD,"SET ANSI_NULLS ON;  GO  SET QUOTED_IDENTIFIER ON;  GO      CREATE PROCEDURE [warroom].[usp_CustomField_Upsert_AndListJson]      @FieldDefId           INT = NULL,      @ProjectId            INT,      @EntityType           VARCHAR(10),      @FieldKey             VARCHAR(64) = NULL,      @Label                NVARCHAR(100),      @FieldType            VARCHAR(20),      @HelpText             NVARCHAR(250) = NULL,      @IsRequired           BIT = 0,      @IsPinned             BIT = 0,      @IsActive             BIT = 1,      @SortOrder            INT = 1000,      @OptionsJson          NVARCHAR(MAX) = NULL,      @UserEmail            NVARCHAR(256) = NULL,      @IsFilterable         BIT = 0,      @ShowInQuickFilters   BIT = 0,      @FilterOrder          INT = NULL,      @FilterMode           VARCHAR(30) = NULL  AS  BEGIN      SET NOCOUNT ON;      SET XACT_ABORT ON;        SET @FieldDefId = ISNULL(@FieldDefId, 0);      SET @EntityType = UPPER(LTRIM(RTRIM(@EntityType)));      SET @FieldType  = LTRIM(RTRIM(@FieldType));      SET @FieldKey   = LOWER(NULLIF(LTRIM(RTRIM(@FieldKey)), ''));      SET @Label      = LTRIM(RTRIM(@Label));      SET @HelpText   = NULLIF(LTRIM(RTRIM(@HelpText)), '');      SET @OptionsJson = NULLIF(LTRIM(RTRIM(@OptionsJson)), '');      SET @UserEmail  = NULLIF(LTRIM(RTRIM(@UserEmail)), '');      SET @FilterMode = NULLIF(LTRIM(RTRIM(@FilterMode)), '');        IF @EntityType NOT IN ('TASK','PUNCH')          THROW 50001, 'EntityType must be TASK or PUNCH.', 1;        IF @FieldType NOT IN ('Text','Number','Date','YesNo','Choice','MultiChoice','Json')          THROW 50002, 'Invalid FieldType.', 1;        IF NULLIF(@Label, '') IS NULL          THROW 50004, 'Label is required.', 1;        IF @SortOrder IS NULL OR @SortOrder <= 0          SET @SortOrder = 1000;        IF @FieldType IN ('Choice','MultiChoice') AND NULLIF(@OptionsJson, '') IS NULL          THROW 50008, 'OptionsJson is required for Choice and MultiChoice fields.', 1;        IF @IsFilterable = 0          SET @ShowInQuickFilters = 0;        SET @FilterOrder = COALESCE(NULLIF(@FilterOrder, 0), @SortOrder, 1000);        SET @FilterMode = COALESCE(          @FilterMode,          CASE              WHEN @FieldType = 'Text' THEN 'Contains'              WHEN @FieldType = 'Number' THEN 'Range'              WHEN @FieldType = 'Date' THEN 'DateRange'              WHEN @FieldType = 'YesNo' THEN 'Boolean'              WHEN @FieldType IN ('Choice','MultiChoice') THEN 'MultiSelect'              WHEN @FieldType = 'Json' THEN 'Contains'              ELSE 'Equals'          END      );        IF @FilterMode NOT IN ('Equals','Contains','StartsWith','MultiSelect','Range','DateRange','Boolean')          THROW 50010, 'Invalid FilterMode.', 1;        ---------------------------------------------------------------------      -- FieldKey automático solo en INSERT      ---------------------------------------------------------------------      IF @FieldDefId = 0 AND @FieldKey IS NULL      BEGIN          SET @FieldKey = LOWER(@Label);            SET @FieldKey = REPLACE(@FieldKey, N'á', 'a');          SET @FieldKey = REPLACE(@FieldKey, N'é', 'e');          SET @FieldKey = REPLACE(@FieldKey, N'í', 'i');          SET @FieldKey = REPLACE(@FieldKey, N'ó', 'o');          SET @FieldKey = REPLACE(@FieldKey, N'ú', 'u');          SET @FieldKey = REPLACE(@FieldKey, N'ñ', 'n');            SET @FieldKey = REPLACE(@FieldKey, ' ', '_');          SET @FieldKey = REPLACE(@FieldKey, '-', '_');          SET @FieldKey = REPLACE(@FieldKey, '/', '_');          SET @FieldKey = REPLACE(@FieldKey, '.', '');          SET @FieldKey = REPLACE(@FieldKey, ',', '');          SET @FieldKey = REPLACE(@FieldKey, '(', '');          SET @FieldKey = REPLACE(@FieldKey, ')', '');            SET @FieldKey = LEFT(@FieldKey, 54);      END        IF NULLIF(@FieldKey, '') IS NULL          THROW 50003, 'FieldKey could not be generated.', 1;        ---------------------------------------------------------------------      -- Resolver duplicados: persona_responsable, persona_responsable_2...      ---------------------------------------------------------------------      IF @FieldDefId = 0      BEGIN          DECLARE @BaseFieldKey VARCHAR(64) = @FieldKey;          DECLARE @Counter INT = 2;            WHILE EXISTS (              SELECT 1              FROM warroom.CustomFieldDef              WHERE ProjectId = @ProjectId                AND EntityType = @EntityType                AND FieldKey = @FieldKey          )          BEGIN              SET @FieldKey = LEFT(@BaseFieldKey, 54) + '_' + CAST(@Counter AS VARCHAR(10));              SET @Counter += 1;          END      END      ELSE      BEGIN          IF EXISTS (              SELECT 1              FROM warroom.CustomFieldDef              WHERE ProjectId = @ProjectId                AND EntityType = @EntityType                AND LOWER(LTRIM(RTRIM(FieldKey))) = @FieldKey                AND FieldDefId <> @FieldDefId          )              THROW 50005, 'FieldKey already exists for this project and entity.', 1;      END        IF @FieldDefId = 0      BEGIN          INSERT INTO warroom.CustomFieldDef          (              ProjectId,              EntityType,              FieldKey,              Label,              FieldType,              HelpText,              IsRequired,              IsPinned,              IsActive,              SortOrder,              OptionsJson,              CreatedByEmail,              ModifiedByEmail,              IsFilterable,              ShowInQuickFilters,              FilterOrder,              FilterMode          )          VALUES          (              @ProjectId,              @EntityType,              @FieldKey,              @Label,              @FieldType,              @HelpText,              @IsRequired,              @IsPinned,              @IsActive,              @SortOrder,              @OptionsJson,              @UserEmail,              @UserEmail,              @IsFilterable,              @ShowInQuickFilters,              @FilterOrder,              @FilterMode          );      END      ELSE      BEGIN          UPDATE warroom.CustomFieldDef          SET              Label = @Label,              HelpText = @HelpText,              IsRequired = @IsRequired,              IsPinned = @IsPinned,              IsActive = @IsActive,              SortOrder = @SortOrder,              OptionsJson = @OptionsJson,              IsFilterable = @IsFilterable,              ShowInQuickFilters = @ShowInQuickFilters,              FilterOrder = @FilterOrder,              FilterMode = @FilterMode,              ModifiedOn = SYSDATETIME(),              ModifiedByEmail = @UserEmail          WHERE FieldDefId = @FieldDefId            AND ProjectId = @ProjectId            AND EntityType = @EntityType;            IF @@ROWCOUNT = 0              THROW 50009, 'Field definition not found for update.', 1;      END        EXEC warroom.usp_CustomField_ListJson          @ProjectId = @ProjectId,          @EntityType = @EntityType,          @IncludeInactive = 1;  END  GO"
4023,STORED_PROCEDURE,warroom,usp_CustomSaveBulk_GetJson,F89FA1C2EF9ACE106E67E9AE3165F664C8C787577C848083D8CEB63592E5CE4C,"SET ANSI_NULLS ON;  GO  SET QUOTED_IDENTIFIER ON;  GO      CREATE   PROCEDURE [warroom].[usp_CustomSaveBulk_GetJson]      @ProjectId  INT,      @EntityType VARCHAR(10),      @RecordId   INT,      @ValuesJson NVARCHAR(MAX),      @UserEmail  NVARCHAR(256) = NULL  AS  BEGIN      SET NOCOUNT ON;        -------------------------------------------------------------------------      -- 0) Validación entrada JSON      -------------------------------------------------------------------------      IF (@ValuesJson IS NULL OR LTRIM(RTRIM(@ValuesJson)) = '')      BEGIN          -- No hay cambios: simplemente devolvemos bundle actualizado (sin MERGE)          -- (Podrías elegir lanzar error; yo lo hago tolerante)          SET @ValuesJson = N'[]';      END;        IF (ISJSON(@ValuesJson) <> 1)      BEGIN          ;THROW 50001, 'ValuesJson is not valid JSON.', 1;      END;     -------------------------------------------------------------------------      -- 1) Parse entrada + tipado (VERSIÓN DEFINITIVA)      -------------------------------------------------------------------------      ;WITH src AS (          SELECT              JSON_VALUE([value],'$.FieldKey')   AS FieldKey,              JSON_VALUE([value],'$.FieldType')  AS FieldType,              -- Leemos los valores crudos              JSON_VALUE([value],'$.ValueText')   AS inText,              JSON_VALUE([value],'$.ValueNumber') AS inNumber,              JSON_VALUE([value],'$.ValueDate')   AS inDate,              JSON_VALUE([value],'$.ValueBool')   AS inBool,              -- Importante: Intentamos leer como objeto, si falla, como texto              ISNULL(JSON_QUERY([value],'$.ValueJson'), JSON_VALUE([value],'$.ValueJson')) AS inJson          FROM OPENJSON(@ValuesJson)      ),      typed AS (          SELECT              s.FieldKey,              s.FieldType,                CASE WHEN s.FieldType IN ('Text','Choice') THEN TRY_CONVERT(NVARCHAR(2000), s.inText) END AS ValueText,              CASE WHEN s.FieldType = 'Number'           THEN TRY_CONVERT(DECIMAL(18,4), s.inNumber) END AS ValueNumber,              CASE WHEN s.FieldType = 'Date'             THEN TRY_CONVERT(DATE, s.inDate) END AS ValueDate,                            CASE WHEN s.FieldType = 'YesNo' THEN                  CASE                      WHEN LOWER(CAST(s.inBool AS VARCHAR(10))) IN ('true','1') THEN CONVERT(bit,1)                      WHEN LOWER(CAST(s.inBool AS VARCHAR(10))) IN ('false','0') THEN CONVERT(bit,0)                      ELSE NULL                  END              END AS ValueBool,                -- CAMBIO CLAVE: Quitamos el CASE restrictivo para probar si el dato fluye              -- Si el tipo es Json o MultiChoice, pasamos inJson.               -- Si inJson es string vacío '', SQL lo guardará como string vacío, no como NULL.              CASE                   WHEN s.FieldType IN ('MultiChoice','Json') THEN ISNULL(s.inJson, '')                  ELSE NULL               END AS ValueJson          FROM src s          WHERE s.FieldKey IS NOT NULL AND LTRIM(RTRIM(s.FieldKey)) <> ''      )        MERGE warroom.CustomFieldValue AS tgt      USING typed AS s        ON tgt.ProjectId = @ProjectId       AND tgt.EntityType = @EntityType       AND tgt.RecordId = @RecordId       AND tgt.FieldKey = s.FieldKey      WHEN MATCHED THEN          UPDATE SET              ValueText = s.ValueText,              ValueNumber = s.ValueNumber,              ValueDate = s.ValueDate,              ValueBool = s.ValueBool,              ValueJson = s.ValueJson,              LastUpdatedOn = SYSDATETIME(),              LastUpdatedByEmail = @UserEmail      WHEN NOT MATCHED THEN          INSERT          (              ProjectId, EntityType, RecordId, FieldKey,              ValueText, ValueNumber, ValueDate, ValueBool, ValueJson,              LastUpdatedOn, LastUpdatedByEmail          )          VALUES          (              @ProjectId, @EntityType, @RecordId, s.FieldKey,              s.ValueText, s.ValueNumber, s.ValueDate, s.ValueBool, s.ValueJson,              SYSDATETIME(), @UserEmail          );        -------------------------------------------------------------------------      -- 2) Construir bundle JSON actualizado (SIN doble-serialización)      -------------------------------------------------------------------------      DECLARE @Json NVARCHAR(MAX);        ;WITH Defs AS (          SELECT              d.FieldDefId,              d.ProjectId,              d.EntityType,              d.FieldKey,              d.Label,              d.FieldType,              d.HelpText,              d.IsRequired,              d.IsPinned,              d.IsActive,              d.SortOrder,              d.OptionsJson,              d.ModifiedOn,              d.ModifiedByEmail          FROM warroom.CustomFieldDef d          WHERE d.ProjectId = @ProjectId            AND d.EntityType = @EntityType            AND d.IsActive = 1      ),      Vals AS (          SELECT              v.ProjectId,              v.EntityType,              v.RecordId,              v.FieldKey,              v.ValueText,              v.ValueNumber,              v.ValueDate,              v.ValueBool,              v.ValueJson,              v.LastUpdatedOn,              v.LastUpdatedByEmail          FROM warroom.CustomFieldValue v          WHERE v.ProjectId = @ProjectId            AND v.EntityType = @EntityType            AND v.RecordId = @RecordId      ),      Merged AS (          SELECT              d.FieldKey,              d.Label,              d.FieldType,              d.HelpText,              d.IsRequired,              d.IsPinned,              d.SortOrder,              d.OptionsJson,                v.ValueText,              v.ValueNumber,              v.ValueDate,              v.ValueBool,              v.ValueJson,              v.LastUpdatedOn,              v.LastUpdatedByEmail          FROM Defs d          LEFT JOIN Vals v                 ON v.FieldKey = d.FieldKey      )      SELECT          @Json =          (              SELECT                  JSON_QUERY(                      (SELECT                          @ProjectId AS ProjectId,                          @EntityType AS EntityType,                          @RecordId AS RecordId,                          SYSDATETIME() AS ServerTime,                          @UserEmail AS UserEmail                       FOR JSON PATH, WITHOUT_ARRAY_WRAPPER)                  ) AS meta,                    JSON_QUERY(                      (SELECT *                       FROM Defs                       ORDER BY IsPinned DESC, SortOrder ASC, Label ASC                       FOR JSON PATH)                  ) AS defs,                    JSON_QUERY(                      (SELECT *                       FROM Vals                       FOR JSON PATH)                  ) AS [values],                    JSON_QUERY(                      (SELECT *                       FROM Merged                       ORDER BY IsPinned DESC, SortOrder ASC, Label ASC                       FOR JSON PATH)                  ) AS merged                FOR JSON PATH, WITHOUT_ARRAY_WRAPPER          );        SELECT @Json AS result;  END    GO"
4024,STORED_PROCEDURE,warroom,usp_CustomValue_Delete,E71B7CE74A4B6D702A76887AAB8C13457B3664ADEB5CE358D8D9BE1A2CDA77A6,"SET ANSI_NULLS ON;  GO  SET QUOTED_IDENTIFIER ON;  GO          CREATE   PROCEDURE warroom.usp_CustomValue_Delete      @ProjectId   INT,      @EntityType  VARCHAR(10),      @RecordId    INT,      @FieldKey    VARCHAR(64)  AS  BEGIN      SET NOCOUNT ON;        DELETE FROM warroom.CustomFieldValue      WHERE ProjectId = @ProjectId        AND EntityType = @EntityType        AND RecordId = @RecordId        AND FieldKey = @FieldKey;        EXEC warroom.usp_CustomBundle_GetJson          @ProjectId = @ProjectId,          @EntityType = @EntityType,          @RecordId = @RecordId;  END    GO"
4025,STORED_PROCEDURE,warroom,usp_CustomValue_Get,F96314C944AA9ED3646A38D31C79073B55B4A0BB4043895870C862D64E7341E4,"SET ANSI_NULLS ON;  GO  SET QUOTED_IDENTIFIER ON;  GO          CREATE   PROCEDURE warroom.usp_CustomValue_Get      @ProjectId INT,      @EntityType VARCHAR(10),      @RecordId INT  AS  BEGIN      SET NOCOUNT ON;        -- Defs activas      SELECT          FieldKey, Label, FieldType, HelpText,          IsRequired, IsPinned, SortOrder, OptionsJson      FROM warroom.CustomFieldDef      WHERE ProjectId = @ProjectId        AND EntityType = @EntityType        AND IsActive = 1      ORDER BY IsPinned DESC, SortOrder ASC, Label ASC;        -- Values existentes      SELECT          FieldKey,          ValueText, ValueNumber, ValueDate, ValueBool, ValueJson,          LastUpdatedOn, LastUpdatedByEmail      FROM warroom.CustomFieldValue      WHERE ProjectId = @ProjectId        AND EntityType = @EntityType        AND RecordId = @RecordId;  END    GO"
4026,STORED_PROCEDURE,warroom,usp_CustomValue_SaveBulk,FBA9DBF4DC02E0907345C3A2AB150F44879165BDC2D2F1475F3E0BF1343543F9,"SET ANSI_NULLS ON;  GO  SET QUOTED_IDENTIFIER ON;  GO      CREATE   PROCEDURE warroom.usp_CustomValue_SaveBulk      @ProjectId INT,      @EntityType VARCHAR(10),      @RecordId INT,      @ValuesJson NVARCHAR(MAX),      @UserEmail NVARCHAR(256) = NULL  AS  BEGIN      SET NOCOUNT ON;        -- Parse      ;WITH src AS (          SELECT              JSON_VALUE(value,'$.FieldKey') AS FieldKey,              JSON_VALUE(value,'$.FieldType') AS FieldType,              JSON_VALUE(value,'$.Value') AS ValueScalar,              JSON_QUERY(value,'$.Value') AS ValueJson          FROM OPENJSON(@ValuesJson)      ),      typed AS (          SELECT              s.FieldKey,              s.FieldType,              CASE WHEN s.FieldType = 'Text' THEN TRY_CONVERT(NVARCHAR(2000), s.ValueScalar) END AS ValueText,              CASE WHEN s.FieldType = 'Number' THEN TRY_CONVERT(DECIMAL(18,4), s.ValueScalar) END AS ValueNumber,              CASE WHEN s.FieldType = 'Date' THEN TRY_CONVERT(DATE, s.ValueScalar) END AS ValueDate,              CASE WHEN s.FieldType = 'YesNo' THEN                  CASE                      WHEN s.ValueScalar IN ('true','True','1') THEN 1                      WHEN s.ValueScalar IN ('false','False','0') THEN 0                      ELSE NULL                  END              END AS ValueBool,              CASE WHEN s.FieldType IN ('MultiChoice','Json') THEN s.ValueJson END AS ValueJson          FROM src s      )      MERGE warroom.CustomFieldValue AS tgt      USING typed AS s        ON tgt.ProjectId = @ProjectId       AND tgt.EntityType = @EntityType       AND tgt.RecordId = @RecordId       AND tgt.FieldKey = s.FieldKey      WHEN MATCHED THEN          UPDATE SET              ValueText = s.ValueText,              ValueNumber = s.ValueNumber,              ValueDate = s.ValueDate,              ValueBool = s.ValueBool,              ValueJson = s.ValueJson,              LastUpdatedOn = SYSDATETIME(),              LastUpdatedByEmail = @UserEmail      WHEN NOT MATCHED THEN          INSERT (ProjectId, EntityType, RecordId, FieldKey, ValueText, ValueNumber, ValueDate, ValueBool, ValueJson, LastUpdatedOn, LastUpdatedByEmail)          VALUES (@ProjectId, @EntityType, @RecordId, s.FieldKey, s.ValueText, s.ValueNumber, s.ValueDate, s.ValueBool, s.ValueJson, SYSDATETIME(), @UserEmail);        -- Opcional: devolver snapshot      EXEC warroom.usp_CustomValue_Get @ProjectId, @EntityType, @RecordId;  END    GO"
4027,STORED_PROCEDURE,warroom,usp_DailyBriefing_GetEvents,4678FCB713A50537B423C4196BB72472869264204DDD798A1B790EF0AA2F5176,"SET ANSI_NULLS ON;  GO  SET QUOTED_IDENTIFIER ON;  GO      CREATE   PROCEDURE warroom.usp_DailyBriefing_GetEvents  (      @ProjectId BIGINT,      @FromDateTime DATETIME2,      @ToDateTime DATETIME2,      @SubsystemCode NVARCHAR(255) = NULL  )  AS  BEGIN      SET NOCOUNT ON;        SELECT          ActivityLogId,          ProjectId,          EntityType,          EntityId,          EventType,          Title,          Description,          Severity,          SubsystemCode,          Owner,          ChangedBy,          ChangedAt      FROM warroom.ActivityLog      WHERE ProjectId = @ProjectId        AND ChangedAt >= @FromDateTime        AND ChangedAt <= @ToDateTime        AND (              @SubsystemCode IS NULL              OR @SubsystemCode = ''              OR SubsystemCode = @SubsystemCode            )      ORDER BY ChangedAt DESC;  END;  GO"
4028,STORED_PROCEDURE,warroom,usp_DailyBriefing_GetKpis,4AEAE7C2AA6ABD5F5D1D1D566D678A190B7BCAA193A29E30E94E81B54DD823DD,"SET ANSI_NULLS ON;  GO  SET QUOTED_IDENTIFIER ON;  GO  CREATE   PROCEDURE warroom.usp_DailyBriefing_GetKpis  (      @ProjectId BIGINT,      @FromDateTime DATETIME2,      @ToDateTime DATETIME2,      @SubsystemCode NVARCHAR(255) = NULL  )  AS  BEGIN      SET NOCOUNT ON;        SELECT          COUNT(*) AS TotalEvents,            SUM(              CASE                  WHEN EventType = 'CELL_STATUS_CHANGED'                  THEN 1                  ELSE 0              END          ) AS StatusChanges,            SUM(              CASE                  WHEN EventType = 'CELL_OWNER_CHANGED'                  THEN 1                  ELSE 0              END          ) AS OwnerChanges,            SUM(              CASE                  WHEN EventType = 'CELL_DUE_DATE_CHANGED'                  THEN 1                  ELSE 0              END          ) AS DueDateChanges,            SUM(              CASE                  WHEN EventType = 'CELL_COMMENT_UPDATED'                  THEN 1                  ELSE 0              END          ) AS CommentsUpdated,            SUM(              CASE                  WHEN Severity = 'CRITICAL'                  THEN 1                  ELSE 0              END          ) AS CriticalEvents        FROM warroom.ActivityLog      WHERE ProjectId = @ProjectId        AND ChangedAt >= @FromDateTime        AND ChangedAt <= @ToDateTime        AND (              @SubsystemCode IS NULL              OR @SubsystemCode = ''              OR SubsystemCode = @SubsystemCode            );  END;  GO"
4029,STORED_PROCEDURE,warroom,usp_DeletePunchComment,E7C4150D24A9FA50B43DB275F02FCED6A7BD772F18A0636F6A4C225C5437FB0D,"SET ANSI_NULLS ON;  GO  SET QUOTED_IDENTIFIER ON;  GO      CREATE   PROCEDURE warroom.usp_DeletePunchComment  (      @ProjectId BIGINT,      @CommentId INT,      @DeletedByEmail NVARCHAR(256)  )  AS  BEGIN      SET NOCOUNT ON;        UPDATE warroom.PunchComment      SET IsDeleted = 1,          ModifiedByEmail = @DeletedByEmail,          ModifiedOn = SYSUTCDATETIME()      WHERE ProjectId = @ProjectId        AND PunchCommentId = @CommentId        AND IsDeleted = 0;        SELECT @@ROWCOUNT AS RowsAffected;  END;    GO"
4030,STORED_PROCEDURE,warroom,usp_DeleteTaskComment,DE068DA897EE2D0A28A5711466DDE9325DB510B192F4A966748EC4D834C72A30,"SET ANSI_NULLS ON;  GO  SET QUOTED_IDENTIFIER ON;  GO        CREATE   PROCEDURE warroom.usp_DeleteTaskComment  (      @ProjectId BIGINT,      @CommentId INT,      @DeletedByEmail NVARCHAR(256)  )  AS  BEGIN      SET NOCOUNT ON;        UPDATE warroom.TaskComment      SET IsDeleted = 1,          ModifiedByEmail = @DeletedByEmail,          ModifiedOn = SYSUTCDATETIME()      WHERE ProjectId = @ProjectId        AND TaskCommentId = @CommentId        AND IsDeleted = 0;        SELECT @@ROWCOUNT AS RowsAffected;  END;    GO"
4031,STORED_PROCEDURE,warroom,usp_EnabledProjects_Enable,E42692E40F968801D9E59AA156B9EF49EDF90BFA45972D554D7DCD231F7F92B9,"SET ANSI_NULLS ON;  GO  SET QUOTED_IDENTIFIER ON;  GO          CREATE   PROCEDURE warroom.usp_EnabledProjects_Enable  (      @ProjectId BIGINT,      @Username NVARCHAR(255)  )  AS  BEGIN      SET NOCOUNT ON;      SET XACT_ABORT ON;        IF EXISTS (          SELECT 1           FROM warroom.EnabledProjects           WHERE ProjectId = @ProjectId      )      BEGIN          UPDATE ep          SET               IsActive = 1,              UpdatedBy = @Username,              UpdatedAt = SYSUTCDATETIME()          FROM warroom.EnabledProjects ep          WHERE ep.ProjectId = @ProjectId;            SELECT CAST(1 AS BIT) AS Success, 'Project re-enabled.' AS Message;          RETURN;      END;        INSERT INTO warroom.EnabledProjects      (          ProjectId,          ProjectCode,          ProjectName,          ProjectDescription,          IsActive,          CreatedBy      )      SELECT          Id,          Code,          Name,          Description,          1,          @Username      FROM dbo.Projects      WHERE Id = @ProjectId;        SELECT CAST(1 AS BIT) AS Success, 'Project enabled.' AS Message;  END  GO"
4032,STORED_PROCEDURE,warroom,usp_EnabledProjects_GetActive,84507FFCC7499B564A7D755CED174044EBE2C172EA6FBB66FCFCDD9DCAFA60A7,"SET ANSI_NULLS ON;  GO  SET QUOTED_IDENTIFIER ON;  GO        CREATE   PROCEDURE warroom.usp_EnabledProjects_GetActive  AS  BEGIN      SET NOCOUNT ON;        SELECT          ProjectId,          ProjectCode,          ProjectName,          ProjectDescription,          IsDefault      FROM warroom.EnabledProjects      WHERE IsActive = 1      ORDER BY IsDefault DESC, ProjectCode ASC;  END  GO"
4033,STORED_PROCEDURE,warroom,usp_ExportProjectPunchesExtended,808EA1DF8B1CE231313E6F7C16E1745C5D29994013351E83A650BBB74979EF30,"SET ANSI_NULLS ON;  GO  SET QUOTED_IDENTIFIER ON;  GO          CREATE   PROCEDURE [warroom].[usp_ExportProjectPunchesExtended]  (      @ProjectId           BIGINT,      @SubsystemCode       NVARCHAR(255) = NULL,      @TemplateId          BIGINT = NULL,      @CategoryCode        NVARCHAR(50) = NULL,      @StatusCode          NVARCHAR(50) = NULL,      @PunchDiscipline     NVARCHAR(100) = NULL,      @Subcontractor       NVARCHAR(255) = NULL,      @CustomFiltersJson   NVARCHAR(MAX) = NULL,      @PunchExportLogId    BIGINT = NULL,      @MaxRows             INT = 50000  )  AS  BEGIN      SET NOCOUNT ON;        IF @TemplateId = 0 SET @TemplateId = NULL;        SET @SubsystemCode = NULLIF(LTRIM(RTRIM(@SubsystemCode)), '');      SET @CategoryCode = NULLIF(LTRIM(RTRIM(@CategoryCode)), '');      SET @StatusCode = NULLIF(LTRIM(RTRIM(@StatusCode)), '');      SET @PunchDiscipline = NULLIF(LTRIM(RTRIM(@PunchDiscipline)), '');      SET @Subcontractor = NULLIF(LTRIM(RTRIM(@Subcontractor)), '');      SET @CustomFiltersJson = NULLIF(LTRIM(RTRIM(@CustomFiltersJson)), '');        IF @CustomFiltersJson IS NULL OR @CustomFiltersJson = '[]'          SET @CustomFiltersJson = NULL;        ---------------------------------------------------------------------      -- Base punch dataset      ---------------------------------------------------------------------      ;WITH PunchBase AS      (          SELECT              h.AreaCode,              h.UnitCode,              h.SystemCode,              SubsystemCode = COALESCE(NULLIF(LTRIM(RTRIM(h.SubsystemCode)), ''), 'NO SUBSYSTEM'),              h.ItemCode AS ElementCode,              h.GroupCode,              h.ModuleCode,                p.ProjectId,              CAST(p.Id AS INT) AS PunchId,              p.TemplateID AS TemplateId,              p.Code,              p.[Description],              p.PunchCoordinator,              p.Originator,              p.CategoryCode,              p.Category,              p.Discipline AS PunchDiscipline,              p.StatusCode,              p.[Status] AS PunchStatus,              p.InspectionCode,              p.InspectionName,              p.InspectionType,              p.EntryType,              p.EntryTypeColor,              p.Topic,              p.RejectCount,              p.Items AS ItemsRaw,              p.SubcontractorId,                SubcontractorCode = CAST(mc.ID_COMPANY AS NVARCHAR(50)),              SubcontractorName = mc.DS_COMPANY,              SubcontractorShortName = mc.DS_SHORT_COMPANY,                p.DepartmentAction,                rn = ROW_NUMBER() OVER              (                  PARTITION BY p.Id                  ORDER BY                      CASE WHEN h.SubsystemCode IS NULL THEN 1 ELSE 0 END,                      h.SubsystemCode,                      h.ItemCode,                      h.AreaCode,                      h.UnitCode,                      h.SystemCode              )          FROM dbo.wap_PunchPaged p          INNER JOIN dbo.wap_ElementHierarchyPunchView h              ON h.ProjectId = p.ProjectId             AND h.PunchId = p.Id          LEFT JOIN dbo.DIM_MASTER_COMPANIES_LH mc              ON mc.ID_COMPANY = TRY_CONVERT(INT, p.SubcontractorId)          WHERE              p.ProjectId = @ProjectId              AND NULLIF(LTRIM(RTRIM(p.StatusCode)), '') IS NOT NULL              AND UPPER(LTRIM(RTRIM(p.StatusCode))) NOT IN ('HOLD', 'VOID')                AND (                  @SubsystemCode IS NULL                  OR COALESCE(NULLIF(LTRIM(RTRIM(h.SubsystemCode)), ''), 'NO SUBSYSTEM') = @SubsystemCode              )                AND (@TemplateId IS NULL OR p.TemplateID = @TemplateId)              AND (@CategoryCode IS NULL OR p.CategoryCode = @CategoryCode)              AND (@StatusCode IS NULL OR UPPER(LTRIM(RTRIM(p.StatusCode))) = UPPER(@StatusCode))              AND (@PunchDiscipline IS NULL OR p.Discipline = @PunchDiscipline)                AND (                  @Subcontractor IS NULL                  OR CAST(p.SubcontractorId AS NVARCHAR(255)) = @Subcontractor                  OR CAST(mc.ID_COMPANY AS NVARCHAR(255)) = @Subcontractor                  OR mc.DS_COMPANY = @Subcontractor                  OR mc.DS_SHORT_COMPANY = @Subcontractor              )      )      SELECT          AreaCode,          UnitCode,          SystemCode,          SubsystemCode,          ElementCode,          GroupCode,          ModuleCode,            ProjectId,          PunchId,          TemplateId,          Code,          [Description],          PunchCoordinator,          Originator,          CategoryCode,          Category,          PunchDiscipline,          StatusCode,          PunchStatus,          InspectionCode,          InspectionName,          InspectionType,          EntryType,          EntryTypeColor,          Topic,          RejectCount,          ItemsRaw,          SubcontractorId,          SubcontractorCode,          SubcontractorName,          SubcontractorShortName,          DepartmentAction      INTO #BaseKey      FROM PunchBase      WHERE rn = 1      OPTION (RECOMPILE);        CREATE UNIQUE CLUSTERED INDEX CX_BaseKey      ON #BaseKey(PunchId);        CREATE NONCLUSTERED INDEX IX_BaseKey_Order      ON #BaseKey(SubsystemCode, PunchDiscipline, ElementCode, PunchId);        CREATE NONCLUSTERED INDEX IX_BaseKey_Filters      ON #BaseKey      (          TemplateId,          CategoryCode,          StatusCode,          PunchDiscipline,          SubsystemCode,          SubcontractorId      );        ---------------------------------------------------------------------      -- Dynamic custom filters      -- Official model: warroom.CustomFieldDef + warroom.CustomFieldValue      ---------------------------------------------------------------------      IF @CustomFiltersJson IS NOT NULL      BEGIN          CREATE TABLE #CustomFilters          (              FieldKey NVARCHAR(100) NOT NULL,              FieldType NVARCHAR(30) NULL,              FilterMode NVARCHAR(30) NULL,              ValueText NVARCHAR(4000) NULL,              ValueJson NVARCHAR(MAX) NULL,              ValueNumberFrom DECIMAL(18,4) NULL,              ValueNumberTo DECIMAL(18,4) NULL,              ValueDateFrom DATE NULL,              ValueDateTo DATE NULL,              ValueBool BIT NULL          );            INSERT INTO #CustomFilters          (              FieldKey,              FieldType,              FilterMode,              ValueText,              ValueJson,              ValueNumberFrom,              ValueNumberTo,              ValueDateFrom,              ValueDateTo,              ValueBool          )          SELECT              FieldKey,              FieldType,              FilterMode,              NULLIF(LTRIM(RTRIM(ValueText)), ''),              NULLIF(LTRIM(RTRIM(ValueJson)), ''),              NULLIF(ValueNumberFrom, 0),              NULLIF(ValueNumberTo, 0),              NULLIF(TRY_CONVERT(DATE, ValueDateFrom), '19000101'),              NULLIF(TRY_CONVERT(DATE, ValueDateTo), '19000101'),              ValueBool          FROM OPENJSON(@CustomFiltersJson)          WITH          (              FieldKey NVARCHAR(100) '$.FieldKey',              FieldType NVARCHAR(30) '$.FieldType',              FilterMode NVARCHAR(30) '$.FilterMode',              ValueText NVARCHAR(4000) '$.ValueText',              ValueJson NVARCHAR(MAX) '$.ValueJson',              ValueNumberFrom DECIMAL(18,4) '$.ValueNumberFrom',              ValueNumberTo DECIMAL(18,4) '$.ValueNumberTo',              ValueDateFrom NVARCHAR(50) '$.ValueDateFrom',              ValueDateTo NVARCHAR(50) '$.ValueDateTo',              ValueBool BIT '$.ValueBool'          )          WHERE NULLIF(LTRIM(RTRIM(FieldKey)), '') IS NOT NULL;            DELETE cf          FROM #CustomFilters cf          WHERE              cf.ValueText IS NULL              AND (cf.ValueJson IS NULL OR cf.ValueJson = '[]')              AND cf.ValueNumberFrom IS NULL              AND cf.ValueNumberTo IS NULL              AND cf.ValueDateFrom IS NULL              AND cf.ValueDateTo IS NULL              AND ISNULL(cf.ValueBool, 0) = 0;            IF EXISTS (SELECT 1 FROM #CustomFilters)          BEGIN              DELETE bk              FROM #BaseKey bk              WHERE EXISTS              (                  SELECT 1                  FROM #CustomFilters cf                  LEFT JOIN warroom.CustomFieldValue v                      ON v.ProjectId = @ProjectId                     AND v.EntityType = 'PUNCH'                     AND v.RecordId = bk.PunchId                     AND v.FieldKey = cf.FieldKey                  WHERE                      (                          cf.ValueText IS NOT NULL                          AND ISNULL(v.ValueText, '') NOT LIKE '%' + cf.ValueText + '%'                      )                      OR                      (                          cf.ValueNumberFrom IS NOT NULL                          AND (v.ValueNumber IS NULL OR v.ValueNumber < cf.ValueNumberFrom)                      )                      OR                      (                          cf.ValueNumberTo IS NOT NULL                          AND (v.ValueNumber IS NULL OR v.ValueNumber > cf.ValueNumberTo)                      )                      OR                      (                          cf.ValueDateFrom IS NOT NULL                          AND (v.ValueDate IS NULL OR v.ValueDate < cf.ValueDateFrom)                      )                      OR                      (                          cf.ValueDateTo IS NOT NULL                          AND (v.ValueDate IS NULL OR v.ValueDate > cf.ValueDateTo)                      )                      OR                      (                          cf.ValueBool = 1                          AND ISNULL(v.ValueBool, 0) <> 1                      )                      OR                      (                          cf.ValueJson IS NOT NULL                          AND cf.ValueJson <> '[]'                          AND LOWER(LTRIM(RTRIM(cf.FieldType))) = 'multichoice'                          AND NOT EXISTS                          (                              SELECT 1                              FROM OPENJSON(                                  CASE                                      WHEN ISJSON(v.ValueJson) = 1 THEN v.ValueJson                                      ELSE N'[]'                                  END                              ) stored                              INNER JOIN OPENJSON(                                  CASE                                      WHEN ISJSON(cf.ValueJson) = 1 THEN cf.ValueJson                                      ELSE N'[]'                                  END                              ) selected                                  ON LTRIM(RTRIM(CONVERT(NVARCHAR(4000), stored.[value])))                                   = LTRIM(RTRIM(CONVERT(NVARCHAR(4000), selected.[value])))                          )                      )                      OR                      (                          cf.ValueJson IS NOT NULL                          AND cf.ValueJson <> '[]'                          AND LOWER(LTRIM(RTRIM(cf.FieldType))) <> 'multichoice'                          AND ISNULL(v.ValueJson, '') NOT LIKE '%' + cf.ValueJson + '%'                      )              );          END      END;        ---------------------------------------------------------------------      -- Safety limit      ---------------------------------------------------------------------      DECLARE @TotalRows INT = (SELECT COUNT(1) FROM #BaseKey);        IF @MaxRows IS NOT NULL         AND @MaxRows > 0         AND @TotalRows > @MaxRows      BEGIN          THROW 50010, 'Export exceeds maximum allowed rows. Please apply more filters.', 1;      END;        ---------------------------------------------------------------------      -- Comments summary for all exported punches      ---------------------------------------------------------------------      ;WITH C AS      (          SELECT              c.PunchId,              c.CreatedOn,              c.CommentText,              c.CreatedByEmail,              ROW_NUMBER() OVER              (                  PARTITION BY c.PunchId                  ORDER BY c.CreatedOn DESC              ) AS rn          FROM warroom.PunchComment c          INNER JOIN #BaseKey bk              ON bk.PunchId = c.PunchId          WHERE c.ProjectId = @ProjectId            AND c.IsDeleted = 0      ),      Agg AS      (          SELECT PunchId, COUNT(1) AS CommentCount          FROM C          GROUP BY PunchId      )      SELECT          bk.PunchId,          MAX(CASE WHEN c.rn = 1 THEN c.CreatedOn END) AS LastCommentOn,          MAX(CASE WHEN c.rn = 1 THEN c.CommentText END) AS LastCommentText,          MAX(CASE WHEN c.rn = 1 THEN c.CreatedByEmail END) AS LastCommentByEmail,          COALESCE(a.CommentCount, 0) AS CommentCount      INTO #Comments      FROM #BaseKey bk      LEFT JOIN C c          ON c.PunchId = bk.PunchId      LEFT JOIN Agg a          ON a.PunchId = bk.PunchId      GROUP BY bk.PunchId, a.CommentCount;        CREATE UNIQUE CLUSTERED INDEX IX_Comments      ON #Comments(PunchId);        ---------------------------------------------------------------------      -- Final export dataset      ---------------------------------------------------------------------      SELECT          bk.ProjectId,          bk.PunchId,          @PunchExportLogId AS PunchExportLogId,            CONVERT(              NVARCHAR(64),              HASHBYTES(                  'SHA2_256',                  CONCAT(                      bk.ProjectId,                      '|',                      bk.PunchId,                      '|',                      ISNULL(cf.CustomFieldsHashSource, '')                  )              ),              2          ) AS RowHash,            bk.AreaCode,          bk.UnitCode,          bk.SystemCode,          bk.SubsystemCode,          bk.ElementCode,          bk.PunchDiscipline AS ElementDiscipline,          NULL AS TypeCode,            bk.TemplateId,          bk.Code,          bk.[Description],          bk.PunchCoordinator,          bk.Originator,          bk.CategoryCode,          bk.Category,          bk.PunchDiscipline AS Discipline,          bk.StatusCode,          bk.PunchStatus AS [Status],          bk.InspectionCode,          bk.InspectionName,          bk.InspectionType,          bk.EntryType,          bk.EntryTypeColor,          bk.Topic,          bk.RejectCount,          bk.ElementCode AS ElementCodeMapped,          bk.ItemsRaw,          bk.SubcontractorId,          bk.SubcontractorCode,          bk.SubcontractorName,          bk.SubcontractorShortName,          bk.DepartmentAction,            cp.LastCommentOn,          cp.LastCommentText,          cp.LastCommentByEmail,          cp.CommentCount,            ISNULL(cf.CustomFieldsJson, '[]') AS CustomFieldsJson,            CAST(NULL AS NVARCHAR(MAX)) AS NewComment,            @TotalRows AS TotalRows      FROM #BaseKey bk      LEFT JOIN #Comments cp          ON cp.PunchId = bk.PunchId      OUTER APPLY      (          SELECT              (                  SELECT                      d.FieldDefId,                      d.FieldKey,                      d.Label,                      d.FieldType,                      d.IsEditableInExcel,                      d.SortOrder,                      CASE d.FieldType                          WHEN 'Text' THEN v.ValueText                          WHEN 'Number' THEN CONVERT(NVARCHAR(100), v.ValueNumber)                          WHEN 'Date' THEN CONVERT(NVARCHAR(30), v.ValueDate, 126)                          WHEN 'YesNo' THEN                              CASE                                  WHEN v.ValueBool = 1 THEN 'true'                                  WHEN v.ValueBool = 0 THEN 'false'                                  ELSE NULL                              END                          WHEN 'Choice' THEN v.ValueText                          WHEN 'MultiChoice' THEN v.ValueJson                          WHEN 'Json' THEN v.ValueJson                          ELSE v.ValueText                      END AS Value                  FROM warroom.CustomFieldDef d                  LEFT JOIN warroom.CustomFieldValue v                      ON v.ProjectId = d.ProjectId                     AND v.EntityType = d.EntityType                     AND v.RecordId = bk.PunchId                     AND v.FieldKey = d.FieldKey                  WHERE d.ProjectId = bk.ProjectId                    AND d.EntityType = 'PUNCH'                    AND d.IsActive = 1                    AND d.IsExportable = 1                  ORDER BY d.SortOrder, d.Label                  FOR JSON PATH              ) AS CustomFieldsJson,                (                  SELECT                      CONCAT(                          d.FieldKey,                          '=',                          ISNULL(                              CASE d.FieldType                                  WHEN 'Text' THEN v.ValueText                                  WHEN 'Number' THEN CONVERT(NVARCHAR(100), v.ValueNumber)                                  WHEN 'Date' THEN CONVERT(NVARCHAR(30), v.ValueDate, 126)                                  WHEN 'YesNo' THEN                                      CASE                                          WHEN v.ValueBool = 1 THEN 'true'                                          WHEN v.ValueBool = 0 THEN 'false'                                          ELSE NULL                                      END                                  WHEN 'Choice' THEN v.ValueText                                  WHEN 'MultiChoice' THEN v.ValueJson                                  WHEN 'Json' THEN v.ValueJson                                  ELSE v.ValueText                              END,                              ''                          ),                          '|'                      )                  FROM warroom.CustomFieldDef d                  LEFT JOIN warroom.CustomFieldValue v                      ON v.ProjectId = d.ProjectId                     AND v.EntityType = d.EntityType                     AND v.RecordId = bk.PunchId                     AND v.FieldKey = d.FieldKey                  WHERE d.ProjectId = bk.ProjectId                    AND d.EntityType = 'PUNCH'                    AND d.IsActive = 1                    AND d.IsExportable = 1                  ORDER BY d.SortOrder, d.Label                  FOR XML PATH(''), TYPE              ).value('.', 'NVARCHAR(MAX)') AS CustomFieldsHashSource      ) cf      ORDER BY          CASE WHEN bk.SubsystemCode = 'NO SUBSYSTEM' THEN 1 ELSE 0 END,          bk.SubsystemCode,          bk.PunchDiscipline,          bk.ElementCode,          bk.PunchId;  END;    GO"
4034,STORED_PROCEDURE,warroom,usp_ExportProjectPunchesExtended_Pivoted,2BF00CD519449ED7E2C915DEBE5B5DCD1A8C7257FE494491F624CC674FD588E1,"SET ANSI_NULLS ON;  GO  SET QUOTED_IDENTIFIER ON;  GO    CREATE   PROCEDURE [warroom].[usp_ExportProjectPunchesExtended_Pivoted]  (      @ProjectId           BIGINT,      @SubsystemCode       NVARCHAR(255) = NULL,      @TemplateId          BIGINT = NULL,      @CategoryCode        NVARCHAR(50) = NULL,      @StatusCode          NVARCHAR(50) = NULL,      @PunchDiscipline     NVARCHAR(100) = NULL,      @Subcontractor       NVARCHAR(255) = NULL,      @CustomFiltersJson   NVARCHAR(MAX) = NULL,      @PunchExportLogId    BIGINT = NULL,      @MaxRows             INT = 50000  )  AS  BEGIN      SET NOCOUNT ON;        IF @TemplateId = 0 SET @TemplateId = NULL;      SET XACT_ABORT ON;        IF @PunchExportLogId IS NULL OR @PunchExportLogId <= 0          THROW 50011, 'PunchExportLogId must be a positive integer.', 1;        SET @SubsystemCode = NULLIF(LTRIM(RTRIM(@SubsystemCode)), '');      SET @CategoryCode = NULLIF(LTRIM(RTRIM(@CategoryCode)), '');      SET @StatusCode = NULLIF(LTRIM(RTRIM(@StatusCode)), '');      SET @PunchDiscipline = NULLIF(LTRIM(RTRIM(@PunchDiscipline)), '');      SET @Subcontractor = NULLIF(LTRIM(RTRIM(@Subcontractor)), '');      SET @CustomFiltersJson = NULLIF(LTRIM(RTRIM(@CustomFiltersJson)), '');        IF @CustomFiltersJson IS NULL OR @CustomFiltersJson = '[]'          SET @CustomFiltersJson = NULL;        ---------------------------------------------------------------------      -- 1) Base punch dataset      ---------------------------------------------------------------------      ;WITH PunchBase AS      (          SELECT              h.AreaCode,              h.UnitCode,              h.SystemCode,              SubsystemCode = COALESCE(NULLIF(LTRIM(RTRIM(h.SubsystemCode)), ''), 'NO SUBSYSTEM'),              h.ItemCode AS ElementCode,              h.GroupCode,              h.ModuleCode,                p.ProjectId,              CAST(p.Id AS INT) AS PunchId,              p.TemplateID AS TemplateId,              p.Code,              p.[Description],              p.PunchCoordinator,              p.Originator,              p.CategoryCode,              p.Category,              p.Discipline AS PunchDiscipline,              p.StatusCode,              p.[Status] AS PunchStatus,              p.InspectionCode,              p.InspectionName,              p.InspectionType,              p.EntryType,              p.EntryTypeColor,              p.Topic,              p.RejectCount,              p.Items AS ItemsRaw,              p.SubcontractorId,                SubcontractorCode = CAST(mc.ID_COMPANY AS NVARCHAR(50)),              SubcontractorName = mc.DS_COMPANY,              SubcontractorShortName = mc.DS_SHORT_COMPANY,                p.DepartmentAction,                rn = ROW_NUMBER() OVER              (                  PARTITION BY p.Id                  ORDER BY                      CASE WHEN h.SubsystemCode IS NULL THEN 1 ELSE 0 END,                      h.SubsystemCode,                      h.ItemCode,                      h.AreaCode,                      h.UnitCode,                      h.SystemCode              )          FROM dbo.wap_PunchPaged p          INNER JOIN dbo.wap_ElementHierarchyPunchView h              ON h.ProjectId = p.ProjectId             AND h.PunchId = p.Id          LEFT JOIN dbo.DIM_MASTER_COMPANIES_LH mc              ON mc.ID_COMPANY = TRY_CONVERT(INT, p.SubcontractorId)          WHERE              p.ProjectId = @ProjectId              AND NULLIF(LTRIM(RTRIM(p.StatusCode)), '') IS NOT NULL              AND UPPER(LTRIM(RTRIM(p.StatusCode))) NOT IN ('HOLD', 'VOID')                AND (                  @SubsystemCode IS NULL                  OR COALESCE(NULLIF(LTRIM(RTRIM(h.SubsystemCode)), ''), 'NO SUBSYSTEM') = @SubsystemCode              )                AND (@TemplateId IS NULL OR p.TemplateID = @TemplateId)              AND (@CategoryCode IS NULL OR p.CategoryCode = @CategoryCode)              AND (@StatusCode IS NULL OR UPPER(LTRIM(RTRIM(p.StatusCode))) = UPPER(@StatusCode))              AND (@PunchDiscipline IS NULL OR p.Discipline = @PunchDiscipline)                AND (                  @Subcontractor IS NULL                  OR CAST(p.SubcontractorId AS NVARCHAR(255)) = @Subcontractor                  OR CAST(mc.ID_COMPANY AS NVARCHAR(255)) = @Subcontractor                  OR mc.DS_COMPANY = @Subcontractor                  OR mc.DS_SHORT_COMPANY = @Subcontractor              )      )      SELECT          AreaCode,          UnitCode,          SystemCode,          SubsystemCode,          ElementCode,          GroupCode,          ModuleCode,            ProjectId,          PunchId,          TemplateId,          Code,          [Description],          PunchCoordinator,          Originator,          CategoryCode,          Category,          PunchDiscipline,          StatusCode,          PunchStatus,          InspectionCode,          InspectionName,          InspectionType,          EntryType,          EntryTypeColor,          Topic,          RejectCount,          ItemsRaw,          SubcontractorId,          SubcontractorCode,          SubcontractorName,          SubcontractorShortName,          DepartmentAction      INTO #BaseKey      FROM PunchBase      WHERE rn = 1      OPTION (RECOMPILE);        CREATE UNIQUE CLUSTERED INDEX CX_BaseKey      ON #BaseKey(PunchId);        CREATE NONCLUSTERED INDEX IX_BaseKey_Order      ON #BaseKey(SubsystemCode, PunchDiscipline, ElementCode, PunchId);        CREATE NONCLUSTERED INDEX IX_BaseKey_Filters      ON #BaseKey      (          TemplateId,          CategoryCode,          StatusCode,          PunchDiscipline,          SubsystemCode,          SubcontractorId      );        ---------------------------------------------------------------------      -- 2) Dynamic custom filters      ---------------------------------------------------------------------      IF @CustomFiltersJson IS NOT NULL      BEGIN          CREATE TABLE #CustomFilters          (              FieldKey NVARCHAR(100) NOT NULL,              FieldType NVARCHAR(30) NULL,              FilterMode NVARCHAR(30) NULL,              ValueText NVARCHAR(4000) NULL,              ValueJson NVARCHAR(MAX) NULL,              ValueNumberFrom DECIMAL(18,4) NULL,              ValueNumberTo DECIMAL(18,4) NULL,              ValueDateFrom DATE NULL,              ValueDateTo DATE NULL,              ValueBool BIT NULL          );            INSERT INTO #CustomFilters          (              FieldKey,              FieldType,              FilterMode,              ValueText,              ValueJson,              ValueNumberFrom,              ValueNumberTo,              ValueDateFrom,              ValueDateTo,              ValueBool          )          SELECT              FieldKey,              FieldType,              FilterMode,              NULLIF(LTRIM(RTRIM(ValueText)), ''),              NULLIF(LTRIM(RTRIM(ValueJson)), ''),              NULLIF(ValueNumberFrom, 0),              NULLIF(ValueNumberTo, 0),              NULLIF(TRY_CONVERT(DATE, ValueDateFrom), '19000101'),              NULLIF(TRY_CONVERT(DATE, ValueDateTo), '19000101'),              ValueBool          FROM OPENJSON(@CustomFiltersJson)          WITH          (              FieldKey NVARCHAR(100) '$.FieldKey',              FieldType NVARCHAR(30) '$.FieldType',              FilterMode NVARCHAR(30) '$.FilterMode',              ValueText NVARCHAR(4000) '$.ValueText',              ValueJson NVARCHAR(MAX) '$.ValueJson',              ValueNumberFrom DECIMAL(18,4) '$.ValueNumberFrom',              ValueNumberTo DECIMAL(18,4) '$.ValueNumberTo',              ValueDateFrom NVARCHAR(50) '$.ValueDateFrom',              ValueDateTo NVARCHAR(50) '$.ValueDateTo',              ValueBool BIT '$.ValueBool'          )          WHERE NULLIF(LTRIM(RTRIM(FieldKey)), '') IS NOT NULL;            DELETE cf          FROM #CustomFilters cf          WHERE              cf.ValueText IS NULL              AND (cf.ValueJson IS NULL OR cf.ValueJson = '[]')              AND cf.ValueNumberFrom IS NULL              AND cf.ValueNumberTo IS NULL              AND cf.ValueDateFrom IS NULL              AND cf.ValueDateTo IS NULL              AND ISNULL(cf.ValueBool, 0) = 0;            IF EXISTS (SELECT 1 FROM #CustomFilters)          BEGIN              DELETE bk              FROM #BaseKey bk              WHERE EXISTS              (                  SELECT 1                  FROM #CustomFilters cf                  LEFT JOIN warroom.CustomFieldValue v                      ON v.ProjectId = @ProjectId                     AND v.EntityType = 'PUNCH'                     AND v.RecordId = bk.PunchId                     AND v.FieldKey = cf.FieldKey                  WHERE                      (                          cf.ValueText IS NOT NULL                          AND ISNULL(v.ValueText, '') NOT LIKE '%' + cf.ValueText + '%'                      )                      OR                      (                          cf.ValueNumberFrom IS NOT NULL                          AND (v.ValueNumber IS NULL OR v.ValueNumber < cf.ValueNumberFrom)                      )                      OR                      (                          cf.ValueNumberTo IS NOT NULL                          AND (v.ValueNumber IS NULL OR v.ValueNumber > cf.ValueNumberTo)                      )                      OR                      (                          cf.ValueDateFrom IS NOT NULL                          AND (v.ValueDate IS NULL OR v.ValueDate < cf.ValueDateFrom)                      )                      OR                      (                          cf.ValueDateTo IS NOT NULL                          AND (v.ValueDate IS NULL OR v.ValueDate > cf.ValueDateTo)                      )                      OR                      (                          cf.ValueBool = 1                          AND ISNULL(v.ValueBool, 0) <> 1                      )                      OR                      (                          cf.ValueJson IS NOT NULL                          AND cf.ValueJson <> '[]'                          AND LOWER(LTRIM(RTRIM(cf.FieldType))) = 'multichoice'                          AND NOT EXISTS                          (                              SELECT 1                              FROM OPENJSON(                                  CASE                                      WHEN ISJSON(v.ValueJson) = 1 THEN v.ValueJson                                      ELSE N'[]'                                  END                              ) stored                              INNER JOIN OPENJSON(                                  CASE                                      WHEN ISJSON(cf.ValueJson) = 1 THEN cf.ValueJson                                      ELSE N'[]'                                  END                              ) selected                                  ON LTRIM(RTRIM(CONVERT(NVARCHAR(4000), stored.[value])))                                   = LTRIM(RTRIM(CONVERT(NVARCHAR(4000), selected.[value])))                          )                      )                      OR                      (                          cf.ValueJson IS NOT NULL                          AND cf.ValueJson <> '[]'                          AND LOWER(LTRIM(RTRIM(cf.FieldType))) <> 'multichoice'                          AND ISNULL(v.ValueJson, '') NOT LIKE '%' + cf.ValueJson + '%'                      )              );          END      END;        ---------------------------------------------------------------------      -- 3) Safety limit      ---------------------------------------------------------------------      DECLARE @TotalRows INT = (SELECT COUNT(1) FROM #BaseKey);        IF @MaxRows IS NOT NULL         AND @MaxRows > 0         AND @TotalRows > @MaxRows      BEGIN          THROW 50010, 'Export exceeds maximum allowed rows. Please apply more filters.', 1;      END;        ---------------------------------------------------------------------      -- 4) Comments summary      ---------------------------------------------------------------------      ;WITH C AS      (          SELECT              c.PunchId,              c.CreatedOn,              c.CommentText,              c.CreatedByEmail,              ROW_NUMBER() OVER              (                  PARTITION BY c.PunchId                  ORDER BY c.CreatedOn DESC              ) AS rn          FROM warroom.PunchComment c          INNER JOIN #BaseKey bk              ON bk.PunchId = c.PunchId          WHERE c.ProjectId = @ProjectId            AND c.IsDeleted = 0      ),      Agg AS      (          SELECT PunchId, COUNT(1) AS CommentCount          FROM C          GROUP BY PunchId      )      SELECT          bk.PunchId,          MAX(CASE WHEN c.rn = 1 THEN c.CreatedOn END) AS LastCommentOn,          MAX(CASE WHEN c.rn = 1 THEN c.CommentText END) AS LastCommentText,          MAX(CASE WHEN c.rn = 1 THEN c.CreatedByEmail END) AS LastCommentByEmail,          COALESCE(a.CommentCount, 0) AS CommentCount      INTO #Comments      FROM #BaseKey bk      LEFT JOIN C c          ON c.PunchId = bk.PunchId      LEFT JOIN Agg a          ON a.PunchId = bk.PunchId      GROUP BY bk.PunchId, a.CommentCount;        CREATE UNIQUE CLUSTERED INDEX IX_Comments      ON #Comments(PunchId);        ---------------------------------------------------------------------      -- 5) Flat base export table      ---------------------------------------------------------------------      SELECT          bk.ProjectId,          bk.PunchId,          @PunchExportLogId AS PunchExportLogId,            bk.AreaCode,          bk.UnitCode,          bk.SystemCode,          bk.SubsystemCode,          bk.ElementCode,          bk.PunchDiscipline AS ElementDiscipline,          CAST(NULL AS NVARCHAR(100)) AS TypeCode,            bk.TemplateId,          bk.Code,          bk.[Description],          bk.PunchCoordinator,          bk.Originator,          bk.CategoryCode,          bk.Category,          bk.PunchDiscipline AS Discipline,          bk.StatusCode,          bk.PunchStatus AS [Status],          bk.InspectionCode,          bk.InspectionName,          bk.InspectionType,          bk.EntryType,          bk.EntryTypeColor,          bk.Topic,          bk.RejectCount,          bk.ElementCode AS ElementCodeMapped,          bk.ItemsRaw,          bk.SubcontractorId,          bk.SubcontractorCode,          bk.SubcontractorName,          bk.SubcontractorShortName,          bk.DepartmentAction,            cp.LastCommentOn,          cp.LastCommentText,          cp.LastCommentByEmail,          cp.CommentCount,            CAST(NULL AS NVARCHAR(MAX)) AS NewComment      INTO #ExportBase      FROM #BaseKey bk      LEFT JOIN #Comments cp          ON cp.PunchId = bk.PunchId;        CREATE UNIQUE CLUSTERED INDEX CX_ExportBase      ON #ExportBase(PunchId);        ---------------------------------------------------------------------      -- 5.1) Canonical immutable standard-field snapshot      ---------------------------------------------------------------------      ALTER TABLE #ExportBase          ADD OriginalValuesJson NVARCHAR(MAX) NULL;        UPDATE eb      SET OriginalValuesJson = snapshot.OriginalValuesJson      FROM #ExportBase eb      CROSS APPLY      (          SELECT              eb.ProjectId,              eb.PunchId,              eb.TemplateId,              eb.AreaCode,              eb.UnitCode,              eb.SystemCode,              eb.SubsystemCode,              eb.ElementCode,              eb.ElementDiscipline,              eb.Code,              eb.[Description],              eb.PunchCoordinator,              eb.Originator,              eb.CategoryCode,              eb.Category,              eb.Discipline,              eb.StatusCode,              eb.[Status],              eb.InspectionCode,              eb.InspectionName,              eb.InspectionType,              eb.EntryType,              eb.EntryTypeColor,              eb.Topic,              eb.RejectCount,              eb.ItemsRaw,              eb.SubcontractorId,              eb.SubcontractorCode,              eb.SubcontractorName,              eb.SubcontractorShortName,              eb.DepartmentAction,              eb.LastCommentOn,              eb.LastCommentText,              eb.LastCommentByEmail,              eb.CommentCount          FOR JSON PATH, WITHOUT_ARRAY_WRAPPER, INCLUDE_NULL_VALUES      ) snapshot(OriginalValuesJson);        ---------------------------------------------------------------------      -- 6) Custom values normalized      ---------------------------------------------------------------------      CREATE TABLE #CustomFlat      (          PunchId INT NOT NULL,          FieldKey VARCHAR(64) NOT NULL,          ColumnName NVARCHAR(128) NOT NULL,          FieldValue NVARCHAR(MAX) NULL      );        INSERT INTO #CustomFlat      (          PunchId,          FieldKey,          ColumnName,          FieldValue      )      SELECT          eb.PunchId,          d.FieldKey,          ColumnName =              CONCAT(                  N'CF__',                  REPLACE(                      REPLACE(                          REPLACE(                              REPLACE(d.FieldKey, ' ', '_'),                          '-', '_'),                      '.', '_'),                  ']', '_')              ),          FieldValue =              CASE d.FieldType                  WHEN 'Text' THEN v.ValueText                  WHEN 'Number' THEN CONVERT(NVARCHAR(100), v.ValueNumber)                  WHEN 'Date' THEN CONVERT(NVARCHAR(30), v.ValueDate, 126)                  WHEN 'YesNo' THEN                      CASE                          WHEN v.ValueBool = 1 THEN 'true'                          WHEN v.ValueBool = 0 THEN 'false'                          ELSE NULL                      END                  WHEN 'Choice' THEN v.ValueText                  WHEN 'MultiChoice' THEN v.ValueJson                  WHEN 'Json' THEN v.ValueJson                  ELSE v.ValueText              END      FROM #ExportBase eb      INNER JOIN warroom.CustomFieldDef d          ON d.ProjectId = @ProjectId         AND d.EntityType = 'PUNCH'         AND d.IsActive = 1         AND d.IsExportable = 1      LEFT JOIN warroom.CustomFieldValue v          ON v.ProjectId = @ProjectId         AND v.EntityType = 'PUNCH'         AND v.RecordId = eb.PunchId         AND v.FieldKey = d.FieldKey;        CREATE NONCLUSTERED INDEX IX_CustomFlat_Pivot      ON #CustomFlat(PunchId, ColumnName);        ---------------------------------------------------------------------      -- 7) Dynamic pivot columns      ---------------------------------------------------------------------      DECLARE @PivotColumns NVARCHAR(MAX);      DECLARE @SelectPivotColumns NVARCHAR(MAX);      DECLARE @Sql NVARCHAR(MAX);        SELECT          @PivotColumns = STRING_AGG(QUOTENAME(ColumnName), ',')      FROM      (          SELECT DISTINCT ColumnName          FROM #CustomFlat      ) x;        SELECT          @SelectPivotColumns = STRING_AGG('p.' + QUOTENAME(ColumnName), ',' + CHAR(13) + CHAR(10) + '        ')      FROM      (          SELECT DISTINCT ColumnName          FROM #CustomFlat      ) x;        ---------------------------------------------------------------------      -- 8) Return final flat dataset      ---------------------------------------------------------------------      IF @PivotColumns IS NULL OR LTRIM(RTRIM(@PivotColumns)) = ''      BEGIN          SELECT              eb.ProjectId,              eb.PunchId,              eb.PunchExportLogId,                CONVERT(                  NVARCHAR(64),                  HASHBYTES(                      'SHA2_256',                      CONVERT(varbinary(max), eb.OriginalValuesJson)                  ),                  2              ) AS RowHash,              eb.OriginalValuesJson,                eb.AreaCode,              eb.UnitCode,              eb.SystemCode,              eb.SubsystemCode,              eb.ElementCode,              eb.ElementDiscipline,              eb.TypeCode,                eb.TemplateId,              eb.Code,              eb.[Description],              eb.PunchCoordinator,              eb.Originator,              eb.CategoryCode,              eb.Category,              eb.Discipline,              eb.StatusCode,              eb.[Status],              eb.InspectionCode,              eb.InspectionName,              eb.InspectionType,              eb.EntryType,              eb.EntryTypeColor,              eb.Topic,              eb.RejectCount,              eb.ElementCodeMapped,              eb.ItemsRaw,              eb.SubcontractorId,              eb.SubcontractorCode,              eb.SubcontractorName,              eb.SubcontractorShortName,              eb.DepartmentAction,                eb.LastCommentOn,              eb.LastCommentText,              eb.LastCommentByEmail,              eb.CommentCount,                eb.NewComment,                @TotalRows AS TotalRows          FROM #ExportBase eb          ORDER BY              CASE WHEN eb.SubsystemCode = 'NO SUBSYSTEM' THEN 1 ELSE 0 END,              eb.SubsystemCode,              eb.Discipline,              eb.ElementCode,              eb.PunchId;            RETURN;      END;        SET @Sql = N'          ;WITH Pivoted AS          (              SELECT                  PunchId,                  ' + @PivotColumns + N'              FROM              (                  SELECT                      PunchId,                      ColumnName,                      FieldValue                  FROM #CustomFlat              ) src              PIVOT              (                  MAX(FieldValue)                  FOR ColumnName IN (' + @PivotColumns + N')              ) pvt          ),          HashSource AS          (              SELECT                  ids.PunchId,                  CustomHashSource =                  (                      SELECT                          valuesByKey.ColumnName,                          valuesByKey.FieldValue                      FROM #CustomFlat valuesByKey                      WHERE valuesByKey.PunchId = ids.PunchId                      ORDER BY valuesByKey.ColumnName                      FOR JSON PATH, INCLUDE_NULL_VALUES                  )              FROM (SELECT DISTINCT PunchId FROM #CustomFlat) ids          )          SELECT              eb.ProjectId,              eb.PunchId,              eb.PunchExportLogId,                CONVERT(                  NVARCHAR(64),                  HASHBYTES(                      ''SHA2_256'',                      CONVERT(                          varbinary(max),                          JSON_MODIFY(eb.OriginalValuesJson, ''$.CustomValuesCanonical'', ISNULL(hs.CustomHashSource, ''''))                      )                  ),                  2              ) AS RowHash,              JSON_MODIFY(eb.OriginalValuesJson, ''$.CustomValuesCanonical'', ISNULL(hs.CustomHashSource, '''')) AS OriginalValuesJson,                eb.AreaCode,              eb.UnitCode,              eb.SystemCode,              eb.SubsystemCode,              eb.ElementCode,              eb.ElementDiscipline,              eb.TypeCode,                eb.TemplateId,              eb.Code,              eb.[Description],              eb.PunchCoordinator,              eb.Originator,              eb.CategoryCode,              eb.Category,              eb.Discipline,              eb.StatusCode,              eb.[Status],              eb.InspectionCode,              eb.InspectionName,              eb.InspectionType,              eb.EntryType,              eb.EntryTypeColor,              eb.Topic,              eb.RejectCount,              eb.ElementCodeMapped,              eb.ItemsRaw,              eb.SubcontractorId,              eb.SubcontractorCode,              eb.SubcontractorName,              eb.SubcontractorShortName,              eb.DepartmentAction,                eb.LastCommentOn,              eb.LastCommentText,              eb.LastCommentByEmail,              eb.CommentCount,                ' + @SelectPivotColumns + N',                eb.NewComment,                ' + CAST(@TotalRows AS NVARCHAR(20)) + N' AS TotalRows          FROM #ExportBase eb          LEFT JOIN Pivoted p              ON p.PunchId = eb.PunchId          LEFT JOIN HashSource hs              ON hs.PunchId = eb.PunchId          ORDER BY              CASE WHEN eb.SubsystemCode = ''NO SUBSYSTEM'' THEN 1 ELSE 0 END,              eb.SubsystemCode,              eb.Discipline,              eb.ElementCode,              eb.PunchId;      ';        EXEC sys.sp_executesql @Sql;  END;        GO"
4035,STORED_PROCEDURE,warroom,usp_GenerateOverviewSnapshot,902D393A730E6E8051ACDED38B66209A915CD7D49847B1855A6ED9323E179732,"SET ANSI_NULLS ON;  GO  SET QUOTED_IDENTIFIER ON;  GO    CREATE PROCEDURE [warroom].[usp_GenerateOverviewSnapshot]  (      @ProjectId BIGINT  )  AS  BEGIN      SET NOCOUNT ON;      SET XACT_ABORT ON;        BEGIN TRY          BEGIN TRAN;            DROP TABLE IF EXISTS #Subsystems;          DROP TABLE IF EXISTS #TaskAgg;          DROP TABLE IF EXISTS #PunchStatusConfig;          DROP TABLE IF EXISTS #PunchConfiguredTemplates;          DROP TABLE IF EXISTS #PunchConfiguredCategories;          DROP TABLE IF EXISTS #PunchAgg;          DROP TABLE IF EXISTS #OutRaw;          DROP TABLE IF EXISTS #Out;          DROP TABLE IF EXISTS #HdrExpanded;          DROP TABLE IF EXISTS #Metrics;            CREATE TABLE #Subsystems          (              SubsystemCode NVARCHAR(255) NOT NULL PRIMARY KEY          );            INSERT INTO #Subsystems(SubsystemCode)          SELECT DISTINCT CAST(ed.SUBSYSTEM_CODE AS NVARCHAR(255))          FROM dbo.Elements_Default ed          WHERE ed.ProjectId = @ProjectId            AND ed.LevelName = 'Subsystem'            AND ed.Active = 1            AND ed.SUBSYSTEM_CODE IS NOT NULL;            IF NOT EXISTS          (              SELECT 1              FROM warroom.PunchReportStatusConfig              WHERE ProjectId = @ProjectId          )          BEGIN              INSERT INTO warroom.PunchReportStatusConfig              (                  ProjectId,                  StatusCode,                  IsIncluded,                  DisplayOrder,                  IsActive,                  CreatedBy              )              VALUES                  (@ProjectId, 'OPEN',      1, 1, 1, 'SYSTEM'),                  (@ProjectId, 'EXECUTED',  1, 2, 1, 'SYSTEM'),                  (@ProjectId, 'CLEARED',   1, 3, 1, 'SYSTEM'),                  (@ProjectId, 'VALIDATED', 1, 4, 1, 'SYSTEM'),                  (@ProjectId, 'CLOSED',    1, 5, 1, 'SYSTEM');          END;            CREATE TABLE #PunchStatusConfig          (              StatusCode NVARCHAR(50) NOT NULL PRIMARY KEY,              DisplayOrder INT NOT NULL          );            INSERT INTO #PunchStatusConfig(StatusCode, DisplayOrder)          SELECT              StatusCode = UPPER(LTRIM(RTRIM(c.StatusCode))),              DisplayOrder = c.DisplayOrder          FROM warroom.PunchReportStatusConfig c          WHERE c.ProjectId = @ProjectId            AND c.IsIncluded = 1            AND c.IsActive = 1            AND c.StatusCode IS NOT NULL            AND UPPER(LTRIM(RTRIM(c.StatusCode))) NOT IN ('HOLD', 'VOID');            IF EXISTS          (              SELECT 1              FROM dbo.wap_PunchPaged p              INNER JOIN warroom.PunchReportTemplateConfig cfg                  ON cfg.ProjectId = p.ProjectId                 AND cfg.TemplateId = p.TemplateID                 AND cfg.IsIncluded = 1                 AND cfg.IsActive = 1              INNER JOIN #PunchStatusConfig sc                  ON sc.StatusCode = UPPER(LTRIM(RTRIM(p.StatusCode)))              INNER JOIN dbo.wap_ElementHierarchyPunchView h                  ON h.ProjectId = p.ProjectId                 AND h.PunchId = p.Id              WHERE p.ProjectId = @ProjectId                AND NULLIF(LTRIM(RTRIM(p.StatusCode)), '') IS NOT NULL                AND UPPER(LTRIM(RTRIM(p.StatusCode))) NOT IN ('HOLD', 'VOID')                AND NULLIF(LTRIM(RTRIM(h.SubsystemCode)), '') IS NULL          )          BEGIN              INSERT INTO #Subsystems(SubsystemCode)              SELECT 'NO SUBSYSTEM'              WHERE NOT EXISTS              (                  SELECT 1                  FROM #Subsystems                  WHERE SubsystemCode = 'NO SUBSYSTEM'              );          END;            CREATE TABLE #TaskAgg          (              ProjectLevel   VARCHAR(100)     NOT NULL,              ProjectElement NVARCHAR(255)    NOT NULL,              L1NodeId       UNIQUEIDENTIFIER NOT NULL,              L1DisplayName  NVARCHAR(200)    NOT NULL,              L1SortOrder    INT              NOT NULL,              L2NodeId       UNIQUEIDENTIFIER NOT NULL,              L2DisplayName  NVARCHAR(200)    NOT NULL,              L2SortOrder    INT              NOT NULL,              L3NodeId       UNIQUEIDENTIFIER NOT NULL,              L3DisplayName  NVARCHAR(200)    NOT NULL,              L3SqlKey       NVARCHAR(200)    NOT NULL,              L3GridKey      NVARCHAR(200)    NOT NULL,              L3SortOrder    INT              NOT NULL,              TOTAL          BIGINT           NOT NULL,              DONE           BIGINT           NOT NULL,              REMAIN         BIGINT           NOT NULL          );      INSERT INTO #TaskAgg    EXEC warroom.usp_ReportTasks_FromConfig      @ProjectId      = @ProjectId,      @SubsystemCode  = NULL,      @OnlyActive     = 1,      @SaveTaskScope  = 1;            DELETE t          FROM #TaskAgg t          WHERE NOT EXISTS          (              SELECT 1              FROM #Subsystems s              WHERE s.SubsystemCode = t.ProjectElement          );            SELECT              cfg.ProjectId,              cfg.TemplateId,              TemplateCode = CAST(t.Code AS NVARCHAR(50)),              TemplateLabel = CAST(                  CONCAT(                      COALESCE(NULLIF(LTRIM(RTRIM(t.Code)), ''), 'TPL'),                      ' - ',                      COALESCE(                          NULLIF(LTRIM(RTRIM(t.Description)), ''),                          CONCAT('Template ', cfg.TemplateId)                      )                  ) AS NVARCHAR(200)              ),              TemplateSortOrder = ISNULL(cfg.DisplayOrder, 999)          INTO #PunchConfiguredTemplates          FROM warroom.PunchReportTemplateConfig cfg          LEFT JOIN dbo.wap_Template t              ON t.Id = cfg.TemplateId          WHERE cfg.ProjectId = @ProjectId            AND cfg.IsIncluded = 1            AND cfg.IsActive = 1;            SELECT DISTINCT              pt.TemplateId,              pt.TemplateCode,              pt.TemplateLabel,              pt.TemplateSortOrder,              CategoryCode = CAST(c.Code AS NVARCHAR(50)),              CategoryLabel = CAST(                  COALESCE(                      NULLIF(LTRIM(RTRIM(c.Description)), ''),                      NULLIF(LTRIM(RTRIM(c.Code)), ''),                      'Uncategorized'                  ) AS NVARCHAR(200)              ),              CategorySortOrder = ISNULL(c.[Order], 999)          INTO #PunchConfiguredCategories          FROM #PunchConfiguredTemplates pt          INNER JOIN dbo.wap_Category c              ON c.TemplateId = pt.TemplateId             AND c.IsActive = 1             AND c.Code IS NOT NULL;            SELECT              ProjectLevel = CAST('SUBSYSTEM' AS VARCHAR(100)),              ProjectElement = CAST(                  COALESCE(NULLIF(LTRIM(RTRIM(h.SubsystemCode)), ''), 'NO SUBSYSTEM')                  AS NVARCHAR(255)              ),                TemplateId = CAST(p.TemplateID AS BIGINT),              TemplateCode = CAST(t.Code AS NVARCHAR(50)),              TemplateLabel = CAST(                  CONCAT(                      COALESCE(NULLIF(LTRIM(RTRIM(t.Code)), ''), 'TPL'),                      ' - ',                      COALESCE(                          NULLIF(LTRIM(RTRIM(t.Description)), ''),                          CONCAT('Template ', p.TemplateID)                      )                  ) AS NVARCHAR(200)              ),              TemplateSortOrder = ISNULL(cfg.DisplayOrder, 999),                CategoryCode = CAST(p.CategoryCode AS NVARCHAR(50)),              CategoryLabel = CAST(                  COALESCE(                      NULLIF(LTRIM(RTRIM(p.Category)), ''),                      NULLIF(LTRIM(RTRIM(p.CategoryCode)), ''),                      'Uncategorized'                  ) AS NVARCHAR(200)              ),                StatusCode = CAST(UPPER(LTRIM(RTRIM(p.StatusCode))) AS NVARCHAR(50)),              StatusOrder = sc.DisplayOrder,              Qty = COUNT_BIG(1)          INTO #PunchAgg          FROM dbo.wap_PunchPaged p          INNER JOIN warroom.PunchReportTemplateConfig cfg              ON cfg.ProjectId = p.ProjectId             AND cfg.TemplateId = p.TemplateID             AND cfg.IsIncluded = 1             AND cfg.IsActive = 1          INNER JOIN #PunchStatusConfig sc              ON sc.StatusCode = UPPER(LTRIM(RTRIM(p.StatusCode)))          INNER JOIN dbo.wap_ElementHierarchyPunchView h              ON h.ProjectId = p.ProjectId             AND h.PunchId = p.Id          INNER JOIN #Subsystems s              ON s.SubsystemCode =                  COALESCE(NULLIF(LTRIM(RTRIM(h.SubsystemCode)), ''), 'NO SUBSYSTEM')          LEFT JOIN dbo.wap_Template t              ON t.Id = p.TemplateID          WHERE p.ProjectId = @ProjectId            AND NULLIF(LTRIM(RTRIM(p.StatusCode)), '') IS NOT NULL            AND UPPER(LTRIM(RTRIM(p.StatusCode))) NOT IN ('HOLD', 'VOID')            AND p.CategoryCode IS NOT NULL          GROUP BY              COALESCE(NULLIF(LTRIM(RTRIM(h.SubsystemCode)), ''), 'NO SUBSYSTEM'),              p.TemplateID,              t.Code,              t.Description,              cfg.DisplayOrder,              p.CategoryCode,              p.Category,              UPPER(LTRIM(RTRIM(p.StatusCode))),              sc.DisplayOrder;            CREATE TABLE #OutRaw          (              ProjectLevel   VARCHAR(100)  NOT NULL,              ProjectElement NVARCHAR(255) NOT NULL,              JobLabel       NVARCHAR(500) NOT NULL,              Qty            BIGINT        NOT NULL          );            INSERT INTO #OutRaw(ProjectLevel, ProjectElement, JobLabel, Qty)          SELECT ProjectLevel, ProjectElement, CONCAT('TASKS_', L3SqlKey, '_TOTAL'), TOTAL          FROM #TaskAgg          UNION ALL          SELECT ProjectLevel, ProjectElement, CONCAT('TASKS_', L3SqlKey, '_DONE'), DONE          FROM #TaskAgg          UNION ALL          SELECT ProjectLevel, ProjectElement, CONCAT('TASKS_', L3SqlKey, '_REMAINING'), REMAIN          FROM #TaskAgg;            INSERT INTO #OutRaw(ProjectLevel, ProjectElement, JobLabel, Qty)          SELECT              ProjectLevel,              ProjectElement,              CONCAT('PUNCHS_', TemplateId, '_', CategoryCode, '_TOTAL'),              SUM(Qty)          FROM #PunchAgg          GROUP BY ProjectLevel, ProjectElement, TemplateId, CategoryCode;            INSERT INTO #OutRaw(ProjectLevel, ProjectElement, JobLabel, Qty)          SELECT              ProjectLevel,              ProjectElement,              CONCAT('PUNCHS_', TemplateId, '_', CategoryCode, '_', StatusCode),              SUM(Qty)          FROM #PunchAgg          GROUP BY ProjectLevel, ProjectElement, TemplateId, CategoryCode, StatusCode;            SELECT              ProjectLevel,              ProjectElement,              JobLabel,              Qty = SUM(Qty)          INTO #Out          FROM #OutRaw          WHERE ProjectLevel = 'SUBSYSTEM'            AND ProjectElement IS NOT NULL          GROUP BY ProjectLevel, ProjectElement, JobLabel;            DECLARE @TotalCount INT;            SELECT @TotalCount = COUNT(*)          FROM #Subsystems;            CREATE TABLE #HdrExpanded          (              TemplateId      BIGINT           NULL,              L1NodeId        UNIQUEIDENTIFIER NOT NULL,              L1Label         NVARCHAR(200)    NOT NULL,              L1SortOrder     INT              NOT NULL,              L2NodeId        UNIQUEIDENTIFIER NOT NULL,              L2Label         NVARCHAR(200)    NOT NULL,              L2SortOrder     INT              NOT NULL,              L3NodeId        UNIQUEIDENTIFIER NOT NULL,              L3Label         NVARCHAR(200)    NOT NULL,              L3SortOrder     INT              NOT NULL,              MetricKey       NVARCHAR(200)    NOT NULL,              MetricSqlKey    NVARCHAR(200)    NOT NULL,              MetricLabel     NVARCHAR(100)    NOT NULL,              MetricSortOrder INT              NOT NULL          );            INSERT INTO #HdrExpanded          SELECT DISTINCT              NULL AS TemplateId,              t.L1NodeId,              t.L1DisplayName,              ISNULL(t.L1SortOrder, 0),              t.L2NodeId,              t.L2DisplayName,              ISNULL(t.L2SortOrder, 0),              t.L3NodeId,              t.L3DisplayName,              ISNULL(t.L3SortOrder, 0),              CONCAT(COALESCE(NULLIF(LTRIM(RTRIM(t.L3GridKey)), ''), t.L3SqlKey), '_TOTAL'),              CONCAT('TASKS_', t.L3SqlKey, '_TOTAL'),              'TOTAL',              1          FROM #TaskAgg t            UNION ALL            SELECT DISTINCT              NULL AS TemplateId,              t.L1NodeId,              t.L1DisplayName,              ISNULL(t.L1SortOrder, 0),              t.L2NodeId,              t.L2DisplayName,              ISNULL(t.L2SortOrder, 0),              t.L3NodeId,              t.L3DisplayName,              ISNULL(t.L3SortOrder, 0),              CONCAT(COALESCE(NULLIF(LTRIM(RTRIM(t.L3GridKey)), ''), t.L3SqlKey), '_DONE'),              CONCAT('TASKS_', t.L3SqlKey, '_DONE'),              'DONE',              2          FROM #TaskAgg t            UNION ALL            SELECT DISTINCT              NULL AS TemplateId,              t.L1NodeId,              t.L1DisplayName,              ISNULL(t.L1SortOrder, 0),              t.L2NodeId,              t.L2DisplayName,              ISNULL(t.L2SortOrder, 0),              t.L3NodeId,              t.L3DisplayName,              ISNULL(t.L3SortOrder, 0),              CONCAT(COALESCE(NULLIF(LTRIM(RTRIM(t.L3GridKey)), ''), t.L3SqlKey), '_REMAINING'),              CONCAT('TASKS_', t.L3SqlKey, '_REMAINING'),              'REMAINING',              3          FROM #TaskAgg t;            ;WITH PunchHeaderMetrics AS          (              SELECT                  r.TemplateId,                  r.TemplateCode,                  r.TemplateLabel,                  r.TemplateSortOrder,                  r.CategoryCode,                  r.CategoryLabel,                  r.CategorySortOrder,                  MetricLabel = CAST('TOTAL' AS NVARCHAR(100)),                  MetricSuffix = CAST('TOTAL' AS NVARCHAR(50)),                  MetricSortOrder = CAST(1 AS INT)              FROM #PunchConfiguredCategories r                UNION ALL                SELECT                  r.TemplateId,                  r.TemplateCode,                  r.TemplateLabel,                  r.TemplateSortOrder,                  r.CategoryCode,                  r.CategoryLabel,                  r.CategorySortOrder,                  MetricLabel = sc.StatusCode,                  MetricSuffix = sc.StatusCode,                  MetricSortOrder = sc.DisplayOrder + 1              FROM #PunchConfiguredCategories r              CROSS JOIN #PunchStatusConfig sc          )          INSERT INTO #HdrExpanded          SELECT              TemplateId,              CONVERT(UNIQUEIDENTIFIER, HASHBYTES('MD5', CONCAT('PUNCHES|L1|', TemplateId))),              TemplateLabel,              3000 + ISNULL(TemplateSortOrder, 999),              CONVERT(UNIQUEIDENTIFIER, HASHBYTES('MD5', CONCAT('PUNCHES|TEMPLATE|', TemplateId))),              COALESCE(NULLIF(LTRIM(RTRIM(TemplateCode)), ''), 'PUNCHES'),              10,              CONVERT(UNIQUEIDENTIFIER, HASHBYTES('MD5', CONCAT('PUNCHES|CATEGORY|', TemplateId, '|', CategoryCode))),              CategoryLabel,              CategorySortOrder,              CONCAT('punches_', TemplateId, '_', LOWER(CategoryCode), '_', LOWER(MetricSuffix)),              CONCAT('PUNCHS_', TemplateId, '_', CategoryCode, '_', MetricSuffix),              MetricLabel,              MetricSortOrder          FROM PunchHeaderMetrics;            SELECT              SubsystemCode = CAST(s.SubsystemCode AS NVARCHAR(50)),              MetricKey = h.MetricKey,              MetricValue = COALESCE(o.Qty, 0)          INTO #Metrics          FROM #Subsystems s          CROSS JOIN #HdrExpanded h          LEFT JOIN #Out o              ON o.ProjectElement = s.SubsystemCode             AND o.JobLabel = h.MetricSqlKey;            DELETE FROM warroom.OverviewSnapshotHeader          WHERE ProjectId = @ProjectId;            DELETE FROM warroom.OverviewSnapshotMetric          WHERE ProjectId = @ProjectId;            DELETE FROM warroom.OverviewSnapshot          WHERE ProjectId = @ProjectId;            INSERT INTO warroom.OverviewSnapshot          (              ProjectId,              GeneratedOn,              TotalCount          )          VALUES          (              @ProjectId,              SYSDATETIME(),              ISNULL(@TotalCount, 0)          );            INSERT INTO warroom.OverviewSnapshotHeader          (              ProjectId,              TemplateId,              L1NodeId,              L1Label,              L1SortOrder,              L2NodeId,              L2Label,              L2SortOrder,              L3NodeId,              L3Label,              L3SortOrder,              MetricKey,              MetricSqlKey,              MetricLabel,              MetricSortOrder          )          SELECT              @ProjectId,              TemplateId,              L1NodeId,              L1Label,              L1SortOrder,              L2NodeId,              L2Label,              L2SortOrder,              L3NodeId,              L3Label,              L3SortOrder,              MetricKey,              MetricSqlKey,              MetricLabel,              MetricSortOrder          FROM #HdrExpanded;            INSERT INTO warroom.OverviewSnapshotMetric          (              ProjectId,              SubsystemCode,              MetricKey,              MetricValue          )          SELECT              @ProjectId,              SubsystemCode,              MetricKey,              MetricValue          FROM #Metrics;            COMMIT;            SELECT              Success = CAST(1 AS BIT),              ProjectId = @ProjectId,              GeneratedOn = SYSDATETIME(),              TotalCount = ISNULL(@TotalCount, 0);        END TRY      BEGIN CATCH          IF @@TRANCOUNT > 0              ROLLBACK;            THROW;      END CATCH  END;    GO"
4036,STORED_PROCEDURE,warroom,usp_GeneratePunchDashboardSnapshot,292C2ACBEBEBD392F3A7F3DD69B95D38EFFFFB319B9A03AD05F29251D8286F44,"SET ANSI_NULLS ON;  GO  SET QUOTED_IDENTIFIER ON;  GO    CREATE   PROCEDURE warroom.usp_GeneratePunchDashboardSnapshot  (      @ProjectId          BIGINT,      @TemplateId         BIGINT,      @RequestedBy        NVARCHAR(450) = NULL,      @KeepCompletedRuns  INT = 3  )  AS  BEGIN      SET NOCOUNT ON;      SET XACT_ABORT ON;        IF @ProjectId IS NULL OR @ProjectId <= 0          THROW 50001, 'ProjectId must be greater than zero.', 1;        IF @TemplateId IS NULL OR @TemplateId <= 0          THROW 50002, 'TemplateId must be greater than zero.', 1;        IF @KeepCompletedRuns IS NULL OR @KeepCompletedRuns < 1          SET @KeepCompletedRuns = 1;        IF @KeepCompletedRuns > 20          SET @KeepCompletedRuns = 20;        DECLARE          @SnapshotRunId BIGINT,          @StartedOn     DATETIME2(7) = SYSUTCDATETIME(),          @CompletedOn   DATETIME2(7),          @SourceCount   BIGINT = 0,          @DurationMs    BIGINT = 0,          @LockResult    INT,          @LockResource  NVARCHAR(255),          @ErrorMessage  NVARCHAR(4000);        SET @LockResource =          N'PULSE:PunchDashboardSnapshot:' +          CONVERT(NVARCHAR(30), @ProjectId) +          N':' +          CONVERT(NVARCHAR(30), @TemplateId);        EXEC @LockResult = sys.sp_getapplock          @Resource = @LockResource,          @LockMode = 'Exclusive',          @LockOwner = 'Session',          @LockTimeout = 0;        IF @LockResult < 0      BEGIN          THROW 50003, 'A snapshot is already being generated for this project and template.', 1;      END;        BEGIN TRY          -----------------------------------------------------------------          -- Validate project/template relationship and report configuration          -----------------------------------------------------------------          IF NOT EXISTS          (              SELECT 1              FROM dbo.wap_TemplateProject tp              WHERE tp.ProjectId = @ProjectId                AND tp.TemplateId = @TemplateId                AND tp.IsActive = 1          )          BEGIN              THROW 50004, 'The selected template is not active for the selected project.', 1;          END;            IF NOT EXISTS          (              SELECT 1              FROM warroom.PunchReportTemplateConfig tc              WHERE tc.ProjectId = @ProjectId                AND tc.TemplateId = @TemplateId                AND tc.IsActive = 1                AND tc.IsIncluded = 1          )          BEGIN              THROW 50005, 'The selected template is not included in the Punch Dashboard configuration.', 1;          END;            IF NOT EXISTS          (              SELECT 1              FROM warroom.PunchReportStatusConfig sc              WHERE sc.ProjectId = @ProjectId                AND sc.IsActive = 1                AND sc.IsIncluded = 1          )          BEGIN              THROW 50006, 'No active punch statuses are included for this project.', 1;          END;            -----------------------------------------------------------------          -- Create execution record          -----------------------------------------------------------------          INSERT INTO warroom.PunchDashboardSnapshotRun          (              ProjectId,              TemplateId,              Status,              RequestedOn,              StartedOn,              RequestedBy          )          VALUES          (              @ProjectId,              @TemplateId,              'RUNNING',              @StartedOn,              @StartedOn,              NULLIF(LTRIM(RTRIM(@RequestedBy)), N'')          );            SET @SnapshotRunId = SCOPE_IDENTITY();            -----------------------------------------------------------------          -- Materialize dynamic status configuration locally          -----------------------------------------------------------------          DROP TABLE IF EXISTS #StatusConfig;            SELECT              StatusCode =                  UPPER(LTRIM(RTRIM(CONVERT(VARCHAR(20), sc.StatusCode)))),              StatusName =                  COALESCE(                      NULLIF(LTRIM(RTRIM(CONVERT(VARCHAR(100), ws.Description))), ''),                      NULLIF(LTRIM(RTRIM(CONVERT(VARCHAR(100), sc.StatusCode))), '')                  ),              StatusOrder = sc.DisplayOrder,              StatusColor =                  NULLIF(LTRIM(RTRIM(CONVERT(VARCHAR(20), ws.Color))), '')          INTO #StatusConfig          FROM warroom.PunchReportStatusConfig sc          LEFT JOIN dbo.wap_Status ws              ON UPPER(LTRIM(RTRIM(ws.Code)))               = UPPER(LTRIM(RTRIM(sc.StatusCode)))             AND ws.IsActive = 1          WHERE sc.ProjectId = @ProjectId            AND sc.IsActive = 1            AND sc.IsIncluded = 1            AND NULLIF(LTRIM(RTRIM(sc.StatusCode)), '') IS NOT NULL;            CREATE UNIQUE CLUSTERED INDEX CX_StatusConfig              ON #StatusConfig(StatusCode);            -----------------------------------------------------------------          -- Materialize active categories for the selected template          -----------------------------------------------------------------          DROP TABLE IF EXISTS #CategoryConfig;            SELECT              CategoryCode =                  UPPER(                      COALESCE(                          NULLIF(LTRIM(RTRIM(CONVERT(VARCHAR(20), c.Code))), ''),                          'NO_CATEGORY'                      )                  ),              CategoryName =                  COALESCE(                      NULLIF(LTRIM(RTRIM(CONVERT(VARCHAR(450), c.Description))), ''),                      NULLIF(LTRIM(RTRIM(CONVERT(VARCHAR(20), c.Code))), ''),                      'No category'                  ),              CategoryOrder = COALESCE(c.[Order], 2147483647)          INTO #CategoryConfig          FROM dbo.wap_Category c          WHERE c.TemplateId = @TemplateId            AND c.IsActive = 1;            IF NOT EXISTS (SELECT 1 FROM #CategoryConfig)          BEGIN              THROW 50007, 'The selected template does not contain active categories.', 1;          END;            CREATE UNIQUE CLUSTERED INDEX CX_CategoryConfig              ON #CategoryConfig(CategoryCode);            -----------------------------------------------------------------          -- Single materialization of the external punch source          -----------------------------------------------------------------          DROP TABLE IF EXISTS #PunchBase;            ;WITH SourcePunch AS          (              SELECT                  PunchId = CONVERT(BIGINT, p.Id),                    ProjectId = CONVERT(BIGINT, p.ProjectId),                  TemplateId = CONVERT(BIGINT, p.TemplateID),                    CategoryCode =                      UPPER(                          COALESCE(                              NULLIF(LTRIM(RTRIM(CONVERT(VARCHAR(20), p.CategoryCode))), ''),                              'NO_CATEGORY'                          )                      ),                    StatusCode =                      UPPER(LTRIM(RTRIM(CONVERT(VARCHAR(20), p.StatusCode)))),                    SubsystemCode =                      UPPER(                          COALESCE(                              NULLIF(LTRIM(RTRIM(CONVERT(VARCHAR(255), p.SubSystemCode))), ''),                              'NO_SUBSYSTEM'                          )                      ),                    SubsystemName =                      COALESCE(                          NULLIF(LTRIM(RTRIM(CONVERT(VARCHAR(255), p.SubSystemDesc))), ''),                          NULLIF(LTRIM(RTRIM(CONVERT(VARCHAR(255), p.SubSystemCode))), ''),                          'No subsystem'                      ),                    SubcontractorId =                      COALESCE(CONVERT(BIGINT, p.SubcontractorId), CONVERT(BIGINT, -1)),                    DisciplineCode =                      UPPER(                          COALESCE(                              NULLIF(LTRIM(RTRIM(CONVERT(VARCHAR(20), p.DisciplineCode))), ''),                              'NO_DISCIPLINE'                          )                      ),                    DisciplineName =                      COALESCE(                          NULLIF(LTRIM(RTRIM(CONVERT(VARCHAR(100), p.Discipline))), ''),                          NULLIF(LTRIM(RTRIM(CONVERT(VARCHAR(20), p.DisciplineCode))), ''),                          'No discipline'                      ),                    rn = ROW_NUMBER() OVER                  (                      PARTITION BY p.Id                      ORDER BY p.LastModifiedAt DESC, p.Id DESC                  )              FROM dbo.wap_PunchPaged p              INNER JOIN #StatusConfig sc                  ON sc.StatusCode =                      UPPER(LTRIM(RTRIM(CONVERT(VARCHAR(20), p.StatusCode))))              INNER JOIN #CategoryConfig cc                  ON cc.CategoryCode =                      UPPER(                          COALESCE(                              NULLIF(LTRIM(RTRIM(CONVERT(VARCHAR(20), p.CategoryCode))), ''),                              'NO_CATEGORY'                          )                      )              WHERE p.ProjectId = @ProjectId                AND p.TemplateID = @TemplateId                AND NULLIF(LTRIM(RTRIM(p.StatusCode)), '') IS NOT NULL          )          SELECT              s.PunchId,              s.ProjectId,              s.TemplateId,                s.CategoryCode,              cc.CategoryName,              cc.CategoryOrder,                s.StatusCode,              sc.StatusName,              sc.StatusOrder,              sc.StatusColor,                s.SubsystemCode,              s.SubsystemName,                s.SubcontractorId,              SubcontractorCode =                  CASE                      WHEN s.SubcontractorId = -1 THEN N''                      ELSE CONVERT(NVARCHAR(50), mc.ID_COMPANY)                  END,              SubcontractorName =                  CASE                      WHEN s.SubcontractorId = -1 THEN N'No subcontractor'                      ELSE COALESCE(                          NULLIF(LTRIM(RTRIM(mc.DS_COMPANY)), N''),                          CONVERT(NVARCHAR(50), s.SubcontractorId)                      )                  END,              SubcontractorShortName =                  CASE                      WHEN s.SubcontractorId = -1 THEN N'No subcontractor'                      ELSE COALESCE(                          NULLIF(LTRIM(RTRIM(mc.DS_SHORT_COMPANY)), N''),                          NULLIF(LTRIM(RTRIM(mc.DS_COMPANY)), N''),                          CONVERT(NVARCHAR(50), s.SubcontractorId)                      )                  END,                s.DisciplineCode,              s.DisciplineName          INTO #PunchBase          FROM SourcePunch s          INNER JOIN #StatusConfig sc              ON sc.StatusCode = s.StatusCode          INNER JOIN #CategoryConfig cc              ON cc.CategoryCode = s.CategoryCode          LEFT JOIN dbo.DIM_MASTER_COMPANIES_LH mc              ON mc.ID_COMPANY = TRY_CONVERT(INT, s.SubcontractorId)          WHERE s.rn = 1          OPTION (RECOMPILE);            SET @SourceCount = @@ROWCOUNT;            CREATE UNIQUE CLUSTERED INDEX CX_PunchBase              ON #PunchBase(PunchId);            CREATE NONCLUSTERED INDEX IX_PunchBase_CategoryStatus              ON #PunchBase(CategoryCode, StatusCode)              INCLUDE              (                  CategoryName,                  CategoryOrder,                  StatusName,                  StatusOrder,                  StatusColor              );            CREATE NONCLUSTERED INDEX IX_PunchBase_Subsystem              ON #PunchBase(SubsystemCode, CategoryCode, StatusCode)              INCLUDE              (                  SubsystemName,                  CategoryName,                  CategoryOrder,                  StatusName,                  StatusOrder,                  StatusColor              );            CREATE NONCLUSTERED INDEX IX_PunchBase_Subcontractor              ON #PunchBase              (                  SubcontractorId,                  DisciplineCode,                  CategoryCode,                  StatusCode              )              INCLUDE              (                  SubcontractorCode,                  SubcontractorName,                  SubcontractorShortName,                  DisciplineName,                  CategoryName,                  CategoryOrder,                  StatusName,                  StatusOrder,                  StatusColor              );            -----------------------------------------------------------------          -- Persist all aggregates atomically          -----------------------------------------------------------------          BEGIN TRANSACTION;            INSERT INTO warroom.PunchDashboardSnapshotCategoryStatus          (              SnapshotRunId,              ProjectId,              TemplateId,              CategoryCode,              CategoryName,              CategoryOrder,              StatusCode,              StatusName,              StatusOrder,              StatusColor,              PunchCount          )          SELECT              @SnapshotRunId,              @ProjectId,              @TemplateId,              pb.CategoryCode,              MAX(pb.CategoryName),              MAX(pb.CategoryOrder),              pb.StatusCode,              MAX(pb.StatusName),              MAX(pb.StatusOrder),              MAX(pb.StatusColor),              COUNT_BIG(1)          FROM #PunchBase pb          GROUP BY              pb.CategoryCode,              pb.StatusCode;            INSERT INTO warroom.PunchDashboardSnapshotSubsystem          (              SnapshotRunId,              ProjectId,              TemplateId,              SubsystemCode,              SubsystemName,              CategoryCode,              CategoryName,              CategoryOrder,              StatusCode,              StatusName,              StatusOrder,              StatusColor,              PunchCount          )          SELECT              @SnapshotRunId,              @ProjectId,              @TemplateId,              pb.SubsystemCode,              MAX(pb.SubsystemName),              pb.CategoryCode,              MAX(pb.CategoryName),              MAX(pb.CategoryOrder),              pb.StatusCode,              MAX(pb.StatusName),              MAX(pb.StatusOrder),              MAX(pb.StatusColor),              COUNT_BIG(1)          FROM #PunchBase pb          GROUP BY              pb.SubsystemCode,              pb.CategoryCode,              pb.StatusCode;            INSERT INTO warroom.PunchDashboardSnapshotSubcontractor          (              SnapshotRunId,              ProjectId,              TemplateId,              SubcontractorId,              SubcontractorCode,              SubcontractorName,              SubcontractorShortName,              DisciplineCode,              DisciplineName,              CategoryCode,              CategoryName,              CategoryOrder,              StatusCode,              StatusName,              StatusOrder,              StatusColor,              PunchCount          )          SELECT              @SnapshotRunId,              @ProjectId,              @TemplateId,              pb.SubcontractorId,              MAX(pb.SubcontractorCode),              MAX(pb.SubcontractorName),              MAX(pb.SubcontractorShortName),              pb.DisciplineCode,              MAX(pb.DisciplineName),              pb.CategoryCode,              MAX(pb.CategoryName),              MAX(pb.CategoryOrder),              pb.StatusCode,              MAX(pb.StatusName),              MAX(pb.StatusOrder),              MAX(pb.StatusColor),              COUNT_BIG(1)          FROM #PunchBase pb          GROUP BY              pb.SubcontractorId,              pb.DisciplineCode,              pb.CategoryCode,              pb.StatusCode;            SET @CompletedOn = SYSUTCDATETIME();          SET @DurationMs = DATEDIFF_BIG(MILLISECOND, @StartedOn, @CompletedOn);            UPDATE warroom.PunchDashboardSnapshotRun          SET              Status = 'COMPLETED',              CompletedOn = @CompletedOn,              SourcePunchCount = @SourceCount,              DurationMs = @DurationMs,              ErrorMessage = NULL          WHERE SnapshotRunId = @SnapshotRunId;            COMMIT TRANSACTION;            -----------------------------------------------------------------          -- Retain only the configured number of completed snapshots          -----------------------------------------------------------------          DROP TABLE IF EXISTS #RunsToDelete;            ;WITH RankedRuns AS          (              SELECT                  r.SnapshotRunId,                  rn = ROW_NUMBER() OVER                  (                      PARTITION BY r.ProjectId, r.TemplateId                      ORDER BY r.SnapshotRunId DESC                  )              FROM warroom.PunchDashboardSnapshotRun r              WHERE r.ProjectId = @ProjectId                AND r.TemplateId = @TemplateId                AND r.Status = 'COMPLETED'          )          SELECT SnapshotRunId          INTO #RunsToDelete          FROM RankedRuns          WHERE rn > @KeepCompletedRuns;            DELETE r          FROM warroom.PunchDashboardSnapshotRun r          INNER JOIN #RunsToDelete d              ON d.SnapshotRunId = r.SnapshotRunId;            -----------------------------------------------------------------          -- Flow / Power Apps response          -----------------------------------------------------------------          SELECT              Success = CONVERT(BIT, 1),              SnapshotRunId = @SnapshotRunId,              ProjectId = @ProjectId,              TemplateId = @TemplateId,              SnapshotStatus = CONVERT(VARCHAR(20), 'COMPLETED'),              SourcePunchCount = @SourceCount,              GeneratedOn = @CompletedOn,              DurationMs = @DurationMs,              Message = CONVERT(                  NVARCHAR(4000),                  N'Punch Dashboard snapshot generated successfully.'              );      END TRY      BEGIN CATCH          IF XACT_STATE() <> 0              ROLLBACK TRANSACTION;            SET @CompletedOn = SYSUTCDATETIME();          SET @DurationMs = DATEDIFF_BIG(MILLISECOND, @StartedOn, @CompletedOn);          SET @ErrorMessage =              LEFT(                  CONCAT(                      N'Error ',                      ERROR_NUMBER(),                      N' (line ',                      ERROR_LINE(),                      N'): ',                      ERROR_MESSAGE()                  ),                  4000              );            IF @SnapshotRunId IS NOT NULL          BEGIN              UPDATE warroom.PunchDashboardSnapshotRun              SET                  Status = 'FAILED',                  CompletedOn = @CompletedOn,                  SourcePunchCount = @SourceCount,                  DurationMs = @DurationMs,                  ErrorMessage = @ErrorMessage              WHERE SnapshotRunId = @SnapshotRunId;          END;            EXEC sys.sp_releaseapplock              @Resource = @LockResource,              @LockOwner = 'Session';            THROW;      END CATCH;        EXEC sys.sp_releaseapplock          @Resource = @LockResource,          @LockOwner = 'Session';  END;    GO"
4037,STORED_PROCEDURE,warroom,usp_GetLatestPunchDashboardSnapshot,302A6AF5AE693E14001DDDE372BAA2F579270930CA66B62BC71961DB6A1115D6,"SET ANSI_NULLS ON;  GO  SET QUOTED_IDENTIFIER ON;  GO    /* ============================================================     8. SP PARA LEER EL ÚLTIMO SNAPSHOT VÁLIDO     ============================================================ */    CREATE   PROCEDURE warroom.usp_GetLatestPunchDashboardSnapshot  (      @ProjectId   BIGINT,      @TemplateId  BIGINT  )  AS  BEGIN      SET NOCOUNT ON;        DECLARE @SnapshotRunId BIGINT;        SELECT TOP (1)          @SnapshotRunId = r.SnapshotRunId      FROM warroom.PunchDashboardSnapshotRun r      WHERE r.ProjectId = @ProjectId        AND r.TemplateId = @TemplateId        AND r.Status = 'COMPLETED'      ORDER BY r.SnapshotRunId DESC;        SELECT          SnapshotRunId      = r.SnapshotRunId,          ProjectId          = r.ProjectId,          TemplateId         = r.TemplateId,          SnapshotStatus     = r.Status,          RequestedOn        = r.RequestedOn,          StartedOn          = r.StartedOn,          CompletedOn        = r.CompletedOn,          RequestedBy        = r.RequestedBy,          SourcePunchCount   = r.SourcePunchCount,          DurationMs         = r.DurationMs      FROM warroom.PunchDashboardSnapshotRun r      WHERE r.SnapshotRunId = @SnapshotRunId;        SELECT          SnapshotRunId,          ProjectId,          TemplateId,          CategoryCode,          CategoryName,          CategoryOrder,          StatusCode,          StatusName,          StatusOrder,          StatusColor,          PunchCount      FROM warroom.PunchDashboardSnapshotCategoryStatus      WHERE SnapshotRunId = @SnapshotRunId      ORDER BY CategoryOrder, CategoryCode, StatusOrder, StatusCode;        SELECT          SnapshotRunId,          ProjectId,          TemplateId,          SubsystemCode,          SubsystemName,          CategoryCode,          CategoryName,          CategoryOrder,          StatusCode,          StatusName,          StatusOrder,          StatusColor,          PunchCount      FROM warroom.PunchDashboardSnapshotSubsystem      WHERE SnapshotRunId = @SnapshotRunId      ORDER BY SubsystemCode, CategoryOrder, CategoryCode, StatusOrder, StatusCode;        SELECT          SnapshotRunId,          ProjectId,          TemplateId,          SubcontractorId,          SubcontractorCode,          SubcontractorName,          SubcontractorShortName,          DisciplineCode,          DisciplineName,          CategoryCode,          CategoryName,          CategoryOrder,          StatusCode,          StatusName,          StatusOrder,          StatusColor,          PunchCount      FROM warroom.PunchDashboardSnapshotSubcontractor      WHERE SnapshotRunId = @SnapshotRunId      ORDER BY          SubcontractorName,          DisciplineCode,          CategoryOrder,          CategoryCode,          StatusOrder,          StatusCode;  END;    GO"
4038,STORED_PROCEDURE,warroom,usp_GetOrRefreshPunchDashboardBundle,002C68E0FABF99428BF8670FFC8EE7EC45E54EA49B705F7E5405EBDB347324B3,"SET ANSI_NULLS ON;  GO  SET QUOTED_IDENTIFIER ON;  GO    /*  ===============================================================================  Procedure:      warroom.usp_GetOrRefreshPunchDashboardBundle    Purpose:      Returns the Punch Dashboard bundle for a project and template.        If no completed snapshot exists, or the latest completed snapshot is older      than the configured maximum age, the procedure first generates a new      snapshot and then returns the dashboard bundle.    Dependencies:      warroom.usp_GeneratePunchDashboardSnapshot      warroom.usp_GetPunchDashboardBundle      warroom.PunchDashboardSnapshotRun    Return:      One result set with one column:            result NVARCHAR(MAX)        The result column contains the JSON contract generated by      warroom.usp_GetPunchDashboardBundle.    Notes:      - @ForceRefresh = 1 forces a new snapshot.      - @MaxSnapshotAgeMinutes = 0 also forces a new snapshot.      - The output produced by usp_GeneratePunchDashboardSnapshot is captured        internally so Power Automate receives only the final dashboard result.  ===============================================================================  */    CREATE   PROCEDURE warroom.usp_GetOrRefreshPunchDashboardBundle  (      @ProjectId             BIGINT,      @TemplateId            BIGINT,      @RequestedBy           NVARCHAR(450) = NULL,      @ForceRefresh          BIT = 0,      @MaxSnapshotAgeMinutes INT = 30,      @KeepCompletedRuns     INT = 7  )  AS  BEGIN      SET NOCOUNT ON;      SET XACT_ABORT ON;        ---------------------------------------------------------------------------      -- Input validation      ---------------------------------------------------------------------------      IF @ProjectId IS NULL OR @ProjectId <= 0          THROW 50200, 'ProjectId must be greater than zero.', 1;        IF @TemplateId IS NULL OR @TemplateId <= 0          THROW 50201, 'TemplateId must be greater than zero.', 1;        IF @MaxSnapshotAgeMinutes IS NULL          SET @MaxSnapshotAgeMinutes = 30;        IF @MaxSnapshotAgeMinutes < 0          SET @MaxSnapshotAgeMinutes = 0;        IF @KeepCompletedRuns IS NULL OR @KeepCompletedRuns < 1          SET @KeepCompletedRuns = 1;        IF @KeepCompletedRuns > 20          SET @KeepCompletedRuns = 20;        ---------------------------------------------------------------------------      -- Read latest completed snapshot      ---------------------------------------------------------------------------      DECLARE          @LatestSnapshotRunId BIGINT,          @LatestCompletedOn   DATETIME2(7),          @SnapshotAgeMinutes  INT,          @MustGenerate        BIT = 0;        SELECT TOP (1)          @LatestSnapshotRunId = r.SnapshotRunId,          @LatestCompletedOn = r.CompletedOn      FROM warroom.PunchDashboardSnapshotRun r      WHERE r.ProjectId = @ProjectId        AND r.TemplateId = @TemplateId        AND r.Status = 'COMPLETED'      ORDER BY r.SnapshotRunId DESC;        IF @LatestCompletedOn IS NOT NULL      BEGIN          SET @SnapshotAgeMinutes =              DATEDIFF              (                  MINUTE,                  @LatestCompletedOn,                  SYSUTCDATETIME()              );      END;        ---------------------------------------------------------------------------      -- Decide whether the snapshot must be generated      ---------------------------------------------------------------------------      IF COALESCE(@ForceRefresh, 0) = 1          SET @MustGenerate = 1;        IF @LatestSnapshotRunId IS NULL          SET @MustGenerate = 1;        IF @LatestSnapshotRunId IS NOT NULL         AND COALESCE(@SnapshotAgeMinutes, 2147483647)             >= @MaxSnapshotAgeMinutes      BEGIN          SET @MustGenerate = 1;      END;        ---------------------------------------------------------------------------      -- Generate snapshot when required      --      -- Capture the result set from usp_GeneratePunchDashboardSnapshot so that      -- the caller receives only the final dashboard bundle result set.      ---------------------------------------------------------------------------      IF @MustGenerate = 1      BEGIN          DECLARE @GenerationResult TABLE          (              Success           BIT,              SnapshotRunId     BIGINT,              ProjectId         BIGINT,              TemplateId        BIGINT,              SnapshotStatus    VARCHAR(20),              SourcePunchCount  BIGINT,              GeneratedOn       DATETIME2(7),              DurationMs        BIGINT,              [Message]         NVARCHAR(4000)          );            INSERT INTO @GenerationResult          (              Success,              SnapshotRunId,              ProjectId,              TemplateId,              SnapshotStatus,              SourcePunchCount,              GeneratedOn,              DurationMs,              [Message]          )          EXEC warroom.usp_GeneratePunchDashboardSnapshot              @ProjectId = @ProjectId,              @TemplateId = @TemplateId,              @RequestedBy = @RequestedBy,              @KeepCompletedRuns = @KeepCompletedRuns;            IF NOT EXISTS          (              SELECT 1              FROM @GenerationResult gr              WHERE gr.Success = 1                AND gr.SnapshotStatus = 'COMPLETED'          )          BEGIN              THROW 50202, 'The Punch Dashboard snapshot was not completed.', 1;          END;      END;        ---------------------------------------------------------------------------      -- Return the dashboard JSON bundle      ---------------------------------------------------------------------------      EXEC warroom.usp_GetPunchDashboardBundle          @ProjectId = @ProjectId,          @TemplateId = @TemplateId;  END;    GO"
4039,STORED_PROCEDURE,warroom,usp_GetOverviewSnapshot,A57A6C82479A07F618680614219AC507521788290E0FD61CEC6833D5CCDB1E04,"SET ANSI_NULLS ON;  GO  SET QUOTED_IDENTIFIER ON;  GO    CREATE PROCEDURE [warroom].[usp_GetOverviewSnapshot]  (      @ProjectId       BIGINT,      @SearchSubsystem NVARCHAR(50) = NULL,      @PageNumber      INT = 1,      @PageSize        INT = 50  )  AS  BEGIN      SET NOCOUNT ON;        IF @PageNumber < 1 SET @PageNumber = 1;      IF @PageSize   < 1 SET @PageSize   = 50;        DECLARE @Search NVARCHAR(50) = NULLIF(LTRIM(RTRIM(@SearchSubsystem)), '');        ;WITH S AS      (          SELECT DISTINCT              SubsystemCode          FROM warroom.OverviewSnapshotMetric          WHERE ProjectId = @ProjectId            AND (@Search IS NULL OR SubsystemCode LIKE '%' + @Search + '%')      ),      N AS      (          SELECT              SubsystemCode,              RN = ROW_NUMBER() OVER (ORDER BY SubsystemCode)          FROM S      ),      P AS      (          SELECT SubsystemCode          FROM N          WHERE RN BETWEEN ((@PageNumber - 1) * @PageSize + 1)                      AND ( @PageNumber      * @PageSize)      )      SELECT            --------------------------------------------------------------------          -- Subsystems          --------------------------------------------------------------------          SubsystemsJson =              ISNULL              (                  (                      SELECT                          SubsystemCode                      FROM P                      ORDER BY SubsystemCode                      FOR JSON PATH                  ),                  '[]'              ),            --------------------------------------------------------------------          -- Headers          --------------------------------------------------------------------          HeadersJson =              ISNULL              (                  (                      SELECT                            TemplateId,                            L1NodeId,                          L1Label,                          L1SortOrder,                            L2NodeId,                          L2Label,                          L2SortOrder,                            L3NodeId,                          L3Label,                          L3SortOrder,                            MetricKey,                          MetricSqlKey,                          MetricLabel,                          MetricSortOrder                        FROM warroom.OverviewSnapshotHeader                      WHERE ProjectId = @ProjectId                        ORDER BY                          L1SortOrder,                          L1Label,                          L2SortOrder,                          L2Label,                          L3SortOrder,                          L3Label,                          MetricSortOrder,                          MetricKey                        FOR JSON PATH                  ),                  '[]'              ),            --------------------------------------------------------------------          -- Metrics          --------------------------------------------------------------------          MetricsJson =              ISNULL              (                  (                      SELECT                          m.SubsystemCode,                          m.MetricKey,                          m.MetricValue                      FROM warroom.OverviewSnapshotMetric m                      INNER JOIN P                          ON P.SubsystemCode = m.SubsystemCode                      WHERE m.ProjectId = @ProjectId                      ORDER BY                          m.SubsystemCode,                          m.MetricKey                      FOR JSON PATH                  ),                  '[]'              ),            --------------------------------------------------------------------          -- Snapshot information          --------------------------------------------------------------------          TotalCount =          (              SELECT COUNT(1)              FROM S          ),            GeneratedOn =          (              SELECT GeneratedOn              FROM warroom.OverviewSnapshot              WHERE ProjectId = @ProjectId          );    END;    GO"
4040,STORED_PROCEDURE,warroom,usp_GetProjectInspectionTasks_Filtered,9F683B11FD0C6E51958B58F75D57725B938E57172CE8570FFC972D74C3DE8866,"SET ANSI_NULLS ON;  GO  SET QUOTED_IDENTIFIER ON;  GO    CREATE   PROCEDURE [warroom].[usp_GetProjectInspectionTasks_Filtered]  (      @ProjectId BIGINT,      @SubsystemCode       NVARCHAR(255) = NULL,      @ElementDiscipline   NVARCHAR(50)  = NULL,      @Subcontractor       NVARCHAR(50)  = NULL  -- filtra por dbo.Subcontracts.Code  )  AS  BEGIN      SET NOCOUNT ON;        -------------------------------------------------------------------------      -- 1) Capturamos la salida del Extended (dataset base) en #Base      --    (columnas EXACTAS según el SELECT final del Extended)      -------------------------------------------------------------------------      CREATE TABLE #Base      (          AreaCode                 NVARCHAR(255) NULL,          UnitCode                 NVARCHAR(255) NULL,          SystemCode               NVARCHAR(255) NULL,          SubsystemCode            NVARCHAR(255) NULL,          ElementCode              NVARCHAR(255) NULL,          ElementDiscipline        NVARCHAR(50)  NULL,          ElementLevel             NVARCHAR(100) NULL,          TypeCode                 NVARCHAR(50)  NULL,            InspectionTaskId         INT           NOT NULL,          TaskPhase                NVARCHAR(100) NULL,          FormName                 NVARCHAR(255) NULL,          Sct                      NVARCHAR(50)  NULL,            TaskStatus               NVARCHAR(255) NULL,          TaskActive               BIT           NULL,          ClosingDate              DATETIME      NULL,            SignedBySubcontractor    DATETIME      NULL,          SignedByContractor       DATETIME      NULL,          SignedByCompany          DATETIME      NULL      );        INSERT INTO #Base      EXEC [warroom].[usp_GetProjectInspectionTasksExtended] @ProjectId = @ProjectId;        -------------------------------------------------------------------------      -- 2) Enriquecemos con:      --    - SubcontractCode/Name (InspectionTasks.SubcontractId -> Subcontracts.Id)      --    - TaskCustom (todas sus columnas)      --    - Último comentario + contador (como la vista)      -------------------------------------------------------------------------      SELECT          b.*,            s.Code AS SubcontractCode,          s.Name AS SubcontractName,            tc.CustomJson,          tc.CustomFlag1,          tc.CustomFlag2,          tc.CustomText1,          tc.CustomText2,          tc.CustomDate1,          tc.CustomNumber1,          tc.LastUpdatedByEmail AS CustomLastUpdatedByEmail,          tc.LastUpdatedOn      AS CustomLastUpdatedOn,            lc.LastCommentOn,          lc.LastCommentText,          lc.LastCommentByEmail,            cc.CommentCount        FROM #Base b        -- Para obtener SubcontractId y asegurar el ProjectId real del task      INNER JOIN dbo.InspectionTasks it          ON it.Id = b.InspectionTaskId         AND it.ProjectId = @ProjectId        LEFT JOIN dbo.Subcontracts s          ON s.Id = it.SubcontractId         AND s.ProjectId = @ProjectId        LEFT JOIN warroom.TaskCustom tc          ON tc.TaskId = b.InspectionTaskId         AND tc.ProjectId = @ProjectId        OUTER APPLY      (          SELECT TOP (1)              c.CreatedOn      AS LastCommentOn,              c.CommentText    AS LastCommentText,              c.CreatedByEmail AS LastCommentByEmail          FROM warroom.TaskComment c          WHERE c.ProjectId = @ProjectId            AND c.TaskId    = b.InspectionTaskId            AND c.IsDeleted = 0          ORDER BY c.CreatedOn DESC      ) lc        OUTER APPLY      (          SELECT COUNT(1) AS CommentCount          FROM warroom.TaskComment c          WHERE c.ProjectId = @ProjectId            AND c.TaskId    = b.InspectionTaskId            AND c.IsDeleted = 0      ) cc        WHERE          (@SubsystemCode IS NULL OR b.SubsystemCode = @SubsystemCode)          AND (@ElementDiscipline IS NULL OR b.ElementDiscipline = @ElementDiscipline)          AND (@Subcontractor IS NULL OR s.Code = @Subcontractor)        ORDER BY          b.SubsystemCode,          b.ElementDiscipline,          b.ElementCode,          b.InspectionTaskId;  END;    GO"
4041,STORED_PROCEDURE,warroom,usp_GetProjectInspectionTasks_FilterOptions,1BF9EF8EF6BB1F5669F36B6C430356EB8F45BC041518FF5454BD66FB5219DDCA,"SET ANSI_NULLS ON;  GO  SET QUOTED_IDENTIFIER ON;  GO          CREATE   PROCEDURE [warroom].[usp_GetProjectInspectionTasks_FilterOptions]  (      @ProjectId BIGINT,      @SubsystemCode       NVARCHAR(255) = NULL,      @ElementDiscipline   NVARCHAR(50)  = NULL,      @Subcontractor       NVARCHAR(50)  = NULL  )  AS  BEGIN      SET NOCOUNT ON;        -- Base mínima con filtros aplicados      WITH Base AS      (          SELECT              e.SUBSYSTEM_CODE          AS SubsystemCode,              e.ElementDisciplineName AS ElementDiscipline,              s.Code                    AS SubcontractCode          FROM dbo.InspectionTasks t          INNER JOIN dbo.getProjectElementsDefault_extended(@ProjectId) e              ON t.ElementId = e.ELEMENT_ID          LEFT JOIN dbo.Subcontracts s              ON s.Id = t.SubcontractId             AND s.ProjectId = @ProjectId          WHERE              t.ProjectId = @ProjectId              AND t.Active = 1              AND (@SubsystemCode IS NULL OR e.SUBSYSTEM_CODE = @SubsystemCode)              AND (@ElementDiscipline IS NULL OR e.ElementDisciplineName = @ElementDiscipline)              AND (@Subcontractor IS NULL OR s.Code = @Subcontractor)      )        -- Resultado 1: Subsystems      SELECT DISTINCT SubsystemCode      FROM Base      WHERE SubsystemCode IS NOT NULL      ORDER BY SubsystemCode;        -- Resultado 2: Disciplines      SELECT DISTINCT ElementDiscipline      FROM Base      WHERE ElementDiscipline IS NOT NULL      ORDER BY ElementDiscipline;        -- Resultado 3: Subcontractors      SELECT DISTINCT SubcontractCode      FROM Base      WHERE SubcontractCode IS NOT NULL      ORDER BY SubcontractCode;    END;    GO"
4042,STORED_PROCEDURE,warroom,usp_GetProjectInspectionTasksExtended,8BACAB007285473FF343C3BA1DC7C7E499286C2EDAA0B398979A7548CA4238F1,"SET ANSI_NULLS ON;  GO  SET QUOTED_IDENTIFIER ON;  GO      CREATE   PROCEDURE [warroom].[usp_GetProjectInspectionTasksExtended]    @ProjectId BIGINT   AS   BEGIN    SET NOCOUNT ON;        -- Signs (1 row per task)      CREATE TABLE #SignSub (          InspectionTaskId INT NOT NULL PRIMARY KEY,          [Date] DATETIME NULL      );        INSERT INTO #SignSub (InspectionTaskId, [Date])      SELECT Id, MAX([Date])      FROM getProjectInspectionSignsSubcontractor(@ProjectId)      GROUP BY Id;        CREATE TABLE #SignCon (          InspectionTaskId INT NOT NULL PRIMARY KEY,          [Date] DATETIME NULL      );        INSERT INTO #SignCon (InspectionTaskId, [Date])      SELECT Id, MAX([Date])      FROM getProjectInspectionSignsContractor(@ProjectId)      GROUP BY Id;        CREATE TABLE #SignCom (          InspectionTaskId INT NOT NULL PRIMARY KEY,          [Date] DATETIME NULL      );        INSERT INTO #SignCom (InspectionTaskId, [Date])      SELECT Id, MAX([Date])      FROM getProjectInspectionSignsCompany(@ProjectId)      GROUP BY Id;        -- Elements      CREATE TABLE #Elements (          ELEMENT_ID INT NOT NULL PRIMARY KEY,          AREA_CODE NVARCHAR(255),          UNIT_CODE NVARCHAR(255),          SYSTEM_CODE NVARCHAR(255),          SUBSYSTEM_CODE NVARCHAR(255),          ELEMENT_DISCIPLINE_NAME NVARCHAR(50),          ELEMENT_CODE NVARCHAR(255),          TYPE_CODE NVARCHAR(50),          Active BIT      );        INSERT INTO #Elements      SELECT ELEMENT_ID, AREA_CODE, UNIT_CODE, SYSTEM_CODE, SUBSYSTEM_CODE,             ElementDisciplineName, ELEMENT_CODE, TYPE_CODE, Active      FROM dbo.getProjectElementsDefault_extended(@ProjectId);        -- Tasks (solo las activas del proyecto)      CREATE TABLE #Tasks (          Id INT NOT NULL PRIMARY KEY,          TaskMatrixItemId INT,          ElementId INT,          ClosingDate DATETIME,          Active BIT,          [Status] INT,          ElementTag NVARCHAR(100)      );        CREATE INDEX IX_Tasks_TaskMatrixItemId ON #Tasks(TaskMatrixItemId);      CREATE INDEX IX_Tasks_ElementId ON #Tasks(ElementId);        INSERT INTO #Tasks (Id, TaskMatrixItemId, ElementId, ClosingDate, Active, [Status], ElementTag)      SELECT Id, TaskMatrixItemId, ElementId, ClosingDate, Active, [Status], ElementTag      FROM dbo.InspectionTasks      WHERE ProjectId = @ProjectId        AND Active = 1;        -- Matrix      CREATE TABLE #TaskMatrix (          Id INT NOT NULL PRIMARY KEY,          ElementId INT,          ElementDisciplineName NVARCHAR(100),          ElementLevelName NVARCHAR(100),          ElementTypeCode NVARCHAR(50),          TaskDisciplineName NVARCHAR(100),          FormName NVARCHAR(255),          FormDescription NVARCHAR(500),          DossierTask BIT,          MasterTask BIT,          Sct NVARCHAR(50),          PhaseName NVARCHAR(100)      );        INSERT INTO #TaskMatrix      SELECT Id, ElementId, ElementDisciplineName, ElementLevelName, ElementTypeCode,             TaskDisciplineName, FormName, FormDescription, DossierTask, MasterTask, Sct, PhaseName      FROM dbo.getProjectTaskMatrix_extended(@ProjectId);         -- Punches        --CREATE TABLE #ddbb_punches (      --    ElementCode NVARCHAR(100),      --    Code NVARCHAR(50),      --    CategoryCode NVARCHAR(50),      --    StatusCode NVARCHAR(50)      --);        --INSERT INTO #ddbb_punches      --SELECT Items, Code, CategoryCode, StatusCode      --FROM getProjectPunchPaged(@ProjectId)       --WHERE StatusCode IS NOT NULL;          -- Final join      SELECT          e.AREA_CODE              AS AreaCode,          e.UNIT_CODE              AS UnitCode,          e.SYSTEM_CODE            AS SystemCode,          e.SUBSYSTEM_CODE         AS SubsystemCode,          e.ELEMENT_CODE           AS ElementCode,          e.ELEMENT_DISCIPLINE_NAME AS ElementDiscipline,          m.ElementLevelName       AS ElementLevel,          e.TYPE_CODE              AS TypeCode,            t.Id                     AS InspectionTaskId,          m.PhaseName              AS TaskPhase,          m.FormName,          m.Sct,            ts.StatusName            AS TaskStatus,          t.Active                 AS TaskActive,          t.ClosingDate,            sa.[Date]                AS SignedBySubcontractor,          sb.[Date]                AS SignedByContractor,          sc.[Date]                AS SignedByCompany        FROM #Tasks t      LEFT JOIN #TaskMatrix m ON t.TaskMatrixItemId = m.Id      LEFT JOIN dbo.TaskStatus ts ON t.[Status] = ts.Id      LEFT JOIN #Elements e ON t.ElementId = e.ELEMENT_ID      LEFT JOIN #SignCom sc ON t.Id = sc.InspectionTaskId      LEFT JOIN #SignCon sb ON t.Id = sb.InspectionTaskId      LEFT JOIN #SignSub sa ON t.Id = sa.InspectionTaskId;  END      GO"
4043,STORED_PROCEDURE,warroom,usp_GetProjectInspectionTasksExtended_FilteredPaged,C34ACD4DA17C09CC8CBF9B63BBA2A9403CDDF0032AC90552C8439979A6849433,"SET ANSI_NULLS ON;  GO  SET QUOTED_IDENTIFIER ON;  GO    CREATE PROCEDURE [warroom].[usp_GetProjectInspectionTasksExtended_FilteredPaged]  (      @ProjectId BIGINT,      @SubsystemCode       NVARCHAR(255) = NULL,      @ElementDiscipline   NVARCHAR(50)  = NULL,      @Subcontractor       NVARCHAR(50)  = NULL,      @TaskStatusId        INT = NULL,      @PageNumber INT = 1,      @PageSize   INT = 20,      @L3NodeId   NVARCHAR(50) = NULL,      @ApplyReportScope BIT = 0  )  AS  BEGIN      SET NOCOUNT ON;        IF @PageNumber < 1 SET @PageNumber = 1;      IF @PageSize < 1 SET @PageSize = 20;      IF @PageSize > 2000 SET @PageSize = 2000;      IF @TaskStatusId = 0 SET @TaskStatusId = NULL;        DECLARE @Offset INT = (@PageNumber - 1) * @PageSize;        SET @SubsystemCode     = NULLIF(LTRIM(RTRIM(@SubsystemCode)), '');      SET @ElementDiscipline = NULLIF(LTRIM(RTRIM(@ElementDiscipline)), '');      SET @Subcontractor     = NULLIF(LTRIM(RTRIM(@Subcontractor)), '');      SET @L3NodeId          = NULLIF(LTRIM(RTRIM(@L3NodeId)), '');        DECLARE @L3NodeGuid UNIQUEIDENTIFIER = TRY_CONVERT(UNIQUEIDENTIFIER, @L3NodeId);        IF @L3NodeId IS NOT NULL AND @L3NodeGuid IS NULL      BEGIN          THROW 50001, 'Invalid @L3NodeId. Expected UNIQUEIDENTIFIER text.', 1;      END;        DROP TABLE IF EXISTS #TaskStatus;        SELECT          ts.Id,          ts.StatusName      INTO #TaskStatus      FROM dbo.TaskStatus ts;        CREATE UNIQUE CLUSTERED INDEX IX_TaskStatus_Id          ON #TaskStatus(Id);        DROP TABLE IF EXISTS #Elements;        CREATE TABLE #Elements      (          ELEMENT_ID INT NOT NULL PRIMARY KEY,          AREA_CODE NVARCHAR(255) NULL,          UNIT_CODE NVARCHAR(255) NULL,          SYSTEM_CODE NVARCHAR(255) NULL,          SUBSYSTEM_CODE NVARCHAR(255) NULL,          ELEMENT_CODE NVARCHAR(255) NULL,          TYPE_CODE NVARCHAR(50) NULL,          Active BIT NULL,          ElementDisciplineName NVARCHAR(255) NULL,          ElementDisciplineCode NVARCHAR(50) NULL      );        INSERT INTO #Elements      (          ELEMENT_ID,          AREA_CODE,          UNIT_CODE,          SYSTEM_CODE,          SUBSYSTEM_CODE,          ELEMENT_CODE,          TYPE_CODE,          Active,          ElementDisciplineName,          ElementDisciplineCode      )      SELECT          e.ELEMENT_ID,          e.AREA_CODE,          e.UNIT_CODE,          e.SYSTEM_CODE,          e.SUBSYSTEM_CODE,          e.ELEMENT_CODE,          e.TYPE_CODE,          e.Active,          e.ElementDisciplineName,          e.ElementDisciplineCode      FROM dbo.getProjectElementsDefault_extended(@ProjectId) e      WHERE          (@SubsystemCode IS NULL OR e.SUBSYSTEM_CODE = @SubsystemCode)          AND (@ElementDiscipline IS NULL OR e.ElementDisciplineName = @ElementDiscipline);        DROP TABLE IF EXISTS #BaseKey;        SELECT          t.Id AS InspectionTaskId,            e.AREA_CODE               AS AreaCode,          e.UNIT_CODE               AS UnitCode,          e.SYSTEM_CODE             AS SystemCode,          e.SUBSYSTEM_CODE          AS SubsystemCode,          e.ELEMENT_CODE            AS ElementCode,          e.ElementDisciplineName   AS ElementDiscipline,          e.TYPE_CODE               AS TypeCode,            t.ElementId,          t.TaskMatrixItemId,            t.[Status] AS TaskStatusId,          t.Active,          t.ClosingDate,            s.Code            AS SubcontractCode,          s.SubcontractCode AS SubcontractorName      INTO #BaseKey      FROM dbo.InspectionTasks t      INNER JOIN #Elements e          ON t.ElementId = e.ELEMENT_ID      LEFT JOIN dbo.Subcontracts s          ON s.Id = t.SubcontractId         AND s.ProjectId = @ProjectId      WHERE          t.ProjectId = @ProjectId          AND t.Active = 1          AND (@Subcontractor IS NULL OR s.SubcontractCode = @Subcontractor)          AND (@TaskStatusId IS NULL OR t.[Status] = @TaskStatusId)          AND          (              @ApplyReportScope = 0              OR EXISTS              (                  SELECT 1                  FROM warroom.OverviewSnapshotTaskScope sc                  WHERE sc.ProjectId = @ProjectId                    AND sc.InspectionTaskId = t.Id                    AND                    (                        @L3NodeGuid IS NULL                        OR sc.L3NodeId = @L3NodeGuid                    )              )          );        CREATE CLUSTERED INDEX IX_BaseKey_Order          ON #BaseKey(SubsystemCode, ElementDiscipline, ElementCode, InspectionTaskId);        CREATE UNIQUE NONCLUSTERED INDEX IX_BaseKey_Id          ON #BaseKey(InspectionTaskId);        CREATE NONCLUSTERED INDEX IX_BaseKey_Status          ON #BaseKey(TaskStatusId, InspectionTaskId);        DECLARE @TotalRows INT = (SELECT COUNT(1) FROM #BaseKey);      DECLARE @TotalPages INT = CEILING(1.0 * @TotalRows / NULLIF(@PageSize, 0));        DROP TABLE IF EXISTS #Page;        SELECT          bk.InspectionTaskId      INTO #Page      FROM #BaseKey bk      ORDER BY          bk.SubsystemCode,          bk.ElementDiscipline,          bk.ElementCode,          bk.InspectionTaskId      OFFSET @Offset ROWS FETCH NEXT @PageSize ROWS ONLY;        CREATE UNIQUE CLUSTERED INDEX IX_Page_InspectionTaskId          ON #Page(InspectionTaskId);        DROP TABLE IF EXISTS #TaskMatrix;        CREATE TABLE #TaskMatrix      (          Id INT NOT NULL PRIMARY KEY,          ElementId INT NULL,          ElementDisciplineName NVARCHAR(100) NULL,          ElementLevelName NVARCHAR(100) NULL,          ElementTypeCode NVARCHAR(50) NULL,          TaskDisciplineName NVARCHAR(100) NULL,          FormName NVARCHAR(255) NULL,          FormDescription NVARCHAR(500) NULL,          DossierTask BIT NULL,          MasterTask BIT NULL,          Sct NVARCHAR(50) NULL,          PhaseName NVARCHAR(100) NULL      );        DROP TABLE IF EXISTS #NeedTM;        SELECT DISTINCT          bk.TaskMatrixItemId AS Id      INTO #NeedTM      FROM #BaseKey bk      INNER JOIN #Page p          ON p.InspectionTaskId = bk.InspectionTaskId      WHERE bk.TaskMatrixItemId IS NOT NULL;        CREATE UNIQUE CLUSTERED INDEX IX_NeedTM_Id          ON #NeedTM(Id);        IF EXISTS (SELECT 1 FROM #NeedTM)      BEGIN          DROP TABLE IF EXISTS #TM;            SELECT              tm.Id,              tm.ProjectId,              tm.ElementTypeId,              tm.FormId,              tm.MasterTask,              tm.Deleted,              tm.DossierTask,              tm.Sct,              tm.ElementId,              tm.DisciplineId          INTO #TM          FROM dbo.TaskMatrices tm          INNER JOIN #NeedTM ntm              ON ntm.Id = tm.Id          WHERE tm.ProjectId = @ProjectId;            CREATE UNIQUE CLUSTERED INDEX IX_TM_Id              ON #TM(Id);            CREATE INDEX IX_TM_ElementId              ON #TM(ElementId)              WHERE ElementId IS NOT NULL;            CREATE INDEX IX_TM_FormId              ON #TM(FormId)              WHERE FormId IS NOT NULL;            DROP TABLE IF EXISTS #NeedE;            SELECT DISTINCT              ElementId          INTO #NeedE          FROM #TM          WHERE ElementId IS NOT NULL;            CREATE UNIQUE CLUSTERED INDEX IX_NeedE              ON #NeedE(ElementId);            DROP TABLE IF EXISTS #E;            SELECT              e.Id                  AS ELEMENT_ID,              e.TypeId              AS ElementTypeId,              nl.Name               AS LevelName,              et.Code               AS TYPE_CODE,              CAST(e.Active AS bit) AS Active          INTO #E          FROM dbo.Elements e          INNER JOIN #NeedE ne              ON ne.ElementId = e.Id          LEFT JOIN dbo.NodeLevels nl              ON nl.Id = e.NodeLevelId          LEFT JOIN dbo.ElementTypes et              ON et.Id = e.TypeId          WHERE e.ProjectId = @ProjectId;            CREATE UNIQUE CLUSTERED INDEX IX_E_EID              ON #E(ELEMENT_ID);            CREATE INDEX IX_E_ElementTypeId              ON #E(ElementTypeId)              WHERE ElementTypeId IS NOT NULL;            DROP TABLE IF EXISTS #NeedF;            SELECT DISTINCT              FormId          INTO #NeedF          FROM #TM          WHERE FormId IS NOT NULL;            CREATE UNIQUE CLUSTERED INDEX IX_NeedF_FormId              ON #NeedF(FormId);            DROP TABLE IF EXISTS #F;            SELECT              f.Id          AS FormId,              f.Name        AS FormName,              f.Description AS FormDescription,              f.PhaseId          INTO #F          FROM dbo.Forms f          INNER JOIN #NeedF nf              ON nf.FormId = f.Id          WHERE f.ProjectId = @ProjectId;            CREATE UNIQUE CLUSTERED INDEX IX_F_FormId              ON #F(FormId);            CREATE INDEX IX_F_PhaseId              ON #F(PhaseId)              WHERE PhaseId IS NOT NULL;            DROP TABLE IF EXISTS #NeedP;            SELECT DISTINCT              PhaseId          INTO #NeedP          FROM #F          WHERE PhaseId IS NOT NULL;            CREATE UNIQUE CLUSTERED INDEX IX_NeedP_PhaseId              ON #NeedP(PhaseId);            DROP TABLE IF EXISTS #P;            SELECT              p.Id   AS PhaseId,              p.Name AS PhaseName          INTO #P          FROM dbo.Phases p          INNER JOIN #NeedP np              ON np.PhaseId = p.Id;            CREATE UNIQUE CLUSTERED INDEX IX_P_PhaseId              ON #P(PhaseId);            ;WITH TM_Source AS          (              SELECT                  tm.Id,                  tm.ElementId,                  COALESCE(d_e.Name, d_tm.Name) AS ElementDisciplineName,                  COALESCE(e.LevelName, nl_tm.Name) AS ElementLevelName,                  COALESCE(et_e.Code, et_tm.Code) AS ElementTypeCode,                  COALESCE(d_e.Name, d_tm.Name) AS TaskDisciplineName,                  f.FormName,                  f.FormDescription,                  tm.DossierTask,                  tm.MasterTask,                  tm.Sct,                  p.PhaseName,                  rn = ROW_NUMBER() OVER (                      PARTITION BY tm.Id                      ORDER BY tm.Id                  )              FROM #TM tm              LEFT JOIN #F f                  ON f.FormId = tm.FormId              LEFT JOIN #P p                  ON p.PhaseId = f.PhaseId              LEFT JOIN #E e                  ON e.ELEMENT_ID = tm.ElementId              LEFT JOIN dbo.ElementTypes et_e                  ON et_e.Id = e.ElementTypeId              LEFT JOIN dbo.Disciplines d_e                  ON d_e.Id = et_e.DisciplineId              LEFT JOIN dbo.ElementTypes et_tm                  ON et_tm.Id = tm.ElementTypeId              LEFT JOIN dbo.NodeLevels nl_tm                  ON nl_tm.Id = et_tm.NodeLevelId              LEFT JOIN dbo.Disciplines d_tm                  ON d_tm.Id = tm.DisciplineId              WHERE                  (tm.ElementId IS NULL OR e.Active = 1)                  AND (tm.Deleted = 0 OR tm.Deleted IS NULL)          )          INSERT INTO #TaskMatrix          (              Id,              ElementId,              ElementDisciplineName,              ElementLevelName,              ElementTypeCode,              TaskDisciplineName,              FormName,              FormDescription,              DossierTask,              MasterTask,              Sct,              PhaseName          )          SELECT              Id,              ElementId,              ElementDisciplineName,              ElementLevelName,              ElementTypeCode,              TaskDisciplineName,              FormName,              FormDescription,              DossierTask,              MasterTask,              Sct,              PhaseName          FROM TM_Source          WHERE rn = 1          OPTION (RECOMPILE);      END;        DROP TABLE IF EXISTS #CommentsPage;        ;WITH C AS      (          SELECT              c.TaskId,              c.CreatedOn,              c.CommentText,              c.CreatedByEmail,              ROW_NUMBER() OVER (PARTITION BY c.TaskId ORDER BY c.CreatedOn DESC) AS rn          FROM warroom.TaskComment c          INNER JOIN #Page p              ON p.InspectionTaskId = c.TaskId          WHERE c.ProjectId = @ProjectId            AND c.IsDeleted = 0      ),      Agg AS      (          SELECT              TaskId,              COUNT(1) AS CommentCount          FROM C          GROUP BY TaskId      )      SELECT          p.InspectionTaskId AS TaskId,          MAX(CASE WHEN c.rn = 1 THEN c.CreatedOn END)      AS LastCommentOn,          MAX(CASE WHEN c.rn = 1 THEN c.CommentText END)    AS LastCommentText,          MAX(CASE WHEN c.rn = 1 THEN c.CreatedByEmail END) AS LastCommentByEmail,          COALESCE(a.CommentCount, 0) AS CommentCount      INTO #CommentsPage      FROM #Page p      LEFT JOIN C c          ON c.TaskId = p.InspectionTaskId      LEFT JOIN Agg a          ON a.TaskId = p.InspectionTaskId      GROUP BY          p.InspectionTaskId,          a.CommentCount;        CREATE UNIQUE CLUSTERED INDEX IX_CommentsPage_TaskId          ON #CommentsPage(TaskId);        SELECT          bk.AreaCode,          bk.UnitCode,          bk.SystemCode,          bk.SubsystemCode,          bk.ElementCode,          bk.ElementDiscipline,          m.ElementLevelName AS ElementLevel,          bk.TypeCode,            bk.InspectionTaskId,          m.PhaseName AS TaskPhase,          m.FormName,          m.FormDescription,          m.Sct,            bk.TaskStatusId,          ts.StatusName AS TaskStatus,          bk.Active AS TaskActive,          bk.ClosingDate,            bk.SubcontractCode,          bk.SubcontractorName,            tc.CustomJson,          tc.CustomFlag1,          tc.CustomFlag2,          tc.CustomText1,          tc.CustomText2,          tc.CustomDate1,          tc.CustomNumber1,          tc.LastUpdatedByEmail AS CustomLastUpdatedByEmail,          tc.LastUpdatedOn      AS CustomLastUpdatedOn,            cp.LastCommentOn,          cp.LastCommentText,          cp.LastCommentByEmail,          cp.CommentCount,            @TotalRows  AS TotalRows,          @TotalPages AS TotalPages,          @PageNumber AS PageNumber,          @PageSize   AS PageSize      FROM #Page p      INNER JOIN #BaseKey bk          ON bk.InspectionTaskId = p.InspectionTaskId      LEFT JOIN #TaskMatrix m          ON m.Id = bk.TaskMatrixItemId      LEFT JOIN #TaskStatus ts          ON ts.Id = bk.TaskStatusId      LEFT JOIN warroom.TaskCustom tc          ON tc.ProjectId = @ProjectId         AND tc.TaskId    = bk.InspectionTaskId      LEFT JOIN #CommentsPage cp          ON cp.TaskId = bk.InspectionTaskId      ORDER BY          bk.SubsystemCode,          bk.ElementDiscipline,          bk.ElementCode,          bk.InspectionTaskId;  END    GO"
4044,STORED_PROCEDURE,warroom,usp_GetProjectPunchesExtended_FilteredPaged,CFD348CB9A4CF169D19D3206E32D0E788B820941B2B3CD41EFFA7ECF2ABC9B28,"SET ANSI_NULLS ON;  GO  SET QUOTED_IDENTIFIER ON;  GO  CREATE PROCEDURE [warroom].[usp_GetProjectPunchesExtended_FilteredPaged]  (      @ProjectId           BIGINT,      @SubsystemCode       NVARCHAR(MAX) = NULL,      @TemplateId          BIGINT = NULL,      @CategoryCode        NVARCHAR(50) = NULL,      @StatusCode          NVARCHAR(50) = NULL,      @PunchDiscipline     NVARCHAR(100) = NULL,      @Subcontractor       NVARCHAR(255) = NULL,      @PageNumber          INT = 1,      @PageSize            INT = 20,      @CustomFiltersJson   NVARCHAR(MAX) = NULL  )  AS  BEGIN      SET NOCOUNT ON;        IF @PageNumber < 1 SET @PageNumber = 1;      IF @PageSize < 1 SET @PageSize = 20;      IF @PageSize > 2000 SET @PageSize = 2000;      IF @TemplateId = 0 SET @TemplateId = NULL;        DECLARE @Offset INT = (@PageNumber - 1) * @PageSize;        SET @SubsystemCode = NULLIF(LTRIM(RTRIM(@SubsystemCode)), '');      SET @CategoryCode = NULLIF(LTRIM(RTRIM(@CategoryCode)), '');      SET @StatusCode = NULLIF(LTRIM(RTRIM(@StatusCode)), '');      SET @PunchDiscipline = NULLIF(LTRIM(RTRIM(@PunchDiscipline)), '');      SET @Subcontractor = NULLIF(LTRIM(RTRIM(@Subcontractor)), '');      SET @CustomFiltersJson = NULLIF(LTRIM(RTRIM(@CustomFiltersJson)), '');        IF @SubsystemCode = ' ' SET @SubsystemCode = NULL;        IF @CustomFiltersJson IS NULL OR @CustomFiltersJson = '[]'          SET @CustomFiltersJson = NULL;        DROP TABLE IF EXISTS #SubsystemFilter;        CREATE TABLE #SubsystemFilter      (          SubsystemCode NVARCHAR(255) NOT NULL PRIMARY KEY      );        IF @SubsystemCode IS NOT NULL      BEGIN          INSERT INTO #SubsystemFilter (SubsystemCode)          SELECT DISTINCT              UPPER(LTRIM(RTRIM(value)))          FROM STRING_SPLIT(@SubsystemCode, ',')          WHERE NULLIF(LTRIM(RTRIM(value)), '') IS NOT NULL;      END;        ;WITH PunchBase AS      (          SELECT              h.AreaCode,              h.UnitCode,              h.SystemCode,              SubsystemCode = COALESCE(NULLIF(LTRIM(RTRIM(h.SubsystemCode)), ''), 'NO SUBSYSTEM'),              h.ItemCode AS ElementCode,              h.GroupCode,              h.ModuleCode,              p.ProjectId,              CAST(p.Id AS INT) AS PunchId,              p.TemplateID AS TemplateId,              p.Code,              p.[Description],              p.PunchCoordinator,              p.Originator,              p.CategoryCode,              p.Category,              p.Discipline AS PunchDiscipline,              p.StatusCode,              p.[Status] AS PunchStatus,              p.InspectionCode,              p.InspectionName,              p.InspectionType,              p.EntryType,              p.EntryTypeColor,              p.Topic,              p.RejectCount,              p.Items AS ItemsRaw,              p.SubcontractorId,              SubcontractorCode = CAST(mc.ID_COMPANY AS NVARCHAR(50)),              SubcontractorName = mc.DS_COMPANY,              SubcontractorShortName = mc.DS_SHORT_COMPANY,              p.DepartmentAction,              rn = ROW_NUMBER() OVER              (                  PARTITION BY p.Id                  ORDER BY                      CASE WHEN h.SubsystemCode IS NULL THEN 1 ELSE 0 END,                      h.SubsystemCode,                      h.ItemCode,                      h.AreaCode,                      h.UnitCode,                      h.SystemCode              )          FROM dbo.wap_PunchPaged p          INNER JOIN dbo.wap_ElementHierarchyPunchView h              ON h.ProjectId = p.ProjectId             AND h.PunchId = p.Id          LEFT JOIN dbo.DIM_MASTER_COMPANIES_LH mc              ON mc.ID_COMPANY = TRY_CONVERT(INT, p.SubcontractorId)          WHERE              p.ProjectId = @ProjectId              AND NULLIF(LTRIM(RTRIM(p.StatusCode)), '') IS NOT NULL              AND UPPER(LTRIM(RTRIM(p.StatusCode))) NOT IN ('HOLD', 'VOID')              AND              (                  NOT EXISTS (SELECT 1 FROM #SubsystemFilter)                  OR EXISTS                  (                      SELECT 1                      FROM #SubsystemFilter sf                      WHERE sf.SubsystemCode =                          UPPER(                              COALESCE(                                  NULLIF(LTRIM(RTRIM(h.SubsystemCode)), ''),                                  'NO SUBSYSTEM'                              )                          )                  )              )              AND (@TemplateId IS NULL OR p.TemplateID = @TemplateId)              AND (@CategoryCode IS NULL OR p.CategoryCode = @CategoryCode)              AND (@StatusCode IS NULL OR UPPER(LTRIM(RTRIM(p.StatusCode))) = UPPER(@StatusCode))              AND (@PunchDiscipline IS NULL OR p.Discipline = @PunchDiscipline)              AND              (                  @Subcontractor IS NULL                  OR CAST(p.SubcontractorId AS NVARCHAR(255)) = @Subcontractor                  OR CAST(mc.ID_COMPANY AS NVARCHAR(255)) = @Subcontractor                  OR mc.DS_COMPANY = @Subcontractor                  OR mc.DS_SHORT_COMPANY = @Subcontractor              )      )      SELECT          AreaCode,          UnitCode,          SystemCode,          SubsystemCode,          ElementCode,          GroupCode,          ModuleCode,          ProjectId,          PunchId,          TemplateId,          Code,          [Description],          PunchCoordinator,          Originator,          CategoryCode,          Category,          PunchDiscipline,          StatusCode,          PunchStatus,          InspectionCode,          InspectionName,          InspectionType,          EntryType,          EntryTypeColor,          Topic,          RejectCount,          ItemsRaw,          SubcontractorId,          SubcontractorCode,          SubcontractorName,          SubcontractorShortName,          DepartmentAction      INTO #BaseKey      FROM PunchBase      WHERE rn = 1      OPTION (RECOMPILE);        CREATE UNIQUE CLUSTERED INDEX CX_BaseKey      ON #BaseKey(PunchId);        CREATE NONCLUSTERED INDEX IX_BaseKey_Order      ON #BaseKey(SubsystemCode, PunchDiscipline, ElementCode, PunchId);        CREATE NONCLUSTERED INDEX IX_BaseKey_Filters      ON #BaseKey      (          TemplateId,          CategoryCode,          StatusCode,          PunchDiscipline,          SubsystemCode,          SubcontractorId      );        ---------------------------------------------------------------------      -- Dynamic Custom Filters      ---------------------------------------------------------------------      IF @CustomFiltersJson IS NOT NULL      BEGIN          CREATE TABLE #CustomFilters          (              FieldKey NVARCHAR(100) NOT NULL,              FieldType NVARCHAR(30) NULL,              FilterMode NVARCHAR(30) NULL,              ValueText NVARCHAR(4000) NULL,              ValueJson NVARCHAR(MAX) NULL,              ValueNumberFrom DECIMAL(18,4) NULL,              ValueNumberTo DECIMAL(18,4) NULL,              ValueDateFrom DATE NULL,              ValueDateTo DATE NULL,              ValueBool BIT NULL          );            INSERT INTO #CustomFilters          (              FieldKey,              FieldType,              FilterMode,              ValueText,              ValueJson,              ValueNumberFrom,              ValueNumberTo,              ValueDateFrom,              ValueDateTo,              ValueBool          )          SELECT              FieldKey,              FieldType,              FilterMode,              NULLIF(LTRIM(RTRIM(ValueText)), ''),              NULLIF(LTRIM(RTRIM(ValueJson)), ''),              NULLIF(ValueNumberFrom, 0),              NULLIF(ValueNumberTo, 0),              NULLIF(TRY_CONVERT(DATE, ValueDateFrom), '19000101'),              NULLIF(TRY_CONVERT(DATE, ValueDateTo), '19000101'),              ValueBool          FROM OPENJSON(@CustomFiltersJson)          WITH          (              FieldKey NVARCHAR(100) '$.FieldKey',              FieldType NVARCHAR(30) '$.FieldType',              FilterMode NVARCHAR(30) '$.FilterMode',              ValueText NVARCHAR(4000) '$.ValueText',              ValueJson NVARCHAR(MAX) '$.ValueJson',              ValueNumberFrom DECIMAL(18,4) '$.ValueNumberFrom',              ValueNumberTo DECIMAL(18,4) '$.ValueNumberTo',              ValueDateFrom NVARCHAR(50) '$.ValueDateFrom',              ValueDateTo NVARCHAR(50) '$.ValueDateTo',              ValueBool BIT '$.ValueBool'          )          WHERE NULLIF(LTRIM(RTRIM(FieldKey)), '') IS NOT NULL;            DELETE cf          FROM #CustomFilters cf          WHERE              cf.ValueText IS NULL              AND (cf.ValueJson IS NULL OR cf.ValueJson = '[]')              AND cf.ValueNumberFrom IS NULL              AND cf.ValueNumberTo IS NULL              AND cf.ValueDateFrom IS NULL              AND cf.ValueDateTo IS NULL              AND ISNULL(cf.ValueBool, 0) = 0;            IF EXISTS (SELECT 1 FROM #CustomFilters)          BEGIN              DELETE bk              FROM #BaseKey bk              WHERE EXISTS              (                  SELECT 1                  FROM #CustomFilters cf                  LEFT JOIN warroom.CustomFieldValue v                      ON v.ProjectId = @ProjectId                     AND v.EntityType = 'PUNCH'                     AND v.RecordId = bk.PunchId                     AND v.FieldKey = cf.FieldKey                  WHERE                      (                          cf.ValueText IS NOT NULL                          AND ISNULL(v.ValueText, '') NOT LIKE '%' + cf.ValueText + '%'                      )                      OR                      (                          cf.ValueNumberFrom IS NOT NULL                          AND (v.ValueNumber IS NULL OR v.ValueNumber < cf.ValueNumberFrom)                      )                      OR                      (                          cf.ValueNumberTo IS NOT NULL                          AND (v.ValueNumber IS NULL OR v.ValueNumber > cf.ValueNumberTo)                      )                      OR                      (                          cf.ValueDateFrom IS NOT NULL                          AND (v.ValueDate IS NULL OR v.ValueDate < cf.ValueDateFrom)                      )                      OR                      (                          cf.ValueDateTo IS NOT NULL                          AND (v.ValueDate IS NULL OR v.ValueDate > cf.ValueDateTo)                      )                      OR                      (                          cf.ValueBool = 1                          AND ISNULL(v.ValueBool, 0) <> 1                      )                      OR                      (                          cf.ValueJson IS NOT NULL                          AND cf.ValueJson <> '[]'                          AND LOWER(LTRIM(RTRIM(cf.FieldType))) = 'multichoice'                          AND NOT EXISTS                          (                              SELECT 1                              FROM OPENJSON(                                  CASE                                      WHEN ISJSON(v.ValueJson) = 1 THEN v.ValueJson                                      ELSE N'[]'                                  END                              ) stored                              INNER JOIN OPENJSON(                                  CASE                                      WHEN ISJSON(cf.ValueJson) = 1 THEN cf.ValueJson                                      ELSE N'[]'                                  END                              ) selected                                  ON LTRIM(RTRIM(CONVERT(NVARCHAR(4000), stored.[value])))                                   = LTRIM(RTRIM(CONVERT(NVARCHAR(4000), selected.[value])))                          )                      )                      OR                      (                          cf.ValueJson IS NOT NULL                          AND cf.ValueJson <> '[]'                          AND LOWER(LTRIM(RTRIM(cf.FieldType))) <> 'multichoice'                          AND ISNULL(v.ValueJson, '') NOT LIKE '%' + cf.ValueJson + '%'                      )              );          END      END;        DECLARE @TotalRows INT = (SELECT COUNT(1) FROM #BaseKey);      DECLARE @TotalPages INT = CEILING(1.0 * @TotalRows / NULLIF(@PageSize, 0));        CREATE TABLE #Page      (          PunchId INT NOT NULL PRIMARY KEY      );        INSERT INTO #Page (PunchId)      SELECT bk.PunchId      FROM #BaseKey bk      ORDER BY          CASE WHEN bk.SubsystemCode = 'NO SUBSYSTEM' THEN 1 ELSE 0 END,          bk.SubsystemCode,          bk.PunchDiscipline,          bk.ElementCode,          bk.PunchId      OFFSET @Offset ROWS FETCH NEXT @PageSize ROWS ONLY;        ;WITH C AS      (          SELECT              c.PunchId,              c.CreatedOn,              c.CommentText,              c.CreatedByEmail,              ROW_NUMBER() OVER              (                  PARTITION BY c.PunchId                  ORDER BY c.CreatedOn DESC              ) AS rn          FROM warroom.PunchComment c          INNER JOIN #Page p              ON p.PunchId = c.PunchId          WHERE c.ProjectId = @ProjectId            AND c.IsDeleted = 0      ),      Agg AS      (          SELECT PunchId, COUNT(1) AS CommentCount          FROM C          GROUP BY PunchId      )      SELECT          p.PunchId,          MAX(CASE WHEN c.rn = 1 THEN c.CreatedOn END) AS LastCommentOn,          MAX(CASE WHEN c.rn = 1 THEN c.CommentText END) AS LastCommentText,          MAX(CASE WHEN c.rn = 1 THEN c.CreatedByEmail END) AS LastCommentByEmail,          COALESCE(a.CommentCount, 0) AS CommentCount      INTO #CommentsPage      FROM #Page p      LEFT JOIN C c ON c.PunchId = p.PunchId      LEFT JOIN Agg a ON a.PunchId = p.PunchId      GROUP BY p.PunchId, a.CommentCount;        CREATE UNIQUE CLUSTERED INDEX IX_CommentsPage      ON #CommentsPage(PunchId);        SELECT          bk.AreaCode,          bk.UnitCode,          bk.SystemCode,          bk.SubsystemCode,          bk.ElementCode,          bk.PunchDiscipline AS ElementDiscipline,          NULL AS TypeCode,          bk.ProjectId,          bk.TemplateId,          bk.PunchId AS Id,          bk.Code,          bk.[Description],          bk.PunchCoordinator,          bk.Originator,          bk.CategoryCode,          bk.Category,          bk.PunchDiscipline AS Discipline,          bk.StatusCode,          bk.PunchStatus AS [Status],          bk.InspectionCode,          bk.InspectionName,          bk.InspectionType,          bk.EntryType,          bk.EntryTypeColor,          bk.Topic,          bk.RejectCount,          bk.ElementCode AS ElementCodeMapped,          bk.ItemsRaw,          bk.SubcontractorId,          bk.SubcontractorCode,          bk.SubcontractorName,          bk.SubcontractorShortName,          bk.DepartmentAction,          pc.CustomJson,          pc.CustomFlag1,          pc.CustomText1,          pc.CustomDate1,          pc.CustomNumber1,          pc.LastUpdatedByEmail AS CustomLastUpdatedByEmail,          pc.LastUpdatedOn AS CustomLastUpdatedOn,          cp.LastCommentOn,          cp.LastCommentText,          cp.LastCommentByEmail,          cp.CommentCount,          @TotalRows AS TotalRows,          @TotalPages AS TotalPages,          @PageNumber AS PageNumber,          @PageSize AS PageSize      FROM #Page p      INNER JOIN #BaseKey bk          ON bk.PunchId = p.PunchId      LEFT JOIN warroom.PunchCustom pc          ON pc.ProjectId = @ProjectId         AND pc.PunchId = bk.PunchId      LEFT JOIN #CommentsPage cp          ON cp.PunchId = bk.PunchId      ORDER BY          CASE WHEN bk.SubsystemCode = 'NO SUBSYSTEM' THEN 1 ELSE 0 END,          bk.SubsystemCode,          bk.PunchDiscipline,          bk.ElementCode,          bk.PunchId;  END;  GO"
4045,STORED_PROCEDURE,warroom,usp_GetProjectPunchFilterCatalogs,D57AEFEE2D531EBE8FFB220E799C1CABDDEC866CC64859B174C4BB637ABA6FD5,"SET ANSI_NULLS ON;  GO  SET QUOTED_IDENTIFIER ON;  GO        CREATE   PROCEDURE [warroom].[usp_GetProjectPunchFilterCatalogs]  (      @ProjectId BIGINT  )  AS  BEGIN      SET NOCOUNT ON;        DROP TABLE IF EXISTS #PunchBase;        /* =====================================================         Base punches         Used only for catalogs that must depend on real punches:         - Subsystems         - Statuses         - Disciplines         - Subcontractors           Templates and Categories come from configuration,         not from real punches, so templates with 0 punches         are still available in the filters.      ===================================================== */      SELECT          p.ProjectId,          p.TemplateID,          p.CategoryCode,          p.Category,          p.StatusCode,          p.[Status],          p.Discipline,          p.SubcontractorId,            SubsystemCode =              COALESCE(NULLIF(LTRIM(RTRIM(h.SubsystemCode)), ''), 'NO SUBSYSTEM'),            mc.DS_COMPANY,          mc.DS_SHORT_COMPANY      INTO #PunchBase      FROM dbo.wap_PunchPaged p      INNER JOIN warroom.PunchReportTemplateConfig cfg          ON cfg.ProjectId = p.ProjectId         AND cfg.TemplateId = p.TemplateID         AND cfg.IsActive = 1         AND cfg.IsIncluded = 1      INNER JOIN dbo.wap_ElementHierarchyPunchView h          ON h.ProjectId = p.ProjectId         AND h.PunchId = p.Id      LEFT JOIN dbo.DIM_MASTER_COMPANIES_LH mc          ON mc.ID_COMPANY = TRY_CONVERT(INT, p.SubcontractorId)      WHERE p.ProjectId = @ProjectId        AND NULLIF(LTRIM(RTRIM(p.StatusCode)), '') IS NOT NULL        AND UPPER(LTRIM(RTRIM(p.StatusCode))) NOT IN ('HOLD', 'VOID');        CREATE NONCLUSTERED INDEX IX_PunchBase_Filters      ON #PunchBase(TemplateID, CategoryCode, StatusCode, Discipline, SubsystemCode);        /* =====================================================         Table1 - Subsystems      ===================================================== */      SELECT DISTINCT          Code = SubsystemCode,          Label =              CASE                  WHEN SubsystemCode = 'NO SUBSYSTEM'                      THEN 'NO SUBSYSTEM - Unassigned punches'                  ELSE SubsystemCode              END,          SortOrder =              CASE                  WHEN SubsystemCode = 'NO SUBSYSTEM' THEN 999999                  ELSE 1              END      FROM #PunchBase      ORDER BY          SortOrder,          Code;        /* =====================================================         Table2 - Templates         Source: PunchReportTemplateConfig         Important: include templates even if they have 0 punches.      ===================================================== */      SELECT DISTINCT          TemplateId = TRY_CONVERT(BIGINT, cfg.TemplateId),          TemplateCode = CAST(t.Code AS NVARCHAR(50)),          TemplateLabel =              CAST(                  CONCAT(                      COALESCE(NULLIF(LTRIM(RTRIM(t.Code)), ''), 'TPL'),                      ' - ',                      COALESCE(                          NULLIF(LTRIM(RTRIM(t.Description)), ''),                          CONCAT('Template ', cfg.TemplateId)                      )                  ) AS NVARCHAR(255)              ),          TemplateDescription = CAST(t.Description AS NVARCHAR(255)),          SortOrder = ISNULL(cfg.DisplayOrder, 999)      FROM warroom.PunchReportTemplateConfig cfg      LEFT JOIN dbo.wap_Template t          ON t.Id = cfg.TemplateId      WHERE cfg.ProjectId = @ProjectId        AND cfg.IsActive = 1        AND cfg.IsIncluded = 1      ORDER BY          SortOrder,          TemplateLabel;        /* =====================================================         Table3 - Categories         Source: PunchReportTemplateConfig + wap_Category         Important: include configured template categories even         if there are 0 punches in that category.      ===================================================== */      SELECT DISTINCT          TemplateId = TRY_CONVERT(BIGINT, cfg.TemplateId),          CategoryCode = CAST(c.Code AS NVARCHAR(50)),          CategoryLabel =              CAST(                  COALESCE(                      NULLIF(LTRIM(RTRIM(c.Description)), ''),                      NULLIF(LTRIM(RTRIM(c.Code)), ''),                      'Uncategorized'                  ) AS NVARCHAR(255)              ),          DisplayLabel =              CAST(                  CONCAT(                      COALESCE(NULLIF(LTRIM(RTRIM(c.Code)), ''), 'N/A'),                      ' - ',                      COALESCE(NULLIF(LTRIM(RTRIM(c.Description)), ''), 'Uncategorized')                  ) AS NVARCHAR(255)              ),          SortOrder = ISNULL(c.[Order], 999)      FROM warroom.PunchReportTemplateConfig cfg      INNER JOIN dbo.wap_Category c          ON c.TemplateId = cfg.TemplateId         AND c.IsActive = 1      WHERE cfg.ProjectId = @ProjectId        AND cfg.IsActive = 1        AND cfg.IsIncluded = 1        AND c.Code IS NOT NULL      ORDER BY          TemplateId,          SortOrder,          CategoryCode;        /* =====================================================         Table4 - Statuses         Source: project status config if available.         Fallback: statuses detected in punches.      ===================================================== */      IF EXISTS      (          SELECT 1          FROM warroom.PunchReportStatusConfig sc          WHERE sc.ProjectId = @ProjectId            AND sc.IsActive = 1            AND sc.IsIncluded = 1      )      BEGIN          SELECT DISTINCT              StatusCode = CAST(UPPER(LTRIM(RTRIM(sc.StatusCode))) AS NVARCHAR(50)),              StatusLabel = CAST(UPPER(LTRIM(RTRIM(sc.StatusCode))) AS NVARCHAR(50)),              SortOrder = ISNULL(sc.DisplayOrder, 999)          FROM warroom.PunchReportStatusConfig sc          WHERE sc.ProjectId = @ProjectId            AND sc.IsActive = 1            AND sc.IsIncluded = 1            AND NULLIF(LTRIM(RTRIM(sc.StatusCode)), '') IS NOT NULL            AND UPPER(LTRIM(RTRIM(sc.StatusCode))) NOT IN ('HOLD', 'VOID')          ORDER BY              SortOrder,              StatusCode;      END      ELSE      BEGIN          SELECT DISTINCT              StatusCode = CAST(UPPER(LTRIM(RTRIM(StatusCode))) AS NVARCHAR(50)),              StatusLabel = CAST(UPPER(LTRIM(RTRIM(StatusCode))) AS NVARCHAR(50)),              SortOrder =                  CASE UPPER(LTRIM(RTRIM(StatusCode)))                      WHEN 'OPEN' THEN 1                      WHEN 'EXECUTED' THEN 2                      WHEN 'CLEARED' THEN 3                      WHEN 'VALIDATED' THEN 4                      WHEN 'CLOSED' THEN 5                      ELSE 999                  END          FROM #PunchBase          WHERE StatusCode IS NOT NULL            AND UPPER(LTRIM(RTRIM(StatusCode))) NOT IN ('HOLD', 'VOID')          ORDER BY              SortOrder,              StatusCode;      END;        /* =====================================================         Table5 - Disciplines      ===================================================== */      SELECT DISTINCT          Discipline = CAST(Discipline AS NVARCHAR(100)),          DisciplineLabel = CAST(Discipline AS NVARCHAR(100))      FROM #PunchBase      WHERE NULLIF(LTRIM(RTRIM(Discipline)), '') IS NOT NULL      ORDER BY          Discipline;        /* =====================================================         Table6 - Subcontractors      ===================================================== */      SELECT DISTINCT          SubcontractorId = TRY_CONVERT(INT, SubcontractorId),          SubcontractorCode = CAST(TRY_CONVERT(INT, SubcontractorId) AS NVARCHAR(50)),          SubcontractorName =              CAST(                  COALESCE(                      NULLIF(LTRIM(RTRIM(DS_SHORT_COMPANY)), ''),                      NULLIF(LTRIM(RTRIM(DS_COMPANY)), ''),                      CONCAT('Company ', TRY_CONVERT(INT, SubcontractorId))                  ) AS NVARCHAR(255)              ),          SubcontractorFullName = CAST(DS_COMPANY AS NVARCHAR(255))      FROM #PunchBase      WHERE SubcontractorId IS NOT NULL        AND TRY_CONVERT(INT, SubcontractorId) IS NOT NULL      ORDER BY          SubcontractorName;  END    GO"
4046,STORED_PROCEDURE,warroom,usp_GetProjectPunchFilterCatalogs_V2,1CB0B31F0E1371FB8EC2533560F53EBE4C5DBD934AE53C99C64CE2E325F5AEA7,"SET ANSI_NULLS ON;  GO  SET QUOTED_IDENTIFIER ON;  GO        CREATE   PROCEDURE [warroom].[usp_GetProjectPunchFilterCatalogs_V2]  (      @ProjectId BIGINT  )  AS  BEGIN      SET NOCOUNT ON;        DROP TABLE IF EXISTS #PunchBase;        SELECT          p.ProjectId,          p.TemplateID,          p.CategoryCode,          p.Category,          p.StatusCode,          p.[Status],          p.Discipline,          p.SubcontractorId,          SubsystemCode =              COALESCE(NULLIF(LTRIM(RTRIM(h.SubsystemCode)), ''), 'NO SUBSYSTEM'),          mc.DS_COMPANY,          mc.DS_SHORT_COMPANY      INTO #PunchBase      FROM dbo.wap_PunchPaged p      INNER JOIN warroom.PunchReportTemplateConfig cfg          ON cfg.ProjectId = p.ProjectId         AND cfg.TemplateId = p.TemplateID         AND cfg.IsActive = 1         AND cfg.IsIncluded = 1      INNER JOIN dbo.wap_ElementHierarchyPunchView h          ON h.ProjectId = p.ProjectId         AND h.PunchId = p.Id      LEFT JOIN dbo.DIM_MASTER_COMPANIES_LH mc          ON mc.ID_COMPANY = TRY_CONVERT(INT, p.SubcontractorId)      WHERE p.ProjectId = @ProjectId        AND NULLIF(LTRIM(RTRIM(p.StatusCode)), '') IS NOT NULL        AND UPPER(LTRIM(RTRIM(p.StatusCode))) NOT IN ('HOLD', 'VOID');        CREATE NONCLUSTERED INDEX IX_PunchBase_Filters      ON #PunchBase(TemplateID, CategoryCode, StatusCode, Discipline, SubsystemCode);        /* Subsystems */      SELECT DISTINCT          CatalogKey = CAST('Subsystems' AS NVARCHAR(50)),          Id = CAST(SubsystemCode AS NVARCHAR(255)),          Code = CAST(UPPER(LTRIM(RTRIM(SubsystemCode))) AS NVARCHAR(255)),          Display = CAST(              CASE                  WHEN SubsystemCode = 'NO SUBSYSTEM'                      THEN 'NO SUBSYSTEM - Unassigned punches'                  ELSE SubsystemCode              END AS NVARCHAR(255)          ),          SortOrder = CAST(              CASE WHEN SubsystemCode = 'NO SUBSYSTEM' THEN 999999 ELSE 1 END              AS INT          ),          ParentKey = CAST(NULL AS NVARCHAR(50)),          ParentCode = CAST(NULL AS NVARCHAR(255))      FROM #PunchBase        UNION ALL        /* Templates */      SELECT DISTINCT          CatalogKey = CAST('Templates' AS NVARCHAR(50)),          Id = CAST(TRY_CONVERT(BIGINT, cfg.TemplateId) AS NVARCHAR(255)),          Code = CAST(COALESCE(NULLIF(LTRIM(RTRIM(t.Code)), ''), CAST(cfg.TemplateId AS NVARCHAR(50))) AS NVARCHAR(255)),          Display = CAST(              CONCAT(                  COALESCE(NULLIF(LTRIM(RTRIM(t.Code)), ''), 'TPL'),                  ' - ',                  COALESCE(NULLIF(LTRIM(RTRIM(t.Description)), ''), CONCAT('Template ', cfg.TemplateId))              ) AS NVARCHAR(255)          ),          SortOrder = CAST(ISNULL(cfg.DisplayOrder, 999) AS INT),          ParentKey = CAST(NULL AS NVARCHAR(50)),          ParentCode = CAST(NULL AS NVARCHAR(255))      FROM warroom.PunchReportTemplateConfig cfg      LEFT JOIN dbo.wap_Template t          ON t.Id = cfg.TemplateId      WHERE cfg.ProjectId = @ProjectId        AND cfg.IsActive = 1        AND cfg.IsIncluded = 1        UNION ALL        /* Categories */      SELECT DISTINCT          CatalogKey = CAST('Categories' AS NVARCHAR(50)),          Id = CAST(CONCAT(cfg.TemplateId, '|', c.Code) AS NVARCHAR(255)),          Code = CAST(UPPER(LTRIM(RTRIM(c.Code))) AS NVARCHAR(255)),          Display = CAST(              CONCAT(                  COALESCE(NULLIF(LTRIM(RTRIM(c.Code)), ''), 'N/A'),                  ' - ',                  COALESCE(NULLIF(LTRIM(RTRIM(c.Description)), ''), 'Uncategorized')              ) AS NVARCHAR(255)          ),          SortOrder = CAST(ISNULL(c.[Order], 999) AS INT),          ParentKey = CAST('Templates' AS NVARCHAR(50)),          ParentCode = CAST(cfg.TemplateId AS NVARCHAR(255))      FROM warroom.PunchReportTemplateConfig cfg      INNER JOIN dbo.wap_Category c          ON c.TemplateId = cfg.TemplateId         AND c.IsActive = 1      WHERE cfg.ProjectId = @ProjectId        AND cfg.IsActive = 1        AND cfg.IsIncluded = 1        AND NULLIF(LTRIM(RTRIM(c.Code)), '') IS NOT NULL        UNION ALL        /* Statuses from config */      SELECT DISTINCT          CatalogKey = CAST('Statuses' AS NVARCHAR(50)),          Id = CAST(UPPER(LTRIM(RTRIM(sc.StatusCode))) AS NVARCHAR(255)),          Code = CAST(UPPER(LTRIM(RTRIM(sc.StatusCode))) AS NVARCHAR(255)),          Display = CAST(UPPER(LTRIM(RTRIM(sc.StatusCode))) AS NVARCHAR(255)),          SortOrder = CAST(ISNULL(sc.DisplayOrder, 999) AS INT),          ParentKey = CAST(NULL AS NVARCHAR(50)),          ParentCode = CAST(NULL AS NVARCHAR(255))      FROM warroom.PunchReportStatusConfig sc      WHERE sc.ProjectId = @ProjectId        AND sc.IsActive = 1        AND sc.IsIncluded = 1        AND NULLIF(LTRIM(RTRIM(sc.StatusCode)), '') IS NOT NULL        AND UPPER(LTRIM(RTRIM(sc.StatusCode))) NOT IN ('HOLD', 'VOID')        UNION ALL        /* Statuses fallback from real punches */      SELECT DISTINCT          CatalogKey = CAST('Statuses' AS NVARCHAR(50)),          Id = CAST(UPPER(LTRIM(RTRIM(pb.StatusCode))) AS NVARCHAR(255)),          Code = CAST(UPPER(LTRIM(RTRIM(pb.StatusCode))) AS NVARCHAR(255)),          Display = CAST(UPPER(LTRIM(RTRIM(pb.StatusCode))) AS NVARCHAR(255)),          SortOrder = CAST(              CASE UPPER(LTRIM(RTRIM(pb.StatusCode)))                  WHEN 'OPEN' THEN 1                  WHEN 'EXECUTED' THEN 2                  WHEN 'CLEARED' THEN 3                  WHEN 'VALIDATED' THEN 4                  WHEN 'CLOSED' THEN 5                  ELSE 999              END AS INT          ),          ParentKey = CAST(NULL AS NVARCHAR(50)),          ParentCode = CAST(NULL AS NVARCHAR(255))      FROM #PunchBase pb      WHERE NOT EXISTS      (          SELECT 1          FROM warroom.PunchReportStatusConfig sc          WHERE sc.ProjectId = @ProjectId            AND sc.IsActive = 1            AND sc.IsIncluded = 1      )        AND NULLIF(LTRIM(RTRIM(pb.StatusCode)), '') IS NOT NULL        AND UPPER(LTRIM(RTRIM(pb.StatusCode))) NOT IN ('HOLD', 'VOID')        UNION ALL        /* Disciplines */      SELECT DISTINCT          CatalogKey = CAST('Disciplines' AS NVARCHAR(50)),          Id = CAST(UPPER(LTRIM(RTRIM(Discipline))) AS NVARCHAR(255)),          Code = CAST(UPPER(LTRIM(RTRIM(Discipline))) AS NVARCHAR(255)),          Display = CAST(LTRIM(RTRIM(Discipline)) AS NVARCHAR(255)),          SortOrder = CAST(1 AS INT),          ParentKey = CAST(NULL AS NVARCHAR(50)),          ParentCode = CAST(NULL AS NVARCHAR(255))      FROM #PunchBase      WHERE NULLIF(LTRIM(RTRIM(Discipline)), '') IS NOT NULL        UNION ALL        /* Subcontractors */      SELECT DISTINCT          CatalogKey = CAST('Subcontractors' AS NVARCHAR(50)),          Id = CAST(TRY_CONVERT(INT, SubcontractorId) AS NVARCHAR(255)),          Code = CAST(TRY_CONVERT(INT, SubcontractorId) AS NVARCHAR(255)),          Display = CAST(              COALESCE(                  NULLIF(LTRIM(RTRIM(DS_SHORT_COMPANY)), ''),                  NULLIF(LTRIM(RTRIM(DS_COMPANY)), ''),                  CONCAT('Company ', TRY_CONVERT(INT, SubcontractorId))              ) AS NVARCHAR(255)          ),          SortOrder = CAST(1 AS INT),          ParentKey = CAST(NULL AS NVARCHAR(50)),          ParentCode = CAST(NULL AS NVARCHAR(255))      FROM #PunchBase      WHERE SubcontractorId IS NOT NULL        AND TRY_CONVERT(INT, SubcontractorId) IS NOT NULL        ORDER BY          CatalogKey,          SortOrder,          Display;  END;  GO"
4047,STORED_PROCEDURE,warroom,usp_GetProjectPunchSubcontractors,6CA669781FE91C20E4F9B463069D0DF465936E41B47407CB9E1171AD06B1A009,"SET ANSI_NULLS ON;  GO  SET QUOTED_IDENTIFIER ON;  GO        CREATE   PROCEDURE [warroom].[usp_GetProjectPunchSubcontractors]  (      @ProjectId BIGINT  )  AS  BEGIN      SET NOCOUNT ON;        SELECT DISTINCT          SubcontractorId =              TRY_CONVERT(INT, p.SubcontractorId),            SubcontractorCode =              CAST(TRY_CONVERT(INT, p.SubcontractorId) AS NVARCHAR(50)),            SubcontractorName =              COALESCE(                  NULLIF(LTRIM(RTRIM(mc.DS_SHORT_COMPANY)), ''),                  NULLIF(LTRIM(RTRIM(mc.DS_COMPANY)), ''),                  CONCAT('Company ', TRY_CONVERT(INT, p.SubcontractorId))              ),            SubcontractorFullName =              mc.DS_COMPANY      FROM dbo.wap_PunchPaged p      LEFT JOIN dbo.DIM_MASTER_COMPANIES_LH mc          ON mc.ID_COMPANY = TRY_CONVERT(INT, p.SubcontractorId)      WHERE p.ProjectId = @ProjectId        AND p.SubcontractorId IS NOT NULL        AND TRY_CONVERT(INT, p.SubcontractorId) IS NOT NULL      ORDER BY          SubcontractorName;  END    GO"
4048,STORED_PROCEDURE,warroom,usp_GetProjectPunchSubsystems,95BE76DAFF3A6FA59BA8EA8E0403BB69E12487552CA425F421FC5990E9531EB0,"SET ANSI_NULLS ON;  GO  SET QUOTED_IDENTIFIER ON;  GO        CREATE   PROCEDURE [warroom].[usp_GetProjectPunchSubsystems]  (      @ProjectId BIGINT  )  AS  BEGIN      SET NOCOUNT ON;        ;WITH S AS      (          SELECT DISTINCT              SubsystemCode =                  COALESCE(                      NULLIF(LTRIM(RTRIM(h.SubsystemCode)), ''),                      'NO SUBSYSTEM'                  )          FROM dbo.wap_PunchPaged p          INNER JOIN dbo.wap_ElementHierarchyPunchView h              ON h.ProjectId = p.ProjectId             AND h.PunchId = p.Id          WHERE p.ProjectId = @ProjectId            AND NULLIF(LTRIM(RTRIM(p.StatusCode)), '') IS NOT NULL            AND UPPER(LTRIM(RTRIM(p.StatusCode))) NOT IN ('HOLD', 'VOID')      )      SELECT          Code = SubsystemCode,          Label =              CASE                  WHEN SubsystemCode = 'NO SUBSYSTEM'                      THEN 'NO SUBSYSTEM - Unassigned punches'                  ELSE SubsystemCode              END,          SortOrder =              CASE                  WHEN SubsystemCode = 'NO SUBSYSTEM' THEN 999999                  ELSE 1              END      FROM S      ORDER BY          SortOrder,          Code;  END    GO"
4049,STORED_PROCEDURE,warroom,usp_GetProjectPunchTemplates,544D6C1B63E410B63F1F1CA7D32A6CCC079DAC4225A4474B6AD5F50D98C237F9,"SET ANSI_NULLS ON;  GO  SET QUOTED_IDENTIFIER ON;  GO        CREATE   PROCEDURE warroom.usp_GetProjectPunchTemplates  (      @ProjectId BIGINT  )  AS  BEGIN      SET NOCOUNT ON;        SELECT          ProjectId = tp.ProjectId,          TemplateId = t.Id,          TemplateCode = t.Code,          TemplateName = t.Description,          TemplateIsActive = t.IsActive,          TemplateProjectIsActive = tp.IsActive,          TemplateProjectClosed = tp.Closed,          CategoryCount = COUNT(DISTINCT c.Id),          CategoriesSummary =              STRING_AGG(CAST(c.Code AS NVARCHAR(MAX)), ', '),            IsIncluded =              CAST(                  COALESCE(cfg.IsIncluded, 0)                  AS BIT              ),            DisplayOrder =              COALESCE(                  cfg.DisplayOrder,                  ROW_NUMBER() OVER (ORDER BY t.Code, t.Description)              )      FROM dbo.wap_TemplateProject tp      INNER JOIN dbo.wap_Template t          ON t.Id = tp.TemplateId      LEFT JOIN dbo.wap_Category c          ON c.TemplateId = t.Id         AND c.IsActive = 1      LEFT JOIN warroom.PunchReportTemplateConfig cfg          ON cfg.ProjectId = tp.ProjectId         AND cfg.TemplateId = t.Id         AND cfg.IsActive = 1      WHERE tp.ProjectId = @ProjectId        AND tp.IsActive = 1        AND t.IsActive = 1      GROUP BY          tp.ProjectId,          t.Id,          t.Code,          t.Description,          t.IsActive,          tp.IsActive,          tp.Closed,          cfg.IsIncluded,          cfg.DisplayOrder      ORDER BY          DisplayOrder,          t.Code,          t.Description;  END;  GO"
4050,STORED_PROCEDURE,warroom,usp_GetProjectTaskFilterCatalogs,4EB420214C75007E3CEC91FC2DEDFF4CB175BDA55307B2487E09350F741646CA,"SET ANSI_NULLS ON;  GO  SET QUOTED_IDENTIFIER ON;  GO    CREATE PROCEDURE [warroom].[usp_GetProjectTaskFilterCatalogs]  (      @ProjectId BIGINT  )  AS  BEGIN      SET NOCOUNT ON;        /* =====================================================         Table1 - Subsystems         Source: project elements, not InspectionTasks.         Much faster and complete.      ===================================================== */      SELECT DISTINCT          Code = CAST(e.SUBSYSTEM_CODE AS NVARCHAR(255)),          Label = CAST(e.SUBSYSTEM_CODE AS NVARCHAR(255)),          SortOrder = 1      FROM dbo.getProjectElementsDefault_extended(@ProjectId) e      WHERE NULLIF(LTRIM(RTRIM(e.SUBSYSTEM_CODE)), '') IS NOT NULL      ORDER BY Code;        /* =====================================================         Table2 - Element Disciplines         Source: project elements, not InspectionTasks.      ===================================================== */      SELECT DISTINCT          Discipline = CAST(e.ElementDisciplineName AS NVARCHAR(255)),          DisciplineLabel = CAST(e.ElementDisciplineName AS NVARCHAR(255))      FROM dbo.getProjectElementsDefault_extended(@ProjectId) e      WHERE NULLIF(LTRIM(RTRIM(e.ElementDisciplineName)), '') IS NOT NULL      ORDER BY DisciplineLabel;        /* =====================================================         Table3 - Subcontractors         Source: Subcontracts directly.         If a subcontractor has no active task, it may appear,         but that is acceptable for a filter catalog.      ===================================================== */      SELECT DISTINCT          SubcontractCode = CAST(s.Code AS NVARCHAR(50)),          SubcontractorName =              CAST(                  COALESCE(                      NULLIF(LTRIM(RTRIM(s.SubcontractCode)), ''),                      NULLIF(LTRIM(RTRIM(s.Code)), '')                  ) AS NVARCHAR(255)              ),          DisplayLabel =              CAST(                  CONCAT(                      COALESCE(NULLIF(LTRIM(RTRIM(s.Code)), ''), '-'),                      ' - ',                      COALESCE(NULLIF(LTRIM(RTRIM(s.SubcontractCode)), ''), 'Unnamed subcontractor')                  ) AS NVARCHAR(255)              )      FROM dbo.Subcontracts s      WHERE s.ProjectId = @ProjectId        AND NULLIF(LTRIM(RTRIM(s.Code)), '') IS NOT NULL      ORDER BY DisplayLabel;        /* =====================================================         Table4 - Task Statuses         Source: TaskStatus master.         No need to scan InspectionTasks.      ===================================================== */      SELECT          TaskStatusId = ts.Id,          TaskStatusName =              CAST(                  COALESCE(                      NULLIF(LTRIM(RTRIM(ts.StatusName)), ''),                      CONCAT('Status ', ts.Id)                  ) AS NVARCHAR(100)              ),          DisplayLabel =              CAST(                  CONCAT(                      CAST(ts.Id AS NVARCHAR(20)),                      ' - ',                      COALESCE(                          NULLIF(LTRIM(RTRIM(ts.StatusName)), ''),                          CONCAT('Status ', ts.Id)                      )                  ) AS NVARCHAR(150)              )      FROM dbo.TaskStatus ts      ORDER BY ts.Id;  END    GO"
4051,STORED_PROCEDURE,warroom,usp_GetPulseSubsystemSkyline,36D7831FB8979994E04D5FFA9842D1B90E9D9EB189DDBCEACD25D3227E349155,"SET ANSI_NULLS ON;  GO  SET QUOTED_IDENTIFIER ON;  GO        CREATE   PROCEDURE warroom.usp_GetPulseSubsystemSkyline  (      @ProjectId BIGINT,      @FromDate DATE = NULL,      @ToDate DATE = NULL,      @PunchWeight INT = 3  )  AS  BEGIN      SET NOCOUNT ON;        SET @FromDate = ISNULL(@FromDate, CAST(GETDATE() AS DATE));      SET @ToDate = ISNULL(@ToDate, DATEADD(WEEK, 12, @FromDate));        IF @PunchWeight IS NULL OR @PunchWeight < 1          SET @PunchWeight = 3;        DROP TABLE IF EXISTS #Elements;        CREATE TABLE #Elements      (          ELEMENT_ID INT NOT NULL PRIMARY KEY,          ELEMENT_CODE NVARCHAR(255) NULL,          SUBSYSTEM_CODE NVARCHAR(255) NULL,          ElementDisciplineName NVARCHAR(255) NULL      );        INSERT INTO #Elements      SELECT          e.ELEMENT_ID,          e.ELEMENT_CODE,          e.SUBSYSTEM_CODE,          e.ElementDisciplineName      FROM dbo.getProjectElementsDefault_extended(@ProjectId) e      WHERE e.SUBSYSTEM_CODE IS NOT NULL;        CREATE INDEX IX_Elements_Subsystem ON #Elements(SUBSYSTEM_CODE);      CREATE INDEX IX_Elements_ElementCode ON #Elements(ELEMENT_CODE);        DROP TABLE IF EXISTS #TaskAgg;        SELECT          e.SUBSYSTEM_CODE AS SubsystemCode,          COUNT(1) AS OpenTasks      INTO #TaskAgg      FROM dbo.InspectionTasks t      INNER JOIN #Elements e          ON e.ELEMENT_ID = t.ElementId      LEFT JOIN dbo.TaskStatus ts          ON ts.Id = t.[Status]      WHERE          t.ProjectId = @ProjectId          AND t.Active = 1          AND ISNULL(ts.StatusName, '') NOT IN ('Done', 'Closed', 'Completed')      GROUP BY          e.SUBSYSTEM_CODE;        CREATE UNIQUE CLUSTERED INDEX IX_TaskAgg_Subsystem      ON #TaskAgg(SubsystemCode);        DROP TABLE IF EXISTS #PunchAgg;        SELECT          e.SUBSYSTEM_CODE AS SubsystemCode,          COUNT(1) AS OpenPunches      INTO #PunchAgg      FROM dbo.getProjectPunchPaged(@ProjectId) p      INNER JOIN #Elements e          ON e.ELEMENT_CODE = p.Items      WHERE          NULLIF(LTRIM(RTRIM(p.StatusCode)), '') IS NOT NULL          AND ISNULL(p.[Status], '') NOT IN ('Closed', 'Completed', 'Cancelled')      GROUP BY          e.SUBSYSTEM_CODE;        CREATE UNIQUE CLUSTERED INDEX IX_PunchAgg_Subsystem      ON #PunchAgg(SubsystemCode);        DROP TABLE IF EXISTS #Skyline;        SELECT          m.Id,          m.ProjectId,          m.SubsystemCode,          m.PlannedDate,          m.ForecastDate,          m.ActualDate,          COALESCE(m.ForecastDate, m.PlannedDate) AS SkylineDate,            DATEADD(              DAY,              (7 - DATEPART(WEEKDAY, COALESCE(m.ForecastDate, m.PlannedDate)) + @@DATEFIRST) % 7,              COALESCE(m.ForecastDate, m.PlannedDate)          ) AS WeekEnding,            ISNULL(t.OpenTasks, 0) AS OpenTasks,          ISNULL(p.OpenPunches, 0) AS OpenPunches,          ISNULL(t.OpenTasks, 0) + (ISNULL(p.OpenPunches, 0) * @PunchWeight) AS WorkloadScore,            CASE              WHEN COALESCE(m.ForecastDate, m.PlannedDate) IS NULL THEN NULL              ELSE DATEDIFF(DAY, CAST(GETDATE() AS DATE), COALESCE(m.ForecastDate, m.PlannedDate))          END AS DaysRemaining,            m.Notes      INTO #Skyline      FROM warroom.SubsystemMilestone m      LEFT JOIN #TaskAgg t          ON t.SubsystemCode = m.SubsystemCode      LEFT JOIN #PunchAgg p          ON p.SubsystemCode = m.SubsystemCode      WHERE          m.ProjectId = @ProjectId          AND (              COALESCE(m.ForecastDate, m.PlannedDate) IS NULL              OR COALESCE(m.ForecastDate, m.PlannedDate) BETWEEN @FromDate AND @ToDate          );        CREATE CLUSTERED INDEX IX_Skyline_Order      ON #Skyline(WeekEnding, SubsystemCode);        SELECT          Id,          ProjectId,          SubsystemCode,          PlannedDate,          ForecastDate,          ActualDate,          SkylineDate,          WeekEnding,          OpenTasks,          OpenPunches,          WorkloadScore,          DaysRemaining,            CASE              WHEN ActualDate IS NOT NULL THEN 'Delivered'              WHEN SkylineDate IS NULL THEN 'No Date'              WHEN SkylineDate < CAST(GETDATE() AS DATE) THEN 'Overdue'              WHEN DaysRemaining <= 14                   AND (OpenTasks > 0 OR OpenPunches > 0)                   THEN 'Critical'              WHEN DaysRemaining <= 30                   AND (OpenTasks > 0 OR OpenPunches > 0)                   THEN 'At Risk'              WHEN OpenPunches > 0 THEN 'Attention'              ELSE 'On Track'          END AS RiskStatus,            CASE              WHEN ActualDate IS NOT NULL THEN 100              WHEN SkylineDate IS NULL THEN 0              WHEN SkylineDate < CAST(GETDATE() AS DATE) THEN 20              WHEN OpenTasks = 0 AND OpenPunches = 0 THEN 95              WHEN DaysRemaining <= 14 THEN 35              WHEN DaysRemaining <= 30 THEN 55              ELSE 75          END AS ReadinessScore,            Notes,          @PunchWeight AS PunchWeight        FROM #Skyline      ORDER BY          WeekEnding,          SubsystemCode;  END;    GO"
4052,STORED_PROCEDURE,warroom,usp_GetPunchCommentsPaged,82912EF185C219992822D999441C29BE451BD445B7213322F3E8A668FE2B2391,"SET ANSI_NULLS ON;  GO  SET QUOTED_IDENTIFIER ON;  GO        CREATE   PROCEDURE warroom.usp_GetPunchCommentsPaged  (      @ProjectId BIGINT,      @PunchId   INT,      @PageNumber INT = 1,      @PageSize   INT = 20  )  AS  BEGIN      SET NOCOUNT ON;        IF @PageNumber < 1 SET @PageNumber = 1;      IF @PageSize   < 1 SET @PageSize = 20;      IF @PageSize > 200 SET @PageSize = 200;        DECLARE @Offset INT = (@PageNumber - 1) * @PageSize;        DECLARE @TotalRows INT =      (          SELECT COUNT(1)          FROM warroom.PunchComment c          WHERE c.ProjectId = @ProjectId            AND c.PunchId = @PunchId            AND c.IsDeleted = 0      );        DECLARE @TotalPages INT = CEILING(1.0 * @TotalRows / NULLIF(@PageSize,0));        SELECT          c.PunchCommentId AS CommentId,  -- 👈 mismo nombre          c.PunchId,          c.CommentType,          c.CreatedOn,          c.CreatedByEmail,          c.CreatedByName,          c.ModifiedOn,          c.ModifiedByEmail,          c.CommentText,            @TotalRows  AS TotalRows,          @TotalPages AS TotalPages,          @PageNumber AS PageNumber,          @PageSize   AS PageSize      FROM warroom.PunchComment c      WHERE c.ProjectId = @ProjectId        AND c.PunchId = @PunchId        AND c.IsDeleted = 0      ORDER BY          c.CreatedOn DESC,          c.PunchCommentId DESC      OFFSET @Offset ROWS FETCH NEXT @PageSize ROWS ONLY;  END;    GO"
4053,STORED_PROCEDURE,warroom,usp_GetPunchDashboardBundle,8B0F1E8B9FFB12A79A98D1CD1BC84DC5E68AAE10EBA9D20F95A23347A0480737,"SET ANSI_NULLS ON;  GO  SET QUOTED_IDENTIFIER ON;  GO   CREATE   PROCEDURE warroom.usp_GetPunchDashboardBundle (     @ProjectId  BIGINT,     @TemplateId BIGINT ) AS BEGIN     SET NOCOUNT ON;     SET XACT_ABORT ON;      IF @ProjectId IS NULL OR @ProjectId <= 0         THROW 50100, 'ProjectId is required.', 1;      IF @TemplateId IS NULL OR @TemplateId <= 0         THROW 50101, 'TemplateId is required.', 1;      DECLARE @SnapshotRunId BIGINT;     DECLARE @PreviousSnapshotRunId BIGINT;     DECLARE @SnapshotInfo NVARCHAR(MAX) = N'[]';     DECLARE @Summary NVARCHAR(MAX) = N'[]';     DECLARE @Matrix NVARCHAR(MAX) = N'[]';     DECLARE @Timeline NVARCHAR(MAX) = N'[]';     DECLARE @Subsystems NVARCHAR(MAX) = N'[]';     DECLARE @Subcontractors NVARCHAR(MAX) = N'[]';     DECLARE @Insights NVARCHAR(MAX) = N'[]';     DECLARE @Result NVARCHAR(MAX);      SELECT TOP (1)         @SnapshotRunId = r.SnapshotRunId     FROM warroom.PunchDashboardSnapshotRun r     WHERE r.ProjectId = @ProjectId       AND r.TemplateId = @TemplateId       AND r.Status = 'COMPLETED'     ORDER BY r.SnapshotRunId DESC;      IF @SnapshotRunId IS NOT NULL     BEGIN         SELECT TOP (1)             @PreviousSnapshotRunId = r.SnapshotRunId         FROM warroom.PunchDashboardSnapshotRun r         WHERE r.ProjectId = @ProjectId           AND r.TemplateId = @TemplateId           AND r.Status = 'COMPLETED'           AND r.SnapshotRunId < @SnapshotRunId         ORDER BY r.SnapshotRunId DESC;         SELECT @SnapshotInfo =         (             SELECT                 r.SnapshotRunId,                 PreviousSnapshotRunId = @PreviousSnapshotRunId,                 GeneratedOn = r.CompletedOn,                 r.SourcePunchCount,                 r.DurationMs,                 DataVersion = N'3.0'             FROM warroom.PunchDashboardSnapshotRun r             WHERE r.SnapshotRunId = @SnapshotRunId             FOR JSON PATH         );          ;WITH CurrentSummary AS         (             SELECT                 cs.StatusCode,                 StatusName = MAX(cs.StatusName),                 StatusOrder = MAX(cs.StatusOrder),                 StatusColor = MAX(cs.StatusColor),                 PunchCount = SUM(cs.PunchCount)             FROM warroom.PunchDashboardSnapshotCategoryStatus cs             WHERE cs.SnapshotRunId = @SnapshotRunId             GROUP BY cs.StatusCode         ),         PreviousSummary AS         (             SELECT                 cs.StatusCode,                 PreviousPunchCount = SUM(cs.PunchCount)             FROM warroom.PunchDashboardSnapshotCategoryStatus cs             WHERE cs.SnapshotRunId = @PreviousSnapshotRunId             GROUP BY cs.StatusCode         )         SELECT @Summary =         (             SELECT                 c.StatusCode,                 c.StatusName,                 c.StatusOrder,                 c.StatusColor,                 c.PunchCount,                 PreviousPunchCount = COALESCE(p.PreviousPunchCount, c.PunchCount),                 Delta = c.PunchCount - COALESCE(p.PreviousPunchCount, c.PunchCount),                 DeltaPercent =                     CONVERT(                         DECIMAL(10,2),                         CASE                             WHEN COALESCE(p.PreviousPunchCount, 0) = 0 THEN 0                             ELSE                                 ((c.PunchCount - p.PreviousPunchCount) * 100.0)                                 / NULLIF(p.PreviousPunchCount, 0)                         END                     ),                 Trend =                     CASE                         WHEN @PreviousSnapshotRunId IS NULL THEN N'Neutral'                         WHEN c.PunchCount > COALESCE(p.PreviousPunchCount, 0) THEN N'Up'                         WHEN c.PunchCount < COALESCE(p.PreviousPunchCount, 0) THEN N'Down'                         ELSE N'Neutral'                     END             FROM CurrentSummary c             LEFT JOIN PreviousSummary p                 ON p.StatusCode = c.StatusCode             ORDER BY c.StatusOrder, c.StatusCode             FOR JSON PATH         );          ;WITH MatrixBase AS         (             SELECT                 cs.CategoryCode,                 cs.CategoryName,                 cs.CategoryOrder,                 cs.StatusCode,                 cs.StatusName,                 cs.StatusOrder,                 cs.StatusColor,                 cs.PunchCount,                 MaxPunchCount = MAX(cs.PunchCount) OVER ()             FROM warroom.PunchDashboardSnapshotCategoryStatus cs             WHERE cs.SnapshotRunId = @SnapshotRunId         )         SELECT @Matrix =         (             SELECT                 m.CategoryCode,                 m.CategoryName,                 m.CategoryOrder,                 m.StatusCode,                 m.StatusName,                 m.StatusOrder,                 m.StatusColor,                 m.PunchCount,                 Intensity = CONVERT(INT, CASE WHEN COALESCE(m.MaxPunchCount, 0) = 0 THEN 0 ELSE ROUND((m.PunchCount * 100.0) / NULLIF(m.MaxPunchCount, 0), 0) END),                 IntensityBand =                     CASE                         WHEN m.PunchCount = 0 THEN N'NONE'                         WHEN (m.PunchCount * 100.0) / NULLIF(m.MaxPunchCount, 0) <= 25 THEN N'LOW'                         WHEN (m.PunchCount * 100.0) / NULLIF(m.MaxPunchCount, 0) <= 50 THEN N'MEDIUM'                         WHEN (m.PunchCount * 100.0) / NULLIF(m.MaxPunchCount, 0) <= 75 THEN N'HIGH'                         ELSE N'CRITICAL'                     END             FROM MatrixBase m             ORDER BY m.CategoryOrder, m.CategoryCode, m.StatusOrder, m.StatusCode             FOR JSON PATH         );           ;WITH LatestSnapshots AS         (             SELECT TOP (7)                 r.SnapshotRunId,                 SnapshotDate = r.CompletedOn,                 SnapshotSequence =                     ROW_NUMBER() OVER (ORDER BY r.SnapshotRunId ASC)             FROM warroom.PunchDashboardSnapshotRun r             WHERE r.ProjectId = @ProjectId               AND r.TemplateId = @TemplateId               AND r.Status = 'COMPLETED'             ORDER BY r.SnapshotRunId DESC         ),         TimelineBase AS         (             SELECT                 ls.SnapshotRunId,                 ls.SnapshotDate,                 ls.SnapshotSequence,                 OpenCount =                     SUM(                         CASE                             WHEN UPPER(cs.StatusCode) IN ('OPEN', 'O')                               OR UPPER(cs.StatusName) = 'OPEN'                             THEN cs.PunchCount ELSE 0                         END                     ),                 ClearedCount =                     SUM(                         CASE                             WHEN UPPER(cs.StatusCode) IN ('CLEARED', 'CLEAR', 'C')                               OR UPPER(cs.StatusName) = 'CLEARED'                             THEN cs.PunchCount ELSE 0                         END                     ),                 ClosedCount =                     SUM(                         CASE                             WHEN UPPER(cs.StatusCode) IN ('CLOSED', 'CLOSE', 'CL')                               OR UPPER(cs.StatusName) = 'CLOSED'                             THEN cs.PunchCount ELSE 0                         END                     )             FROM LatestSnapshots ls             LEFT JOIN warroom.PunchDashboardSnapshotCategoryStatus cs                 ON cs.SnapshotRunId = ls.SnapshotRunId             GROUP BY                 ls.SnapshotRunId,                 ls.SnapshotDate,                 ls.SnapshotSequence         )         SELECT @Timeline =         (             SELECT                 t.SnapshotRunId,                 t.SnapshotDate,                 t.SnapshotSequence,                 [Open] = COALESCE(t.OpenCount, 0),                 Cleared = COALESCE(t.ClearedCount, 0),                 Closed = COALESCE(t.ClosedCount, 0),                 Total =                     COALESCE(t.OpenCount, 0) +                     COALESCE(t.ClearedCount, 0) +                     COALESCE(t.ClosedCount, 0),                 OpenDelta =                     COALESCE(t.OpenCount, 0) -                     COALESCE(                         LAG(t.OpenCount) OVER (ORDER BY t.SnapshotDate, t.SnapshotRunId),                         t.OpenCount,                         0                     ),                 OpenDeltaPercent =                     CONVERT(                         DECIMAL(10,2),                         CASE                             WHEN COALESCE(                                 LAG(t.OpenCount) OVER (ORDER BY t.SnapshotDate, t.SnapshotRunId),                                 0                             ) = 0                             THEN 0                             ELSE                                 (                                     (                                         COALESCE(t.OpenCount, 0) -                                         LAG(t.OpenCount) OVER (ORDER BY t.SnapshotDate, t.SnapshotRunId)                                     ) * 100.0                                 )                                 / NULLIF(                                     LAG(t.OpenCount) OVER (ORDER BY t.SnapshotDate, t.SnapshotRunId),                                     0                                 )                         END                     )             FROM TimelineBase t             ORDER BY t.SnapshotDate, t.SnapshotRunId             FOR JSON PATH         );          SELECT @Subsystems =         (             SELECT                 s.SubsystemCode,                 s.SubsystemName,                 s.CategoryCode,                 s.CategoryName,                 s.StatusCode,                 s.StatusName,                 s.StatusOrder,                 s.StatusColor,                 s.PunchCount             FROM warroom.PunchDashboardSnapshotSubsystem s             WHERE s.SnapshotRunId = @SnapshotRunId             ORDER BY s.SubsystemCode, s.CategoryOrder, s.StatusOrder             FOR JSON PATH         );          SELECT @Subcontractors =         (             SELECT                 s.SubcontractorId,                 s.SubcontractorName,                 s.DisciplineCode,                 s.DisciplineName,                 s.CategoryCode,                 s.CategoryName,                 s.StatusCode,                 s.StatusName,                 s.StatusOrder,                 s.StatusColor,                 s.PunchCount             FROM warroom.PunchDashboardSnapshotSubcontractor s             WHERE s.SnapshotRunId = @SnapshotRunId             ORDER BY s.SubcontractorName, s.DisciplineCode, s.CategoryOrder, s.StatusOrder             FOR JSON PATH         );          /*             Executive insights are intentionally deterministic and derived only             from the snapshot contract already consumed by Power Apps.         */         ;WITH CurrentStatus AS         (             SELECT                 cs.StatusCode,                 StatusName = MAX(cs.StatusName),                 PunchCount = SUM(cs.PunchCount)             FROM warroom.PunchDashboardSnapshotCategoryStatus cs             WHERE cs.SnapshotRunId = @SnapshotRunId             GROUP BY cs.StatusCode         ),         PreviousStatus AS         (             SELECT                 cs.StatusCode,                 PunchCount = SUM(cs.PunchCount)             FROM warroom.PunchDashboardSnapshotCategoryStatus cs             WHERE cs.SnapshotRunId = @PreviousSnapshotRunId             GROUP BY cs.StatusCode         ),         OpenTrend AS         (             SELECT TOP (1)                 c.StatusCode,                 c.StatusName,                 CurrentCount = c.PunchCount,                 PreviousCount = COALESCE(p.PunchCount, c.PunchCount),                 Delta = c.PunchCount - COALESCE(p.PunchCount, c.PunchCount),                 DeltaPercent = CONVERT(DECIMAL(10,2),                     CASE WHEN COALESCE(p.PunchCount, 0) = 0 THEN 0                          ELSE ((c.PunchCount - p.PunchCount) * 100.0) / NULLIF(p.PunchCount, 0) END)             FROM CurrentStatus c             LEFT JOIN PreviousStatus p ON p.StatusCode = c.StatusCode             WHERE UPPER(c.StatusCode) IN ('OPEN','O') OR UPPER(c.StatusName) = 'OPEN'         ),         ClosedTrend AS         (             SELECT TOP (1)                 c.StatusCode,                 c.StatusName,                 CurrentCount = c.PunchCount,                 PreviousCount = COALESCE(p.PunchCount, c.PunchCount),                 Delta = c.PunchCount - COALESCE(p.PunchCount, c.PunchCount),                 DeltaPercent = CONVERT(DECIMAL(10,2),                     CASE WHEN COALESCE(p.PunchCount, 0) = 0 THEN 0                          ELSE ((c.PunchCount - p.PunchCount) * 100.0) / NULLIF(p.PunchCount, 0) END)             FROM CurrentStatus c             LEFT JOIN PreviousStatus p ON p.StatusCode = c.StatusCode             WHERE UPPER(c.StatusCode) IN ('CLOSED','CLOSE','CL') OR UPPER(c.StatusName) = 'CLOSED'         ),         TopHotspot AS         (             SELECT TOP (1)                 cs.CategoryCode, cs.CategoryName, cs.StatusCode, cs.StatusName, cs.PunchCount             FROM warroom.PunchDashboardSnapshotCategoryStatus cs             WHERE cs.SnapshotRunId = @SnapshotRunId               AND cs.PunchCount > 0             ORDER BY cs.PunchCount DESC, cs.CategoryOrder, cs.StatusOrder         ),         TopSubsystem AS         (             SELECT TOP (1)                 s.SubsystemCode, s.SubsystemName, s.CategoryCode, s.CategoryName,                 s.StatusCode, s.StatusName, s.PunchCount             FROM warroom.PunchDashboardSnapshotSubsystem s             WHERE s.SnapshotRunId = @SnapshotRunId               AND s.PunchCount > 0             ORDER BY s.PunchCount DESC, s.SubsystemCode, s.CategoryOrder, s.StatusOrder         ),         TopSubcontractor AS         (             SELECT TOP (1)                 s.SubcontractorId, s.SubcontractorName, s.DisciplineCode, s.DisciplineName,                 s.CategoryCode, s.CategoryName, s.StatusCode, s.StatusName, s.PunchCount             FROM warroom.PunchDashboardSnapshotSubcontractor s             WHERE s.SnapshotRunId = @SnapshotRunId               AND s.PunchCount > 0             ORDER BY s.PunchCount DESC, s.SubcontractorName, s.DisciplineCode, s.CategoryOrder, s.StatusOrder         ),         InsightRows AS         (             SELECT                 InsightId = 1,                 Priority = CASE WHEN o.Delta > 0 THEN 1 WHEN o.Delta < 0 THEN 3 ELSE 8 END,                 Severity = CASE WHEN o.Delta > 0 THEN N'CRITICAL' WHEN o.Delta < 0 THEN N'SUCCESS' ELSE N'INFO' END,                 InsightType = N'OPEN_TREND',                 Title = CASE WHEN o.Delta > 0 THEN N'Open punches are increasing'                              WHEN o.Delta < 0 THEN N'Open punch backlog is reducing'                              ELSE N'Open punch backlog is stable' END,                 [Message] = N'Latest snapshot contains ' + FORMAT(o.CurrentCount, 'N0', 'en-US') +                     N' open punches; change versus the previous snapshot: ' +                     CASE WHEN o.Delta > 0 THEN N'+' ELSE N'' END + FORMAT(o.Delta, 'N0', 'en-US') + N'.',                 MetricValue = CONVERT(DECIMAL(18,2), o.DeltaPercent),                 MetricLabel = N'%',                 StatusCode = o.StatusCode,                 CategoryCode = CONVERT(NVARCHAR(100), N''),                 SubsystemCode = CONVERT(NVARCHAR(100), N''),                 SubcontractorId = CONVERT(BIGINT, -1),                 DisciplineCode = CONVERT(NVARCHAR(100), N'')             FROM OpenTrend o              UNION ALL              SELECT                 2, 2, N'WARNING', N'HOTSPOT',                 N'Largest category/status hotspot',                 COALESCE(h.CategoryName, h.CategoryCode) + N' / ' + COALESCE(h.StatusName, h.StatusCode) +                     N' is the largest matrix cell with ' + FORMAT(h.PunchCount, 'N0', 'en-US') + N' punches.',                 CONVERT(DECIMAL(18,2), h.PunchCount), N'punches', h.StatusCode, h.CategoryCode, N'', -1, N''             FROM TopHotspot h              UNION ALL              SELECT                 3, 4, N'WARNING', N'SUBSYSTEM',                 N'Highest-volume TOP Code',                 COALESCE(s.SubsystemCode, N'Unassigned') + N' carries ' + FORMAT(s.PunchCount, 'N0', 'en-US') +                     N' punches in ' + COALESCE(s.CategoryName, s.CategoryCode) + N' / ' + COALESCE(s.StatusName, s.StatusCode) + N'.',                 CONVERT(DECIMAL(18,2), s.PunchCount), N'punches', s.StatusCode, s.CategoryCode, s.SubsystemCode, -1, N''             FROM TopSubsystem s              UNION ALL              SELECT                 4, 5, N'INFO', N'SUBCONTRACTOR',                 N'Highest subcontractor workload',                 COALESCE(NULLIF(s.SubcontractorName, N''), N'Unassigned') + N' has the largest visible workload with ' +                     FORMAT(s.PunchCount, 'N0', 'en-US') + N' punches.',                 CONVERT(DECIMAL(18,2), s.PunchCount), N'punches', s.StatusCode, s.CategoryCode, N'',                 COALESCE(s.SubcontractorId, -1), COALESCE(s.DisciplineCode, N'')             FROM TopSubcontractor s              UNION ALL              SELECT                 5, CASE WHEN c.Delta > 0 THEN 3 ELSE 7 END,                 CASE WHEN c.Delta > 0 THEN N'SUCCESS' ELSE N'INFO' END, N'CLOSED_TREND',                 CASE WHEN c.Delta > 0 THEN N'Closure output improved' ELSE N'Closure output is stable' END,                 N'Closed punches changed by ' + CASE WHEN c.Delta > 0 THEN N'+' ELSE N'' END +                     FORMAT(c.Delta, 'N0', 'en-US') + N' versus the previous snapshot.',                 CONVERT(DECIMAL(18,2), c.DeltaPercent), N'%', c.StatusCode, N'', N'', -1, N''             FROM ClosedTrend c         )         SELECT @Insights =         (             SELECT TOP (5)                 InsightId, Priority, Severity, InsightType, Title, [Message],                 MetricValue, MetricLabel, StatusCode, CategoryCode, SubsystemCode,                 SubcontractorId, DisciplineCode             FROM InsightRows             ORDER BY Priority, InsightId             FOR JSON PATH         );     END;      SELECT @Result =     (         SELECT             success = CONVERT(BIT, 1),             hasSnapshot = CONVERT(BIT, CASE WHEN @SnapshotRunId IS NULL THEN 0 ELSE 1 END),             [message] = CASE                 WHEN @SnapshotRunId IS NULL                     THEN N'No completed snapshot exists for the selected project and template.'                 ELSE N''             END,             snapshotInfo = JSON_QUERY(COALESCE(@SnapshotInfo, N'[]')),             summary = JSON_QUERY(COALESCE(@Summary, N'[]')),             matrix = JSON_QUERY(COALESCE(@Matrix, N'[]')),             timeline = JSON_QUERY(COALESCE(@Timeline, N'[]')),             insights = JSON_QUERY(COALESCE(@Insights, N'[]')),             subsystems = JSON_QUERY(COALESCE(@Subsystems, N'[]')),             subcontractors = JSON_QUERY(COALESCE(@Subcontractors, N'[]')),             contractVersion = N'3.0'         FOR JSON PATH, WITHOUT_ARRAY_WRAPPER     );      SELECT result = @Result; END;   GO"
4054,STORED_PROCEDURE,warroom,usp_GetPunchDashboardCellDetailsPaged,43082CE6A5B5644C42A684DAEA0625256E4557F6776EB9B880818F52B9C08E03,"SET ANSI_NULLS ON;  GO  SET QUOTED_IDENTIFIER ON;  GO    CREATE   PROCEDURE [warroom].[usp_GetPunchDashboardCellDetailsPaged]  (      @ProjectId        BIGINT,      @TemplateId       BIGINT,      @SubcontractorId  BIGINT,      @CategoryCode     VARCHAR(20),      @PageNumber       INT = 1,      @PageSize         INT = 25  )  AS  BEGIN      SET NOCOUNT ON;      SET XACT_ABORT ON;        ---------------------------------------------------------------------------      -- 1. Input validation      ---------------------------------------------------------------------------      IF @ProjectId IS NULL OR @ProjectId <= 0          THROW 50300, 'ProjectId must be greater than zero.', 1;        IF @TemplateId IS NULL OR @TemplateId <= 0          THROW 50301, 'TemplateId must be greater than zero.', 1;        IF @SubcontractorId IS NULL          SET @SubcontractorId = -1;        IF @PageNumber IS NULL OR @PageNumber < 1          SET @PageNumber = 1;        IF @PageSize IS NULL OR @PageSize < 1          SET @PageSize = 25;        IF @PageSize > 100          SET @PageSize = 100;        ---------------------------------------------------------------------------      -- 2. Variables      ---------------------------------------------------------------------------      DECLARE          @NormalizedCategoryCode VARCHAR(20),          @Offset                 BIGINT,          @TotalRows              BIGINT = 0,          @TotalPages             INT = 0,          @RowsJson               NVARCHAR(MAX) = N'[]',          @Result                 NVARCHAR(MAX);        SET @NormalizedCategoryCode =          UPPER(              COALESCE(                  NULLIF(                      LTRIM(                          RTRIM(@CategoryCode)                      ),                      ''                  ),                  'NO_CATEGORY'              )          );        ---------------------------------------------------------------------------      -- 3. Validate project/template relationship      ---------------------------------------------------------------------------      IF NOT EXISTS      (          SELECT 1          FROM dbo.wap_TemplateProject tp          WHERE tp.ProjectId = @ProjectId            AND tp.TemplateId = @TemplateId            AND tp.IsActive = 1      )      BEGIN          THROW 50302, 'The selected template is not active for the selected project.', 1;      END;        ---------------------------------------------------------------------------      -- 4. Materialize the included status configuration that represents OPEN      --      -- This uses the same status configuration consumed by the dashboard      -- snapshot. It accepts OPEN/O as status codes and OPEN as configured name.      ---------------------------------------------------------------------------      DROP TABLE IF EXISTS #OpenStatusConfig;        ;WITH NormalizedStatusConfig AS      (          SELECT              StatusCode =                  UPPER(                      LTRIM(                          RTRIM(                              CONVERT(                                  VARCHAR(20),                                  sc.StatusCode                              )                          )                      )                  ),                StatusName =                  COALESCE(                      NULLIF(                          LTRIM(                              RTRIM(                                  CONVERT(                                      VARCHAR(100),                                      ws.Description                                  )                              )                          ),                          ''                      ),                      NULLIF(                          LTRIM(                              RTRIM(                                  CONVERT(                                      VARCHAR(100),                                      sc.StatusCode                                  )                              )                          ),                          ''                      ),                      'OPEN'                  ),                StatusColor =                  NULLIF(                      LTRIM(                          RTRIM(                              CONVERT(                                  VARCHAR(20),                                  ws.Color                              )                          )                      ),                      ''                  )            FROM warroom.PunchReportStatusConfig sc            LEFT JOIN dbo.wap_Status ws              ON UPPER(                     LTRIM(                         RTRIM(                             CONVERT(                                 VARCHAR(20),                                 ws.Code                             )                         )                     )                 )               =                 UPPER(                     LTRIM(                         RTRIM(                             CONVERT(                                 VARCHAR(20),                                 sc.StatusCode                             )                         )                     )                 )             AND ws.IsActive = 1            WHERE sc.ProjectId = @ProjectId            AND sc.IsActive = 1            AND sc.IsIncluded = 1            AND NULLIF(                    LTRIM(                        RTRIM(                            CONVERT(                                VARCHAR(20),                                sc.StatusCode                            )                        )                    ),                    ''                ) IS NOT NULL      )      SELECT          StatusCode,          StatusName = MAX(StatusName),          StatusColor = MAX(StatusColor)      INTO #OpenStatusConfig      FROM NormalizedStatusConfig      WHERE StatusCode IN ('OPEN', 'O')         OR UPPER(                LTRIM(                    RTRIM(StatusName)                )            ) = 'OPEN'      GROUP BY          StatusCode;        CREATE UNIQUE CLUSTERED INDEX CX_OpenStatusConfig          ON #OpenStatusConfig(StatusCode);        ---------------------------------------------------------------------------      -- 5. Materialize the requested active category      ---------------------------------------------------------------------------      DROP TABLE IF EXISTS #CategoryConfig;        ;WITH NormalizedCategoryConfig AS      (          SELECT              CategoryCode =                  UPPER(                      COALESCE(                          NULLIF(                              LTRIM(                                  RTRIM(                                      CONVERT(                                          VARCHAR(20),                                          c.Code                                      )                                  )                              ),                              ''                          ),                          'NO_CATEGORY'                      )                  ),                CategoryName =                  COALESCE(                      NULLIF(                          LTRIM(                              RTRIM(                                  CONVERT(                                      VARCHAR(450),                                      c.Description                                  )                              )                          ),                          ''                      ),                      NULLIF(                          LTRIM(                              RTRIM(                                  CONVERT(                                      VARCHAR(20),                                      c.Code                                  )                              )                          ),                          ''                      ),                      'No category'                  )            FROM dbo.wap_Category c          WHERE c.TemplateId = @TemplateId            AND c.IsActive = 1      )      SELECT          CategoryCode,          CategoryName = MAX(CategoryName)      INTO #CategoryConfig      FROM NormalizedCategoryConfig      WHERE CategoryCode = @NormalizedCategoryCode      GROUP BY          CategoryCode;        CREATE UNIQUE CLUSTERED INDEX CX_CategoryConfig          ON #CategoryConfig(CategoryCode);        ---------------------------------------------------------------------------      -- 6. Materialize and deduplicate the selected OPEN heatmap cell      ---------------------------------------------------------------------------      DROP TABLE IF EXISTS #PunchDetails;        ;WITH SourcePunch AS      (          SELECT              PunchId = CONVERT(BIGINT, p.Id),                ProjectId = CONVERT(BIGINT, p.ProjectId),              TemplateId = CONVERT(BIGINT, p.TemplateID),                PunchCode =                  COALESCE(                      NULLIF(                          LTRIM(                              RTRIM(                                  CONVERT(                                      VARCHAR(8000),                                      p.Code                                  )                              )                          ),                          ''                      ),                      CONVERT(                          VARCHAR(30),                          p.Id                      )                  ),                PunchDescription =                  COALESCE(                      NULLIF(                          LTRIM(                              RTRIM(                                  CONVERT(                                      VARCHAR(5000),                                      p.Description                                  )                              )                          ),                          ''                      ),                      ''                  ),                PunchStatus =                  COALESCE(                      NULLIF(                          LTRIM(                              RTRIM(                                  CONVERT(                                      VARCHAR(100),                                      p.Status                                  )                              )                          ),                          ''                      ),                      osc.StatusName,                      osc.StatusCode,                      'OPEN'                  ),                StatusCode = osc.StatusCode,                StatusName =                  COALESCE(                      osc.StatusName,                      NULLIF(                          LTRIM(                              RTRIM(                                  CONVERT(                                      VARCHAR(100),                                      p.Status                                  )                              )                          ),                          ''                      ),                      osc.StatusCode,                      'OPEN'                  ),                StatusColor =                  COALESCE(                      NULLIF(                          LTRIM(                              RTRIM(                                  CONVERT(                                      VARCHAR(20),                                      p.StatusColor                                  )                              )                          ),                          ''                      ),                      osc.StatusColor,                      '#64748B'                  ),                CategoryCode = cc.CategoryCode,                CategoryName =                  COALESCE(                      cc.CategoryName,                      NULLIF(                          LTRIM(                              RTRIM(                                  CONVERT(                                      VARCHAR(450),                                      p.Category                                  )                              )                          ),                          ''                      ),                      cc.CategoryCode,                      'No category'                  ),                SubsystemCode =                  UPPER(                      COALESCE(                          NULLIF(                              LTRIM(                                  RTRIM(                                      CONVERT(                                          VARCHAR(255),                                          p.SubSystemCode                                      )                                  )                              ),                              ''                          ),                          'NO_SUBSYSTEM'                      )                  ),                SubsystemName =                  COALESCE(                      NULLIF(                          LTRIM(                              RTRIM(                                  CONVERT(                                      VARCHAR(255),                                      p.SubSystemDesc                                  )                              )                          ),                          ''                      ),                      NULLIF(                          LTRIM(                              RTRIM(                                  CONVERT(                                      VARCHAR(255),                                      p.SubSystemCode                                  )                              )                          ),                          ''                      ),                      'No subsystem'                  ),                DisciplineCode =                  UPPER(                      COALESCE(                          NULLIF(                              LTRIM(                                  RTRIM(                                      CONVERT(                                          VARCHAR(20),                                          p.DisciplineCode                                      )                                  )                              ),                              ''                          ),                          'NO_DISCIPLINE'                      )                  ),                DisciplineName =                  COALESCE(                      NULLIF(                          LTRIM(                              RTRIM(                                  CONVERT(                                      VARCHAR(100),                                      p.Discipline                                  )                              )                          ),                          ''                      ),                      NULLIF(                          LTRIM(                              RTRIM(                                  CONVERT(                                      VARCHAR(20),                                      p.DisciplineCode                                  )                              )                          ),                          ''                      ),                      'No discipline'                  ),                SubcontractorId =                  COALESCE(                      CONVERT(                          BIGINT,                          p.SubcontractorId                      ),                      CONVERT(                          BIGINT,                          -1                      )                  ),                ResponsiblePerson =                  COALESCE(                      NULLIF(                          LTRIM(                              RTRIM(                                  CONVERT(                                      NVARCHAR(160),                                      p.PunchCoordinator                                  )                              )                          ),                          N''                      ),                      NULLIF(                          LTRIM(                              RTRIM(                                  CONVERT(                                      NVARCHAR(160),                                      p.EntryUserName                                  )                              )                          ),                          N''                      ),                      NULLIF(                          LTRIM(                              RTRIM(                                  CONVERT(                                      NVARCHAR(MAX),                                      p.UserOriginatorName                                  )                              )                          ),                          N''                      ),                      N''                  ),                DueDate = p.ExpectedClosingDate,                PriorityCode =                  COALESCE(                      NULLIF(                          LTRIM(                              RTRIM(                                  CONVERT(                                      VARCHAR(20),                                      p.PriorityCode                                  )                              )                          ),                          ''                      ),                      ''                  ),                PriorityName =                  COALESCE(                      NULLIF(                          LTRIM(                              RTRIM(                                  CONVERT(                                      VARCHAR(100),                                      p.Priority                                  )                              )                          ),                          ''                      ),                      ''                  ),                OriginatorCode =                  COALESCE(                      NULLIF(                          LTRIM(                              RTRIM(                                  CONVERT(                                      VARCHAR(20),                                      p.OriginatorCode                                  )                              )                          ),                          ''                      ),                      ''                  ),                Originator =                  COALESCE(                      NULLIF(                          LTRIM(                              RTRIM(                                  CONVERT(                                      VARCHAR(100),                                      p.Originator                                  )                              )                          ),                          ''                      ),                      ''                  ),                DepartmentActionCode =                  COALESCE(                      NULLIF(                          LTRIM(                              RTRIM(                                  CONVERT(                                      VARCHAR(20),                                      p.DepartmentActionCode                                  )                              )                          ),                          ''                      ),                      ''                  ),                DepartmentAction =                  COALESCE(                      NULLIF(                          LTRIM(                              RTRIM(                                  CONVERT(                                      VARCHAR(100),                                      p.DepartmentAction                                  )                              )                          ),                          ''                      ),                      ''                  ),                InspectionId =                  CONVERT(                      BIGINT,                      p.InspectionId                  ),                InspectionCode =                  COALESCE(                      NULLIF(                          LTRIM(                              RTRIM(                                  CONVERT(                                      VARCHAR(50),                                      p.InspectionCode                                  )                              )                          ),                          ''                      ),                      ''                  ),                InspectionName =                  COALESCE(                      NULLIF(                          LTRIM(                              RTRIM(                                  CONVERT(                                      VARCHAR(100),                                      p.InspectionName                                  )                              )                          ),                          ''                      ),                      ''                  ),                PunchLocation =                  COALESCE(                      NULLIF(                          LTRIM(                              RTRIM(                                  CONVERT(                                      VARCHAR(80),                                      p.Location                                  )                              )                          ),                          ''                      ),                      ''                  ),                CreatedAt = p.CreatedAt,              LastModifiedAt = p.LastModifiedAt,                IsClosed =                  COALESCE(                      p.Closed,                      CONVERT(BIT, 0)                  ),                IsLocked =                  COALESCE(                      p.IsLocked,                      CONVERT(BIT, 0)                  ),                rn =                  ROW_NUMBER() OVER                  (                      PARTITION BY                          p.Id                        ORDER BY                          p.LastModifiedAt DESC,                          p.PunchLogId DESC,                          p.InspectionId DESC,                          p.CreatedAt DESC,                          p.Code DESC                  )            FROM dbo.wap_PunchPaged p            INNER JOIN #OpenStatusConfig osc              ON osc.StatusCode =                 UPPER(                     LTRIM(                         RTRIM(                             CONVERT(                                 VARCHAR(20),                                 p.StatusCode                             )                         )                     )                 )            INNER JOIN #CategoryConfig cc              ON cc.CategoryCode =                 UPPER(                     COALESCE(                         NULLIF(                             LTRIM(                                 RTRIM(                                     CONVERT(                                         VARCHAR(20),                                         p.CategoryCode                                     )                                 )                             ),                             ''                         ),                         'NO_CATEGORY'                     )                 )            WHERE p.ProjectId = @ProjectId            AND p.TemplateID = @TemplateId              AND COALESCE(                    CONVERT(                        BIGINT,                        p.SubcontractorId                    ),                    CONVERT(                        BIGINT,                        -1                    )                ) = @SubcontractorId              AND cc.CategoryCode = @NormalizedCategoryCode      )      SELECT          SourceOrder =              ROW_NUMBER() OVER              (                  ORDER BY                      sp.LastModifiedAt DESC,                      sp.PunchId DESC              ),            sp.PunchId,          sp.ProjectId,          sp.TemplateId,            sp.PunchCode,          sp.PunchDescription,            sp.PunchStatus,          sp.StatusCode,          sp.StatusName,          sp.StatusColor,            sp.CategoryCode,          sp.CategoryName,            sp.SubsystemCode,          sp.SubsystemName,            sp.DisciplineCode,          sp.DisciplineName,            sp.SubcontractorId,            SubcontractorName =              CASE                  WHEN sp.SubcontractorId = -1                      THEN N'No subcontractor'                  ELSE                      COALESCE(                          NULLIF(                              LTRIM(                                  RTRIM(                                      mc.DS_COMPANY                                  )                              ),                              N''                          ),                          CONVERT(                              NVARCHAR(50),                              sp.SubcontractorId                          )                      )              END,            ResponsibleCompany =              CASE                  WHEN sp.SubcontractorId = -1                      THEN N'No subcontractor'                  ELSE                      COALESCE(                          NULLIF(                              LTRIM(                                  RTRIM(                                      mc.DS_SHORT_COMPANY                                  )                              ),                              N''                          ),                          NULLIF(                              LTRIM(                                  RTRIM(                                      mc.DS_COMPANY                                  )                              ),                              N''                          ),                          CONVERT(                              NVARCHAR(50),                              sp.SubcontractorId                          )                      )              END,            sp.ResponsiblePerson,          sp.DueDate,            sp.PriorityCode,          sp.PriorityName,            sp.OriginatorCode,          sp.Originator,            sp.DepartmentActionCode,          sp.DepartmentAction,            sp.InspectionId,          sp.InspectionCode,          sp.InspectionName,            sp.PunchLocation,            sp.CreatedAt,          sp.LastModifiedAt,            sp.IsClosed,          sp.IsLocked        INTO #PunchDetails        FROM SourcePunch sp        LEFT JOIN dbo.DIM_MASTER_COMPANIES_LH mc          ON mc.ID_COMPANY =             TRY_CONVERT(                 INT,                 sp.SubcontractorId             )        WHERE sp.rn = 1        OPTION (RECOMPILE);        CREATE UNIQUE CLUSTERED INDEX CX_PunchDetails_SourceOrder          ON #PunchDetails(SourceOrder);        CREATE UNIQUE NONCLUSTERED INDEX UX_PunchDetails_PunchId          ON #PunchDetails(PunchId);        ---------------------------------------------------------------------------      -- 7. Pagination metadata      ---------------------------------------------------------------------------      SELECT          @TotalRows = COUNT_BIG(1)      FROM #PunchDetails;        SET @TotalPages =          CASE              WHEN @TotalRows = 0                  THEN 0              ELSE                  CONVERT(                      INT,                      CEILING(                          CONVERT(                              DECIMAL(18, 4),                              @TotalRows                          )                          /                          CONVERT(                              DECIMAL(18, 4),                              @PageSize                          )                      )                  )          END;        ---------------------------------------------------------------------------      -- 8. Normalize requested page after calculating the real result size      ---------------------------------------------------------------------------      IF @TotalRows = 0      BEGIN          SET @PageNumber = 1;      END;      ELSE IF @PageNumber > @TotalPages      BEGIN          SET @PageNumber = @TotalPages;      END;        SET @Offset =          CONVERT(              BIGINT,              @PageNumber - 1          )          *          CONVERT(              BIGINT,              @PageSize          );        ---------------------------------------------------------------------------      -- 9. Current page      ---------------------------------------------------------------------------      SELECT @RowsJson =      (          SELECT              SourceOrder,              PunchId,              ProjectId,              TemplateId,                PunchCode,              PunchDescription,                PunchStatus,              StatusCode,              StatusName,              StatusColor,                CategoryCode,              CategoryName,                SubsystemCode,              SubsystemName,                DisciplineCode,              DisciplineName,                SubcontractorId,              SubcontractorName,                ResponsibleCompany,              ResponsiblePerson,                DueDate,                PriorityCode,              PriorityName,                OriginatorCode,              Originator,                DepartmentActionCode,              DepartmentAction,                InspectionId,              InspectionCode,              InspectionName,                PunchLocation,                CreatedAt,              LastModifiedAt,                IsClosed,              IsLocked            FROM #PunchDetails            ORDER BY              SourceOrder            OFFSET @Offset ROWS          FETCH NEXT @PageSize ROWS ONLY            FOR JSON PATH      );        ---------------------------------------------------------------------------      -- 10. Power Automate / Power Apps contract      ---------------------------------------------------------------------------      SELECT @Result =      (          SELECT              success = CONVERT(BIT, 1),                [message] =                  CASE                      WHEN @TotalRows = 0                          THEN N'No open punches match the selected dashboard cell.'                      ELSE N''                  END,                projectId = @ProjectId,              templateId = @TemplateId,              subcontractorId = @SubcontractorId,              categoryCode = @NormalizedCategoryCode,                pageNumber = @PageNumber,              pageSize = @PageSize,              totalRows = @TotalRows,              totalPages = @TotalPages,                hasPreviousPage =                  CONVERT(                      BIT,                      CASE                          WHEN @TotalRows > 0                           AND @PageNumber > 1                              THEN 1                          ELSE 0                      END                  ),                hasNextPage =                  CONVERT(                      BIT,                      CASE                          WHEN @TotalRows > 0                           AND @PageNumber < @TotalPages                              THEN 1                          ELSE 0                      END                  ),                [rows] =                  JSON_QUERY(                      COALESCE(                          @RowsJson,                          N'[]'                      )                  ),                contractVersion = N'1.0'            FOR JSON PATH, WITHOUT_ARRAY_WRAPPER      );        SELECT          result = @Result;  END;    GO"
4055,STORED_PROCEDURE,warroom,usp_GetPunchDashboardSnapshotStatus,F9BDAEB2591D27E5F8E3ED48DA2DC1DF4357E86085941A3C0416894F51B35469,"SET ANSI_NULLS ON;  GO  SET QUOTED_IDENTIFIER ON;  GO      CREATE   PROCEDURE warroom.usp_GetPunchDashboardSnapshotStatus  (      @ProjectId  BIGINT,      @TemplateId BIGINT  )  AS  BEGIN      SET NOCOUNT ON;        SELECT TOP (1)          HasSnapshot = CONVERT(BIT, 1),          SnapshotRunId,          SnapshotStatus = Status,          GeneratedOn = CompletedOn,          SourcePunchCount,          DurationMs,          AgeMinutes =              DATEDIFF(                  MINUTE,                  CompletedOn,                  SYSUTCDATETIME()              )      FROM warroom.PunchDashboardSnapshotRun      WHERE ProjectId = @ProjectId        AND TemplateId = @TemplateId        AND Status = 'COMPLETED'      ORDER BY SnapshotRunId DESC;        IF @@ROWCOUNT = 0      BEGIN          SELECT              HasSnapshot = CONVERT(BIT, 0),              SnapshotRunId = CONVERT(BIGINT, NULL),              SnapshotStatus = CONVERT(VARCHAR(20), NULL),              GeneratedOn = CONVERT(DATETIME2(7), NULL),              SourcePunchCount = CONVERT(BIGINT, 0),              DurationMs = CONVERT(BIGINT, 0),              AgeMinutes = CONVERT(INT, NULL);      END;  END;  GO"
4056,STORED_PROCEDURE,warroom,usp_GetPunchExportColumnMap,AC77FDE40FF6C4DC2074BC9DCC4F448374EC2F90775D8974CD16DD5251E44A7B,"SET ANSI_NULLS ON;  GO  SET QUOTED_IDENTIFIER ON;  GO    CREATE   PROCEDURE [warroom].[usp_GetPunchExportColumnMap]  (      @ProjectId BIGINT  )  AS  BEGIN      SET NOCOUNT ON;        SELECT          ColumnName =              CONCAT(                  N'CF__',                  REPLACE(                      REPLACE(                          REPLACE(                              REPLACE(FieldKey, ' ', '_'),                          '-', '_'),                      '.', '_'),                  ']', '_')              ),          FieldDefId,          FieldKey,          Label,          FieldType,          IsEditableInExcel,          SortOrder,          OptionsJson      FROM warroom.CustomFieldDef      WHERE ProjectId = @ProjectId        AND EntityType = 'PUNCH'        AND IsActive = 1        AND IsExportable = 1      ORDER BY SortOrder, Label;  END;    GO"
4057,STORED_PROCEDURE,warroom,usp_GetPunchExportCustomFields,E6BBD3700E17AB70CA4763F497AAE6A1B93BAB06F436F297476F59F9B55C788C,"SET ANSI_NULLS ON;  GO  SET QUOTED_IDENTIFIER ON;  GO  CREATE   PROCEDURE warroom.usp_GetPunchExportCustomFields  (      @ProjectId INT  )  AS  BEGIN      SET NOCOUNT ON;        SELECT          FieldDefId,          FieldKey,          Label,          FieldType,          IsEditableInExcel,          SortOrder,          OptionsJson      FROM warroom.CustomFieldDef      WHERE ProjectId = @ProjectId        AND EntityType = 'PUNCH'        AND IsActive = 1        AND IsExportable = 1      ORDER BY SortOrder, Label;  END;    GO"
4058,STORED_PROCEDURE,warroom,usp_GetPunchReportStatusConfig,EA2CB0E0E34C33F08C4099FD1E27834DBFD83FD5D32B288696CBA6ECB8D9B94B,"SET ANSI_NULLS ON;  GO  SET QUOTED_IDENTIFIER ON;  GO              CREATE   PROCEDURE warroom.usp_GetPunchReportStatusConfig      @ProjectId BIGINT  AS  BEGIN      SET NOCOUNT ON;        DECLARE @DefaultStatuses TABLE      (          StatusCode VARCHAR(20) NOT NULL,          DisplayOrder INT NOT NULL      );        INSERT INTO @DefaultStatuses(StatusCode, DisplayOrder)      VALUES          ('OPEN', 1),          ('EXECUTED', 2),          ('CLEARED', 3),          ('VALIDATED', 4),          ('CLOSED', 5);        INSERT INTO warroom.PunchReportStatusConfig      (          ProjectId,          StatusCode,          IsIncluded,          DisplayOrder,          IsActive,          CreatedBy      )      SELECT          @ProjectId,          d.StatusCode,          1,          d.DisplayOrder,          1,          'SYSTEM'      FROM @DefaultStatuses d      WHERE NOT EXISTS      (          SELECT 1          FROM warroom.PunchReportStatusConfig c          WHERE c.ProjectId = @ProjectId            AND c.StatusCode = d.StatusCode      );        SELECT          c.ProjectId,          c.StatusCode,          c.IsIncluded,          c.DisplayOrder,          c.IsActive      FROM warroom.PunchReportStatusConfig c      WHERE c.ProjectId = @ProjectId        AND c.IsActive = 1      ORDER BY c.DisplayOrder;  END;  GO"
4059,STORED_PROCEDURE,warroom,usp_GetReportColumnConfig,FCEA9BCC65B952AE897A21763518A24F9156E4C45BBF26C5AC23A9E22EAEF83E,"SET ANSI_NULLS ON;  GO  SET QUOTED_IDENTIFIER ON;  GO    /* ============================================================     7. SP PARA RESOLVER CONFIGURACIÓN DE COLUMNAS     Prioridad:     1) Proyecto + Template     2) Proyecto     3) Global + Template     4) Global     ============================================================ */    CREATE   PROCEDURE warroom.usp_GetReportColumnConfig  (      @ProjectId   BIGINT,      @ReportCode  NVARCHAR(100),      @TemplateId  BIGINT = NULL  )  AS  BEGIN      SET NOCOUNT ON;        SET @ReportCode = NULLIF(LTRIM(RTRIM(@ReportCode)), N'');        IF @ReportCode IS NULL      BEGIN          THROW 50001, 'ReportCode is required.', 1;      END;        ;WITH Candidate AS      (          SELECT              c.ReportColumnConfigId,              c.ProjectId,              c.TemplateId,              c.ReportCode,              c.ColumnKey,              c.SourceField,              c.DisplayName,              c.ShortDisplayName,              c.ExportName,              c.DisplayOrder,              c.IsVisible,              c.IsRequired,              c.IsExportable,              c.InternalVisible,              c.ExternalVisible,              c.DataType,              c.TextAlign,              c.ColumnWidth,              c.IsSortable,              c.IsFilterable,              Priority =                  CASE                      WHEN c.ProjectId = @ProjectId                       AND c.TemplateId = @TemplateId                       AND @TemplateId IS NOT NULL THEN 1                        WHEN c.ProjectId = @ProjectId                       AND c.TemplateId IS NULL THEN 2                        WHEN c.ProjectId = 0                       AND c.TemplateId = @TemplateId                       AND @TemplateId IS NOT NULL THEN 3                        WHEN c.ProjectId = 0                       AND c.TemplateId IS NULL THEN 4                        ELSE 99                  END          FROM warroom.ReportColumnConfig c          WHERE c.ReportCode = @ReportCode            AND c.IsActive = 1            AND c.ProjectId IN (0, @ProjectId)            AND            (                c.TemplateId IS NULL                OR c.TemplateId = @TemplateId            )      ),      Ranked AS      (          SELECT              *,              rn = ROW_NUMBER() OVER              (                  PARTITION BY ColumnKey                  ORDER BY Priority, ReportColumnConfigId DESC              )          FROM Candidate          WHERE Priority < 99      )      SELECT          ColumnKey,          SourceField,          DisplayName,          ShortDisplayName,          ExportName,          DisplayOrder,          IsVisible,          IsRequired,          IsExportable,          InternalVisible,          ExternalVisible,          DataType,          TextAlign,          ColumnWidth,          IsSortable,          IsFilterable      FROM Ranked      WHERE rn = 1      ORDER BY DisplayOrder, ColumnKey;  END;    GO"
4060,STORED_PROCEDURE,warroom,usp_GetTaskCommentsPaged,75495A4FDC697CD5CA4298467FDCBD59745FE74862B5141A4A9328D6140DBD40,"SET ANSI_NULLS ON;  GO  SET QUOTED_IDENTIFIER ON;  GO        CREATE   PROCEDURE warroom.usp_GetTaskCommentsPaged  (      @ProjectId BIGINT,      @TaskId    INT,      @PageNumber INT = 1,      @PageSize   INT = 20  )  AS  BEGIN      SET NOCOUNT ON;        IF @PageNumber < 1 SET @PageNumber = 1;      IF @PageSize   < 1 SET @PageSize = 20;      IF @PageSize > 200 SET @PageSize = 200;        DECLARE @Offset INT = (@PageNumber - 1) * @PageSize;        DECLARE @TotalRows INT =      (          SELECT COUNT(1)          FROM warroom.TaskComment c          WHERE c.ProjectId = @ProjectId            AND c.TaskId = @TaskId            AND c.IsDeleted = 0      );        DECLARE @TotalPages INT = CEILING(1.0 * @TotalRows / NULLIF(@PageSize,0));        SELECT          c.TaskCommentId AS CommentId,   -- 👈 normalizo nombre para Power Apps          c.TaskId,          c.CommentType,          c.CreatedOn,          c.CreatedByEmail,          c.CreatedByName,          c.ModifiedOn,          c.ModifiedByEmail,          c.CommentText,            @TotalRows  AS TotalRows,          @TotalPages AS TotalPages,          @PageNumber AS PageNumber,          @PageSize   AS PageSize      FROM warroom.TaskComment c      WHERE c.ProjectId = @ProjectId        AND c.TaskId = @TaskId        AND c.IsDeleted = 0      ORDER BY          c.CreatedOn DESC,          c.TaskCommentId DESC      OFFSET @Offset ROWS FETCH NEXT @PageSize ROWS ONLY;  END;    GO"
4061,STORED_PROCEDURE,warroom,usp_GetTaskStatusClassification,C98D850D3684ED62E26073476F1B9DC801BBDA6ECBB1EA3944B5FEC76DA876A3,"SET ANSI_NULLS ON;  GO  SET QUOTED_IDENTIFIER ON;  GO          CREATE   PROCEDURE warroom.usp_GetTaskStatusClassification      @ProjectId INT  AS  BEGIN      SET NOCOUNT ON;        SELECT          TaskStatusClassificationId,          ProjectId,          StatusId,          StatusName,          PulseClassification,          IncludeInProgress,          Description,          DisplayOrder,          IsActive      FROM pulse.TaskStatusClassification      WHERE ProjectId = @ProjectId      ORDER BY DisplayOrder;  END;  GO"
4062,STORED_PROCEDURE,warroom,usp_GetTaskSummaryById,12838FF4D596715D1F15BF4702904880736413EDB603C30390412B78F557F0C6,"SET ANSI_NULLS ON;  GO  SET QUOTED_IDENTIFIER ON;  GO          CREATE   PROCEDURE warroom.usp_GetTaskSummaryById  (      @ProjectId BIGINT,      @TaskId INT  )  AS  BEGIN      SET NOCOUNT ON;        ;WITH LastComment AS      (          SELECT TOP 1              c.CommentText,              c.CreatedOn,              c.CreatedByEmail          FROM warroom.TaskComment c          WHERE c.ProjectId = @ProjectId            AND c.TaskId = @TaskId            AND c.IsDeleted = 0          ORDER BY c.CreatedOn DESC, c.TaskCommentId DESC      ),      CommentCount AS      (          SELECT COUNT(1) AS Cnt          FROM warroom.TaskComment c          WHERE c.ProjectId = @ProjectId            AND c.TaskId = @TaskId            AND c.IsDeleted = 0      )      SELECT          t.Id AS InspectionTaskId,          lc.CommentText       AS LastCommentText,          lc.CreatedOn         AS LastCommentOn,          lc.CreatedByEmail    AS LastCommentByEmail,          cc.Cnt               AS CommentCount      FROM dbo.InspectionTasks t      LEFT JOIN LastComment lc ON 1 = 1      CROSS JOIN CommentCount cc      WHERE t.ProjectId = @ProjectId        AND t.Id = @TaskId;  END;    GO"
4063,STORED_PROCEDURE,warroom,usp_GroupedTotals_Unassigned,90B721CFA4D7C1ECEFF82E3EFE44D1B0D34B25B6FEECD60F6F4D75E7AE4D084F,"SET ANSI_NULLS ON;  GO  SET QUOTED_IDENTIFIER ON;  GO      CREATE   PROCEDURE warroom.usp_GroupedTotals_Unassigned  (      @ProjectId BIGINT  )  AS  BEGIN    SELECT      g.*,      CONVERT(VARCHAR(64), g.GroupKey, 2) AS GroupKeyHex  FROM      warroom.usp_InspectionScope_GroupedTotals(@ProjectId) g  LEFT JOIN      warroom.ReportAssignment ra  ON      ra.ProjectId = g.ProjectId  AND      ra.GroupKey = g.GroupKey  WHERE      ra.AssignmentId IS NULL    END  GO"
4064,STORED_PROCEDURE,warroom,usp_Home_GetDashboardData,EABF030F966484C8A49730E3C45F2417B020A2FB858FF1F8E8C7699B880E8E2F,"SET ANSI_NULLS ON;  GO  SET QUOTED_IDENTIFIER ON;  GO          CREATE   PROCEDURE [warroom].[usp_Home_GetDashboardData]  (      @ProjectId BIGINT,      @SubsystemCode NVARCHAR(255) = NULL,      @OnlyActive BIT = 1,      @Top INT = 5  )  AS  BEGIN      SET NOCOUNT ON;      SET XACT_ABORT ON;        DECLARE @Sub NVARCHAR(255);        SET @Sub =          CASE              WHEN @SubsystemCode IS NULL THEN NULL              WHEN LTRIM(RTRIM(@SubsystemCode)) = '' THEN NULL              WHEN UPPER(LTRIM(RTRIM(@SubsystemCode))) = '__ALL__' THEN NULL              ELSE LTRIM(RTRIM(@SubsystemCode))          END;        DROP TABLE IF EXISTS #ReportTasks;        CREATE TABLE #ReportTasks      (          ProjectLevel     VARCHAR(100) NULL,          ProjectElement   NVARCHAR(255) NULL,            L1NodeId         UNIQUEIDENTIFIER NULL,          L1DisplayName    NVARCHAR(200) NULL,          L1SortOrder      INT NULL,            L2NodeId         UNIQUEIDENTIFIER NULL,          L2DisplayName    NVARCHAR(200) NULL,          L2SortOrder      INT NULL,            L3NodeId         UNIQUEIDENTIFIER NULL,          L3DisplayName    NVARCHAR(200) NULL,          L3SqlKey         NVARCHAR(200) NULL,          L3GridKey        NVARCHAR(200) NULL,          L3SortOrder      INT NULL,            TOTAL            BIGINT NULL,          DONE             INT NULL,          REMAIN           INT NULL      );        INSERT INTO #ReportTasks      EXEC [warroom].[usp_ReportTasks_FromConfig]          @ProjectId = @ProjectId,          @SubsystemCode = @Sub,          @OnlyActive = @OnlyActive;        CREATE INDEX IX_ReportTasks_Subsystem          ON #ReportTasks(ProjectElement);        CREATE INDEX IX_ReportTasks_Discipline          ON #ReportTasks(L2SortOrder, L3SortOrder, L2DisplayName, L3DisplayName);        ------------------------------------------------------------      -- TABLE 1: KPIs      ------------------------------------------------------------      SELECT          TotalSubsystems = COUNT(DISTINCT ProjectElement),          TotalTasks = ISNULL(SUM(TOTAL), 0),          DoneTasks = ISNULL(SUM(DONE), 0),          RemainingTasks = ISNULL(SUM(REMAIN), 0),          ProgressPercent =              CAST(                  CASE                      WHEN ISNULL(SUM(TOTAL), 0) = 0 THEN 0                      ELSE ISNULL(SUM(DONE), 0) * 100.0 / NULLIF(SUM(TOTAL), 0)                  END              AS DECIMAL(5,2)),          CriticalPending = ISNULL(SUM(REMAIN), 0)      FROM #ReportTasks;        ------------------------------------------------------------      -- TABLE 2: Progress by discipline      ------------------------------------------------------------      SELECT          DisciplineKey =              CONCAT(                  UPPER(ISNULL(L2DisplayName, '')),                  ' - ',                  UPPER(ISNULL(L3DisplayName, ''))              ),          L1DisplayName,          L2DisplayName,          L3DisplayName,          TotalTasks = ISNULL(SUM(TOTAL), 0),          DoneTasks = ISNULL(SUM(DONE), 0),          RemainingTasks = ISNULL(SUM(REMAIN), 0),          ProgressPercent =              CAST(                  CASE                      WHEN ISNULL(SUM(TOTAL), 0) = 0 THEN 0                      ELSE ISNULL(SUM(DONE), 0) * 100.0 / NULLIF(SUM(TOTAL), 0)                  END              AS DECIMAL(5,2)),          RemainingPercent =              CAST(                  CASE                      WHEN ISNULL(SUM(TOTAL), 0) = 0 THEN 0                      ELSE ISNULL(SUM(REMAIN), 0) * 100.0 / NULLIF(SUM(TOTAL), 0)                  END              AS DECIMAL(5,2)),          SortOrder = MIN(ISNULL(L2SortOrder, 0) * 1000 + ISNULL(L3SortOrder, 0))      FROM #ReportTasks      GROUP BY          L1DisplayName,          L2DisplayName,          L3DisplayName      ORDER BY          SortOrder,          L2DisplayName,          L3DisplayName;        ------------------------------------------------------------      -- TABLE 3: Top subsystems by pending tasks      ------------------------------------------------------------      SELECT TOP (@Top)          SubsystemCode = ProjectElement,          TotalTasks = ISNULL(SUM(TOTAL), 0),          DoneTasks = ISNULL(SUM(DONE), 0),          PendingTasks = ISNULL(SUM(REMAIN), 0),          ProgressPercent =              CAST(                  CASE                      WHEN ISNULL(SUM(TOTAL), 0) = 0 THEN 0                      ELSE ISNULL(SUM(DONE), 0) * 100.0 / NULLIF(SUM(TOTAL), 0)                  END              AS DECIMAL(5,2))      FROM #ReportTasks      GROUP BY ProjectElement      HAVING ISNULL(SUM(REMAIN), 0) > 0      ORDER BY          PendingTasks DESC,          SubsystemCode ASC;        ------------------------------------------------------------      -- TABLE 4: Status summary      ------------------------------------------------------------      ;WITH Agg AS      (          SELECT              DoneTasks = ISNULL(SUM(DONE), 0),              RemainingTasks = ISNULL(SUM(REMAIN), 0),              TotalTasks = ISNULL(SUM(TOTAL), 0)          FROM #ReportTasks      )      SELECT          StatusKey = 'DONE',          StatusLabel = 'Done',          TaskCount = DoneTasks,          StatusPercent =              CAST(                  CASE                      WHEN TotalTasks = 0 THEN 0                      ELSE DoneTasks * 100.0 / NULLIF(TotalTasks, 0)                  END              AS DECIMAL(5,2)),          SortOrder = 1      FROM Agg        UNION ALL        SELECT          StatusKey = 'REMAINING',          StatusLabel = 'Remaining',          TaskCount = RemainingTasks,          StatusPercent =              CAST(                  CASE                      WHEN TotalTasks = 0 THEN 0                      ELSE RemainingTasks * 100.0 / NULLIF(TotalTasks, 0)                  END              AS DECIMAL(5,2)),          SortOrder = 2      FROM Agg;  END;    GO"
4065,STORED_PROCEDURE,warroom,usp_Home_GetExecutiveDashboard,83DEFCA3F8FF3CEB7AE48E1088F52C7E51A19B1454899FC4ACE9396C600A203C,"SET ANSI_NULLS ON;  GO  SET QUOTED_IDENTIFIER ON;  GO      CREATE   PROCEDURE [warroom].[usp_Home_GetExecutiveDashboard]  (      @ProjectId BIGINT,      @SubsystemCode NVARCHAR(255) = NULL,      @OnlyActive BIT = 1  )  AS  BEGIN      SET NOCOUNT ON;      SET XACT_ABORT ON;        DECLARE @Sub NVARCHAR(255);        SET @Sub =          CASE              WHEN @SubsystemCode IS NULL THEN NULL              WHEN LTRIM(RTRIM(@SubsystemCode)) = '' THEN NULL              WHEN UPPER(LTRIM(RTRIM(@SubsystemCode))) = '__ALL__' THEN NULL              ELSE LTRIM(RTRIM(@SubsystemCode))          END;        DROP TABLE IF EXISTS #ReportTasks;        CREATE TABLE #ReportTasks      (          ProjectLevel     VARCHAR(100) NULL,          ProjectElement   NVARCHAR(255) NULL,            L1NodeId         UNIQUEIDENTIFIER NULL,          L1DisplayName    NVARCHAR(200) NULL,          L1SortOrder      INT NULL,            L2NodeId         UNIQUEIDENTIFIER NULL,          L2DisplayName    NVARCHAR(200) NULL,          L2SortOrder      INT NULL,            L3NodeId         UNIQUEIDENTIFIER NULL,          L3DisplayName    NVARCHAR(200) NULL,          L3SqlKey         NVARCHAR(200) NULL,          L3GridKey        NVARCHAR(200) NULL,          L3SortOrder      INT NULL,            TOTAL            BIGINT NULL,          DONE             INT NULL,          REMAIN           INT NULL      );        INSERT INTO #ReportTasks      EXEC [warroom].[usp_ReportTasks_FromConfig]          @ProjectId = @ProjectId,          @SubsystemCode = @Sub,          @OnlyActive = @OnlyActive;        ------------------------------------------------------------      -- 1. KPIs principales      ------------------------------------------------------------      SELECT          TotalSubsystems = COUNT(DISTINCT ProjectElement),          TotalTasks = ISNULL(SUM(TOTAL), 0),          DoneTasks = ISNULL(SUM(DONE), 0),          RemainingTasks = ISNULL(SUM(REMAIN), 0),            ProgressPercent =              CAST(                  CASE                      WHEN ISNULL(SUM(TOTAL), 0) = 0 THEN 0                      ELSE ISNULL(SUM(DONE), 0) * 100.0 / NULLIF(SUM(TOTAL), 0)                  END              AS DECIMAL(5,2)),            CriticalPending = ISNULL(SUM(REMAIN), 0),            OverdueCells =          (              SELECT COUNT_BIG(1)              FROM warroom.OperationalCellCache c              LEFT JOIN warroom.OperationalCell oc                  ON oc.ProjectId = c.ProjectId                 AND oc.SubsystemCode = c.SubsystemCode                 AND oc.L3NodeId = c.L3NodeId              WHERE c.ProjectId = @ProjectId                AND (@Sub IS NULL OR c.SubsystemCode = @Sub)                AND oc.DueDate IS NOT NULL                AND oc.DueDate < CAST(GETUTCDATE() AS DATE)                AND COALESCE(oc.OperationalStatus, 'Not Started') NOT IN ('Closed', 'Not Applicable')          ),            BlockedCells =          (              SELECT COUNT_BIG(1)              FROM warroom.OperationalCellCache c              LEFT JOIN warroom.OperationalCell oc                  ON oc.ProjectId = c.ProjectId                 AND oc.SubsystemCode = c.SubsystemCode                 AND oc.L3NodeId = c.L3NodeId              WHERE c.ProjectId = @ProjectId                AND (@Sub IS NULL OR c.SubsystemCode = @Sub)                AND COALESCE(oc.OperationalStatus, 'Not Started') = 'Blocked'          ),            LastRefreshUtc = SYSUTCDATETIME()      FROM #ReportTasks;        ------------------------------------------------------------      -- 2. Status Summary      ------------------------------------------------------------      ;WITH Agg AS      (          SELECT              TotalTasks = ISNULL(SUM(TOTAL), 0),              DoneTasks = ISNULL(SUM(DONE), 0),              RemainingTasks = ISNULL(SUM(REMAIN), 0)          FROM #ReportTasks      )      SELECT          StatusKey = 'DONE',          StatusLabel = 'Done',          TaskCount = DoneTasks,          StatusPercent =              CAST(                  CASE                      WHEN TotalTasks = 0 THEN 0                      ELSE DoneTasks * 100.0 / NULLIF(TotalTasks, 0)                  END              AS DECIMAL(5,2)),          SortOrder = 1      FROM Agg        UNION ALL        SELECT          StatusKey = 'REMAINING',          StatusLabel = 'Remaining',          TaskCount = RemainingTasks,          StatusPercent =              CAST(                  CASE                      WHEN TotalTasks = 0 THEN 0                      ELSE RemainingTasks * 100.0 / NULLIF(TotalTasks, 0)                  END              AS DECIMAL(5,2)),          SortOrder = 2      FROM Agg      ORDER BY SortOrder;        ------------------------------------------------------------      -- 3. Progress by Discipline / Area      ------------------------------------------------------------      SELECT          DisciplineKey =              CONCAT(                  UPPER(ISNULL(L2DisplayName, '')),                  ' - ',                  UPPER(ISNULL(L3DisplayName, ''))              ),            L1DisplayName,          L2DisplayName,          L3DisplayName,            TotalTasks = ISNULL(SUM(TOTAL), 0),          DoneTasks = ISNULL(SUM(DONE), 0),          RemainingTasks = ISNULL(SUM(REMAIN), 0),            ProgressPercent =              CAST(                  CASE                      WHEN ISNULL(SUM(TOTAL), 0) = 0 THEN 0                      ELSE ISNULL(SUM(DONE), 0) * 100.0 / NULLIF(SUM(TOTAL), 0)                  END              AS DECIMAL(5,2)),            RemainingPercent =              CAST(                  CASE                      WHEN ISNULL(SUM(TOTAL), 0) = 0 THEN 0                      ELSE ISNULL(SUM(REMAIN), 0) * 100.0 / NULLIF(SUM(TOTAL), 0)                  END              AS DECIMAL(5,2)),            SortOrder =              MIN(ISNULL(L2SortOrder, 0) * 1000 + ISNULL(L3SortOrder, 0))      FROM #ReportTasks      GROUP BY          L1DisplayName,          L2DisplayName,          L3DisplayName      ORDER BY          SortOrder,          L2DisplayName,          L3DisplayName;        ------------------------------------------------------------      -- 4. Top Attention Cells      ------------------------------------------------------------      SELECT TOP 10          c.ProjectId,          c.SubsystemCode,          c.L1DisplayName,          c.L2DisplayName,          c.L3DisplayName,          c.L3NodeId,            c.TotalTasks,          c.DoneTasks,          c.RemainingTasks,          c.ProgressPercent,            OwnerEmail = COALESCE(oc.OwnerEmail, ''),          DueDate = oc.DueDate,          OperationalStatus = COALESCE(oc.OperationalStatus, 'Not Started'),          StatusComment = COALESCE(oc.StatusComment, ''),          LastReviewedOn = oc.LastReviewedOn,          LastReviewedBy = COALESCE(oc.LastReviewedBy, ''),            IsOverdue =              CASE                  WHEN oc.DueDate IS NOT NULL                   AND oc.DueDate < CAST(GETUTCDATE() AS DATE)                   AND COALESCE(oc.OperationalStatus, 'Not Started') NOT IN ('Closed', 'Not Applicable')                  THEN CAST(1 AS BIT)                  ELSE CAST(0 AS BIT)              END,            AgingDays =              CASE                  WHEN oc.LastReviewedOn IS NULL THEN NULL                  ELSE DATEDIFF(DAY, oc.LastReviewedOn, SYSUTCDATETIME())              END,            RiskScore =              (                  CASE                      WHEN COALESCE(oc.OperationalStatus, 'Not Started') = 'Blocked' THEN 50                      ELSE 0                  END                  +                  CASE                      WHEN oc.DueDate IS NOT NULL                       AND oc.DueDate < CAST(GETUTCDATE() AS DATE)                       AND COALESCE(oc.OperationalStatus, 'Not Started') NOT IN ('Closed', 'Not Applicable')                      THEN 30                      ELSE 0                  END                  +                  CASE                      WHEN c.ProgressPercent < 50 THEN 15                      WHEN c.ProgressPercent < 80 THEN 8                      ELSE 0                  END                  +                  CASE                      WHEN oc.OwnerEmail IS NULL OR LTRIM(RTRIM(oc.OwnerEmail)) = '' THEN 10                      ELSE 0                  END              )      FROM warroom.OperationalCellCache c      LEFT JOIN warroom.OperationalCell oc          ON oc.ProjectId = c.ProjectId         AND oc.SubsystemCode = c.SubsystemCode         AND oc.L3NodeId = c.L3NodeId      WHERE c.ProjectId = @ProjectId        AND (@Sub IS NULL OR c.SubsystemCode = @Sub)      ORDER BY          RiskScore DESC,          c.RemainingTasks DESC,          c.ProgressPercent ASC,          c.SubsystemCode,          c.L1DisplayName,          c.L2DisplayName,          c.L3DisplayName;        ------------------------------------------------------------      -- 5. Alerts ejecutivas      ------------------------------------------------------------      ;WITH CellAgg AS      (          SELECT              OverdueCells =                  SUM(                      CASE                          WHEN oc.DueDate IS NOT NULL                           AND oc.DueDate < CAST(GETUTCDATE() AS DATE)                           AND COALESCE(oc.OperationalStatus, 'Not Started') NOT IN ('Closed', 'Not Applicable')                          THEN 1 ELSE 0                      END                  ),                BlockedCells =                  SUM(                      CASE                          WHEN COALESCE(oc.OperationalStatus, 'Not Started') = 'Blocked'                          THEN 1 ELSE 0                      END                  ),                NoOwnerCells =                  SUM(                      CASE                          WHEN oc.OwnerEmail IS NULL OR LTRIM(RTRIM(oc.OwnerEmail)) = ''                          THEN 1 ELSE 0                      END                  ),                NotReviewedCells =                  SUM(                      CASE                          WHEN oc.LastReviewedOn IS NULL THEN 1                          ELSE 0                      END                  )          FROM warroom.OperationalCellCache c          LEFT JOIN warroom.OperationalCell oc              ON oc.ProjectId = c.ProjectId             AND oc.SubsystemCode = c.SubsystemCode             AND oc.L3NodeId = c.L3NodeId          WHERE c.ProjectId = @ProjectId            AND (@Sub IS NULL OR c.SubsystemCode = @Sub)      )      SELECT          AlertType = 'OVERDUE',          Severity = 'HIGH',          Title = 'Overdue operational cells',          Description = CONCAT(OverdueCells, ' operational cells are overdue.'),          CountValue = OverdueCells,          TargetScreen = 'Operations',          TargetFilter = 'OnlyOverdue',          SortOrder = 1      FROM CellAgg      WHERE OverdueCells > 0        UNION ALL        SELECT          AlertType = 'BLOCKED',          Severity = 'HIGH',          Title = 'Blocked operational cells',          Description = CONCAT(BlockedCells, ' operational cells are blocked.'),          CountValue = BlockedCells,          TargetScreen = 'Operations',          TargetFilter = 'OperationalStatus=Blocked',          SortOrder = 2      FROM CellAgg      WHERE BlockedCells > 0        UNION ALL        SELECT          AlertType = 'NO_OWNER',          Severity = 'MEDIUM',          Title = 'Cells without owner',          Description = CONCAT(NoOwnerCells, ' operational cells have no owner assigned.'),          CountValue = NoOwnerCells,          TargetScreen = 'Operations',          TargetFilter = 'OwnerEmailIsBlank',          SortOrder = 3      FROM CellAgg      WHERE NoOwnerCells > 0        UNION ALL        SELECT          AlertType = 'NOT_REVIEWED',          Severity = 'LOW',          Title = 'Cells not reviewed',          Description = CONCAT(NotReviewedCells, ' operational cells have not been reviewed yet.'),          CountValue = NotReviewedCells,          TargetScreen = 'Operations',          TargetFilter = 'LastReviewedOnIsBlank',          SortOrder = 4      FROM CellAgg      WHERE NotReviewedCells > 0        ORDER BY SortOrder;  END;    GO"
4066,STORED_PROCEDURE,warroom,usp_Home_GetHiveNodesByDiscipline,701B86BDA1EB45CDF5899C3EBBAC0C0FA1993CD7CE131CD92A38058397688A1B,"SET ANSI_NULLS ON;  GO  SET QUOTED_IDENTIFIER ON;  GO      CREATE   PROCEDURE warroom.usp_Home_GetHiveNodesByDiscipline  (      @ProjectId BIGINT  )  AS  BEGIN      SET NOCOUNT ON;      SET XACT_ABORT ON;        DECLARE @VersionId BIGINT;        ------------------------------------------------------------      -- 0) Última versión publicada de configuración      ------------------------------------------------------------      SELECT TOP 1          @VersionId = v.VersionId      FROM warroom.ReportConfigVersion v      WHERE v.ProjectId = @ProjectId        AND v.Status = 'Published'      ORDER BY v.VersionNo DESC;        IF @VersionId IS NULL      BEGIN          RAISERROR('No published report configuration found for this project.', 16, 1);          RETURN;      END;        ------------------------------------------------------------      -- 1) Estados considerados DONE para la versión publicada      ------------------------------------------------------------      DROP TABLE IF EXISTS #DoneStatuses;        CREATE TABLE #DoneStatuses      (          StatusId INT NOT NULL PRIMARY KEY      );        INSERT INTO #DoneStatuses(StatusId)      SELECT DISTINCT          ds.StatusId      FROM warroom.DoneStatusSnapshot ds      WHERE ds.ProjectId = @ProjectId        AND ds.VersionId = @VersionId        AND ds.IsDone = 1        AND ds.IsActive = 1        AND ds.StatusId IS NOT NULL;        ------------------------------------------------------------      -- 2) Elementos activos del proyecto con disciplina      ------------------------------------------------------------      DROP TABLE IF EXISTS #Elements;        CREATE TABLE #Elements      (          ElementId INT NOT NULL PRIMARY KEY,          Discipline NVARCHAR(255) NOT NULL      );        INSERT INTO #Elements      (          ElementId,          Discipline      )      SELECT          e.ELEMENT_ID,          LTRIM(RTRIM(e.ElementDisciplineName)) AS Discipline      FROM dbo.getProjectElementsDefault_extended(@ProjectId) e      WHERE e.Active = 1        AND e.ELEMENT_ID IS NOT NULL        AND NULLIF(LTRIM(RTRIM(e.ElementDisciplineName)), '') IS NOT NULL;        ------------------------------------------------------------      -- 3) Tareas activas del proyecto      ------------------------------------------------------------      DROP TABLE IF EXISTS #TasksBase;        CREATE TABLE #TasksBase      (          InspectionTaskId INT NOT NULL PRIMARY KEY,          Discipline NVARCHAR(255) NOT NULL,          StatusId INT NULL      );        INSERT INTO #TasksBase      (          InspectionTaskId,          Discipline,          StatusId      )      SELECT          it.Id AS InspectionTaskId,          e.Discipline,          it.[Status] AS StatusId      FROM dbo.InspectionTasks it      INNER JOIN #Elements e          ON e.ElementId = it.ElementId      WHERE it.ProjectId = @ProjectId        AND it.Active = 1;        CREATE INDEX IX_TasksBase_Discipline          ON #TasksBase(Discipline);        ------------------------------------------------------------      -- 4) Agregado por disciplina      ------------------------------------------------------------      ;WITH Agg AS      (          SELECT              tb.Discipline,                Total = COUNT_BIG(1),                Done = SUM(                  CASE                      WHEN ds.StatusId IS NOT NULL THEN 1                      ELSE 0                  END              ),                Remaining = SUM(                  CASE                      WHEN ds.StatusId IS NULL THEN 1                      ELSE 0                  END              )          FROM #TasksBase tb          LEFT JOIN #DoneStatuses ds              ON ds.StatusId = tb.StatusId          GROUP BY              tb.Discipline      ),      Calc AS      (          SELECT              Discipline,              Total,              Done,              Remaining,                Progress =                  CASE                      WHEN Total = 0 THEN 0                      ELSE CAST(ROUND(Done * 100.0 / Total, 0) AS INT)                  END          FROM Agg      ),      Final AS      (          SELECT              Discipline,              Total,              Done,              Remaining,              Progress,                ProgressStatus =                  CASE                      WHEN Progress >= 80 THEN 'Excellent'                      WHEN Progress >= 60 THEN 'Good'                      WHEN Progress >= 40 THEN 'In Progress'                      ELSE 'Delayed'                  END          FROM Calc      )      SELECT          NodeId =              CAST(                  ROW_NUMBER() OVER (ORDER BY Discipline) AS INT              ),            NodeNo =              RIGHT(                  '00' + CAST(ROW_NUMBER() OVER (ORDER BY Discipline) AS VARCHAR(2)),                  2              ),            NodeTitle =              UPPER(Discipline),            NodeSubtitle =              Discipline + ' Tasks',            Discipline,            Total =              CAST(Total AS INT),            Done =              CAST(Done AS INT),            Remaining =              CAST(Remaining AS INT),            Progress,            ProgressStatus,            SortOrder =              CAST(                  ROW_NUMBER() OVER (ORDER BY Discipline) AS INT              )      FROM Final      ORDER BY          SortOrder;  END;  GO"
4067,STORED_PROCEDURE,warroom,usp_Home_GetKPIs,B9791683F91CE443013237605533E9EBC10D70548CF442229EE7408BDE997238,"SET ANSI_NULLS ON;  GO  SET QUOTED_IDENTIFIER ON;  GO    CREATE PROCEDURE [warroom].[usp_Home_GetKPIs]  (      @ProjectId BIGINT,      @SubsystemCode NVARCHAR(255) = NULL,      @OnlyActive BIT = 1  )  AS  BEGIN      SET NOCOUNT ON;      SET XACT_ABORT ON;        DECLARE @Sub NVARCHAR(255);        SET @Sub =          CASE              WHEN @SubsystemCode IS NULL THEN NULL              WHEN LTRIM(RTRIM(@SubsystemCode)) = '' THEN NULL              WHEN UPPER(LTRIM(RTRIM(@SubsystemCode))) = '__ALL__' THEN NULL              ELSE LTRIM(RTRIM(@SubsystemCode))          END;        DROP TABLE IF EXISTS #ReportTasks;        CREATE TABLE #ReportTasks      (          ProjectLevel     VARCHAR(100) NULL,          ProjectElement   NVARCHAR(255) NULL,            L1NodeId         UNIQUEIDENTIFIER NULL,          L1DisplayName    NVARCHAR(200) NULL,          L1SortOrder      INT NULL,            L2NodeId         UNIQUEIDENTIFIER NULL,          L2DisplayName    NVARCHAR(200) NULL,          L2SortOrder      INT NULL,            L3NodeId         UNIQUEIDENTIFIER NULL,          L3DisplayName    NVARCHAR(200) NULL,          L3SqlKey         NVARCHAR(200) NULL,          L3GridKey        NVARCHAR(200) NULL,          L3SortOrder      INT NULL,            TOTAL            BIGINT NULL,          DONE             INT NULL,          REMAIN           INT NULL      );        INSERT INTO #ReportTasks      (          ProjectLevel,          ProjectElement,            L1NodeId,          L1DisplayName,          L1SortOrder,            L2NodeId,          L2DisplayName,          L2SortOrder,            L3NodeId,          L3DisplayName,          L3SqlKey,          L3GridKey,          L3SortOrder,            TOTAL,          DONE,          REMAIN      )      EXEC [warroom].[usp_ReportTasks_FromConfig]          @ProjectId = @ProjectId,          @SubsystemCode = @Sub,          @OnlyActive = @OnlyActive;        SELECT          TotalSubsystems = COUNT(DISTINCT ProjectElement),          TotalTasks = ISNULL(SUM(TOTAL), 0),          DoneTasks = ISNULL(SUM(DONE), 0),          RemainingTasks = ISNULL(SUM(REMAIN), 0),            ProgressPercent =              CAST(                  CASE                      WHEN ISNULL(SUM(TOTAL), 0) = 0 THEN 0                      ELSE ISNULL(SUM(DONE), 0) * 100.0 / NULLIF(SUM(TOTAL), 0)                  END              AS DECIMAL(5,2)),            CriticalPending = ISNULL(SUM(REMAIN), 0)      FROM #ReportTasks;  END;    GO"
4068,STORED_PROCEDURE,warroom,usp_Home_GetPendingSubsystemsByDiscipline,93FFFDD6F4F207A8D8D1B483AF6A16A223A94FC9DF46013819A8C56133FE3313,"SET ANSI_NULLS ON;  GO  SET QUOTED_IDENTIFIER ON;  GO              CREATE   PROCEDURE warroom.usp_Home_GetPendingSubsystemsByDiscipline  (      @ProjectId BIGINT,      @Discipline NVARCHAR(255)  )  AS  BEGIN      SET NOCOUNT ON;      SET XACT_ABORT ON;        DECLARE @VersionId BIGINT;      DECLARE @DisciplineNorm NVARCHAR(255);        SET @DisciplineNorm = NULLIF(LTRIM(RTRIM(@Discipline)), '');        IF @DisciplineNorm IS NULL      BEGIN          RAISERROR('Discipline is required.', 16, 1);          RETURN;      END;        ------------------------------------------------------------      -- 0) Última versión publicada      ------------------------------------------------------------      SELECT TOP 1          @VersionId = v.VersionId      FROM warroom.ReportConfigVersion v      WHERE v.ProjectId = @ProjectId        AND v.Status = 'Published'      ORDER BY v.VersionNo DESC;        IF @VersionId IS NULL      BEGIN          RAISERROR('No published report configuration found for this project.', 16, 1);          RETURN;      END;        ------------------------------------------------------------      -- 1) Estados DONE publicados      ------------------------------------------------------------      DROP TABLE IF EXISTS #DoneStatuses;        CREATE TABLE #DoneStatuses      (          StatusId INT NOT NULL PRIMARY KEY      );        INSERT INTO #DoneStatuses(StatusId)      SELECT DISTINCT          ds.StatusId      FROM warroom.DoneStatusSnapshot ds      WHERE ds.ProjectId = @ProjectId        AND ds.VersionId = @VersionId        AND ds.IsDone = 1        AND ds.IsActive = 1        AND ds.StatusId IS NOT NULL;        ------------------------------------------------------------      -- 2) Elementos activos de la disciplina seleccionada      ------------------------------------------------------------      DROP TABLE IF EXISTS #Elements;        CREATE TABLE #Elements      (          ElementId INT NOT NULL PRIMARY KEY,          SubsystemCode NVARCHAR(255) NOT NULL,          Discipline NVARCHAR(255) NOT NULL      );        INSERT INTO #Elements      (          ElementId,          SubsystemCode,          Discipline      )      SELECT          e.ELEMENT_ID,          e.SUBSYSTEM_CODE,          LTRIM(RTRIM(e.ElementDisciplineName)) AS Discipline      FROM dbo.getProjectElementsDefault_extended(@ProjectId) e      WHERE e.Active = 1        AND e.ELEMENT_ID IS NOT NULL        AND e.SUBSYSTEM_CODE IS NOT NULL        AND LTRIM(RTRIM(e.ElementDisciplineName)) = @DisciplineNorm;        ------------------------------------------------------------      -- 3) Tareas activas por subsistema      ------------------------------------------------------------      ;WITH Base AS      (          SELECT              e.SubsystemCode,              it.Id AS InspectionTaskId,              it.[Status] AS StatusId          FROM dbo.InspectionTasks it          INNER JOIN #Elements e              ON e.ElementId = it.ElementId          WHERE it.ProjectId = @ProjectId            AND it.Active = 1      ),      Agg AS      (          SELECT              b.SubsystemCode,                Total = COUNT_BIG(1),                Done = SUM(                  CASE                      WHEN ds.StatusId IS NOT NULL THEN 1                      ELSE 0                  END              ),                Remaining = SUM(                  CASE                      WHEN ds.StatusId IS NULL THEN 1                      ELSE 0                  END              )          FROM Base b          LEFT JOIN #DoneStatuses ds              ON ds.StatusId = b.StatusId          GROUP BY              b.SubsystemCode      ),      Calc AS      (          SELECT              SubsystemCode,              Total,              Done,              Remaining,              Progress =                  CASE                      WHEN Total = 0 THEN 0                      ELSE CAST(ROUND(Done * 100.0 / Total, 0) AS INT)                  END          FROM Agg          WHERE Remaining > 0      )      SELECT          RowNo =              CAST(ROW_NUMBER() OVER (ORDER BY Remaining DESC, SubsystemCode ASC) AS INT),            SubsystemCode,          Discipline = @DisciplineNorm,            Total = CAST(Total AS INT),          Done = CAST(Done AS INT),          Remaining = CAST(Remaining AS INT),          Progress,            ProgressStatus =              CASE                  WHEN Progress >= 80 THEN 'Excellent'                  WHEN Progress >= 60 THEN 'Good'                  WHEN Progress >= 40 THEN 'In Progress'                  ELSE 'Delayed'              END      FROM Calc      ORDER BY          Remaining DESC,          SubsystemCode ASC;  END;  GO"
4069,STORED_PROCEDURE,warroom,usp_Home_GetProgressByDiscipline,731DDBDD51445B8E2486EED763D64FB74F9FA360FB27B1D6FE1D36AFA849BCDF,"SET ANSI_NULLS ON;  GO  SET QUOTED_IDENTIFIER ON;  GO          CREATE   PROCEDURE [warroom].[usp_Home_GetProgressByDiscipline]  (      @ProjectId BIGINT,      @SubsystemCode NVARCHAR(255) = NULL,      @OnlyActive BIT = 1  )  AS  BEGIN      SET NOCOUNT ON;      SET XACT_ABORT ON;            DECLARE @Sub NVARCHAR(255);        SET @Sub =          CASE              WHEN @SubsystemCode IS NULL THEN NULL              WHEN LTRIM(RTRIM(@SubsystemCode)) = '' THEN NULL              WHEN UPPER(LTRIM(RTRIM(@SubsystemCode))) = '__ALL__' THEN NULL              ELSE LTRIM(RTRIM(@SubsystemCode))          END;        DROP TABLE IF EXISTS #ReportTasks;        CREATE TABLE #ReportTasks      (          ProjectLevel     VARCHAR(100) NULL,          ProjectElement   NVARCHAR(255) NULL,            L1NodeId         UNIQUEIDENTIFIER NULL,          L1DisplayName    NVARCHAR(200) NULL,          L1SortOrder      INT NULL,            L2NodeId         UNIQUEIDENTIFIER NULL,          L2DisplayName    NVARCHAR(200) NULL,          L2SortOrder      INT NULL,            L3NodeId         UNIQUEIDENTIFIER NULL,          L3DisplayName    NVARCHAR(200) NULL,          L3SqlKey         NVARCHAR(200) NULL,          L3GridKey        NVARCHAR(200) NULL,          L3SortOrder      INT NULL,            TOTAL            BIGINT NULL,          DONE             INT NULL,          REMAIN           INT NULL      );        INSERT INTO #ReportTasks      (          ProjectLevel,          ProjectElement,            L1NodeId,          L1DisplayName,          L1SortOrder,            L2NodeId,          L2DisplayName,          L2SortOrder,            L3NodeId,          L3DisplayName,          L3SqlKey,          L3GridKey,          L3SortOrder,            TOTAL,          DONE,          REMAIN      )      EXEC [warroom].[usp_ReportTasks_FromConfig]          @ProjectId = @ProjectId,          @SubsystemCode = @Sub,          @OnlyActive = @OnlyActive;        SELECT          DisciplineKey =              CONCAT(                  UPPER(ISNULL(L2DisplayName, '')),                  ' - ',                  UPPER(ISNULL(L3DisplayName, ''))              ),            L1DisplayName,          L2DisplayName,          L3DisplayName,            TotalTasks =              ISNULL(SUM(TOTAL), 0),            DoneTasks =              ISNULL(SUM(DONE), 0),            RemainingTasks =              ISNULL(SUM(REMAIN), 0),            ProgressPercent =              CAST(                  CASE                      WHEN ISNULL(SUM(TOTAL), 0) = 0 THEN 0                      ELSE ISNULL(SUM(DONE), 0) * 100.0 / NULLIF(SUM(TOTAL), 0)                  END              AS DECIMAL(5,2)),            RemainingPercent =              CAST(                  CASE                      WHEN ISNULL(SUM(TOTAL), 0) = 0 THEN 0                      ELSE ISNULL(SUM(REMAIN), 0) * 100.0 / NULLIF(SUM(TOTAL), 0)                  END              AS DECIMAL(5,2)),            SortOrder =              MIN(ISNULL(L2SortOrder, 0) * 1000 + ISNULL(L3SortOrder, 0))      FROM #ReportTasks      GROUP BY          L1DisplayName,          L2DisplayName,          L3DisplayName      ORDER BY          SortOrder,          L2DisplayName,          L3DisplayName;  END;    GO"
4070,STORED_PROCEDURE,warroom,usp_Home_GetStatusSummary,A20E111513D495D5AE75E1327CD5E1B62E7924B0284F5F4B3D49C796DFAF1E28,"SET ANSI_NULLS ON;  GO  SET QUOTED_IDENTIFIER ON;  GO      CREATE   PROCEDURE [warroom].[usp_Home_GetStatusSummary]  (      @ProjectId BIGINT,      @SubsystemCode NVARCHAR(255) = NULL,      @OnlyActive BIT = 1  )  AS  BEGIN      SET NOCOUNT ON;      SET XACT_ABORT ON;            DECLARE @Sub NVARCHAR(255);        SET @Sub =          CASE              WHEN @SubsystemCode IS NULL THEN NULL              WHEN LTRIM(RTRIM(@SubsystemCode)) = '' THEN NULL              WHEN UPPER(LTRIM(RTRIM(@SubsystemCode))) = '__ALL__' THEN NULL              ELSE LTRIM(RTRIM(@SubsystemCode))          END;        DROP TABLE IF EXISTS #ReportTasks;        CREATE TABLE #ReportTasks      (          ProjectLevel     VARCHAR(100) NULL,          ProjectElement   NVARCHAR(255) NULL,            L1NodeId         UNIQUEIDENTIFIER NULL,          L1DisplayName    NVARCHAR(200) NULL,          L1SortOrder      INT NULL,            L2NodeId         UNIQUEIDENTIFIER NULL,          L2DisplayName    NVARCHAR(200) NULL,          L2SortOrder      INT NULL,            L3NodeId         UNIQUEIDENTIFIER NULL,          L3DisplayName    NVARCHAR(200) NULL,          L3SqlKey         NVARCHAR(200) NULL,          L3GridKey        NVARCHAR(200) NULL,          L3SortOrder      INT NULL,            TOTAL            BIGINT NULL,          DONE             INT NULL,          REMAIN           INT NULL      );        INSERT INTO #ReportTasks      (          ProjectLevel,          ProjectElement,          L1NodeId,          L1DisplayName,          L1SortOrder,          L2NodeId,          L2DisplayName,          L2SortOrder,          L3NodeId,          L3DisplayName,          L3SqlKey,          L3GridKey,          L3SortOrder,          TOTAL,          DONE,          REMAIN      )      EXEC [warroom].[usp_ReportTasks_FromConfig]          @ProjectId = @ProjectId,          @SubsystemCode = @Sub,          @OnlyActive = @OnlyActive;        ;WITH Agg AS      (          SELECT              DoneTasks = ISNULL(SUM(DONE), 0),              RemainingTasks = ISNULL(SUM(REMAIN), 0),              TotalTasks = ISNULL(SUM(TOTAL), 0)          FROM #ReportTasks      )      SELECT          StatusKey = 'DONE',          StatusLabel = 'Done',          TaskCount = DoneTasks,          StatusPercent =              CAST(                  CASE                      WHEN TotalTasks = 0 THEN 0                      ELSE DoneTasks * 100.0 / NULLIF(TotalTasks, 0)                  END              AS DECIMAL(5,2)),          SortOrder = 1      FROM Agg        UNION ALL        SELECT          StatusKey = 'REMAINING',          StatusLabel = 'Remaining',          TaskCount = RemainingTasks,          StatusPercent =              CAST(                  CASE                      WHEN TotalTasks = 0 THEN 0                      ELSE RemainingTasks * 100.0 / NULLIF(TotalTasks, 0)                  END              AS DECIMAL(5,2)),          SortOrder = 2      FROM Agg        ORDER BY SortOrder;  END;    GO"
4071,STORED_PROCEDURE,warroom,usp_Home_GetTopSubsystemsPending,BBBDBFDE1414891D38CD15E4B5E5903471B32D524E701C2F72345F714D390204,"SET ANSI_NULLS ON;  GO  SET QUOTED_IDENTIFIER ON;  GO    CREATE   PROCEDURE [warroom].[usp_Home_GetTopSubsystemsPending]  (      @ProjectId BIGINT,      @SubsystemCode NVARCHAR(255) = NULL,      @OnlyActive BIT = 1,      @Top INT = 5  )  AS  BEGIN      SET NOCOUNT ON;      SET XACT_ABORT ON;            DECLARE @Sub NVARCHAR(255);        SET @Sub =          CASE              WHEN @SubsystemCode IS NULL THEN NULL              WHEN LTRIM(RTRIM(@SubsystemCode)) = '' THEN NULL              WHEN UPPER(LTRIM(RTRIM(@SubsystemCode))) = '__ALL__' THEN NULL              ELSE LTRIM(RTRIM(@SubsystemCode))          END;        DROP TABLE IF EXISTS #ReportTasks;        CREATE TABLE #ReportTasks      (          ProjectLevel     VARCHAR(100) NULL,          ProjectElement   NVARCHAR(255) NULL,            L1NodeId         UNIQUEIDENTIFIER NULL,          L1DisplayName    NVARCHAR(200) NULL,          L1SortOrder      INT NULL,            L2NodeId         UNIQUEIDENTIFIER NULL,          L2DisplayName    NVARCHAR(200) NULL,          L2SortOrder      INT NULL,            L3NodeId         UNIQUEIDENTIFIER NULL,          L3DisplayName    NVARCHAR(200) NULL,          L3SqlKey         NVARCHAR(200) NULL,          L3GridKey        NVARCHAR(200) NULL,          L3SortOrder      INT NULL,            TOTAL            BIGINT NULL,          DONE             INT NULL,          REMAIN           INT NULL      );        INSERT INTO #ReportTasks      (          ProjectLevel,          ProjectElement,          L1NodeId,          L1DisplayName,          L1SortOrder,          L2NodeId,          L2DisplayName,          L2SortOrder,          L3NodeId,          L3DisplayName,          L3SqlKey,          L3GridKey,          L3SortOrder,          TOTAL,          DONE,          REMAIN      )      EXEC [warroom].[usp_ReportTasks_FromConfig]          @ProjectId = @ProjectId,          @SubsystemCode = @Sub,          @OnlyActive = @OnlyActive;        SELECT TOP (@Top)          SubsystemCode = ProjectElement,          TotalTasks = ISNULL(SUM(TOTAL), 0),          DoneTasks = ISNULL(SUM(DONE), 0),          PendingTasks = ISNULL(SUM(REMAIN), 0),          ProgressPercent =              CAST(                  CASE                      WHEN ISNULL(SUM(TOTAL), 0) = 0 THEN 0                      ELSE ISNULL(SUM(DONE), 0) * 100.0 / NULLIF(SUM(TOTAL), 0)                  END              AS DECIMAL(5,2))      FROM #ReportTasks      GROUP BY ProjectElement      HAVING ISNULL(SUM(REMAIN), 0) > 0      ORDER BY          PendingTasks DESC,          SubsystemCode ASC;  END;    GO"
4072,STORED_PROCEDURE,warroom,usp_InspectionScope_GroupedTotals,53CEBC437BA7C457A5F14991CD0A21E2853501960223D1C9790DCFB3DA6892BD,"SET ANSI_NULLS ON;  GO  SET QUOTED_IDENTIFIER ON;  GO    CREATE PROCEDURE [warroom].[usp_InspectionScope_GroupedTotals]  (      @ProjectId   BIGINT,      @OnlyActive  BIT = 1  )  AS  BEGIN      SET NOCOUNT ON;        ------------------------------------------------------------      -- A) STAGE TaskMatrices (mínimo)      ------------------------------------------------------------      IF OBJECT_ID('tempdb..#TM') IS NOT NULL DROP TABLE #TM;        SELECT          tm.Id,          tm.ProjectId,          tm.ElementTypeId,          tm.FormId,          tm.MasterTask,          tm.Description,          tm.DisciplineId,          tm.Sct,          tm.ElementId      INTO #TM      FROM dbo.TaskMatrices tm      WHERE tm.ProjectId = @ProjectId;        CREATE UNIQUE CLUSTERED INDEX IX_TM_Id ON #TM(Id);      CREATE INDEX IX_TM_ElementId ON #TM(ElementId) WHERE ElementId IS NOT NULL;      CREATE INDEX IX_TM_FormId ON #TM(FormId) WHERE FormId IS NOT NULL;        ------------------------------------------------------------      -- B) NeedE + Elements (solo necesarios)      ------------------------------------------------------------      IF OBJECT_ID('tempdb..#NeedE') IS NOT NULL DROP TABLE #NeedE;        SELECT DISTINCT ElementId      INTO #NeedE      FROM #TM      WHERE ElementId IS NOT NULL;        CREATE UNIQUE CLUSTERED INDEX IX_NeedE ON #NeedE(ElementId);        IF OBJECT_ID('tempdb..#E') IS NOT NULL DROP TABLE #E;        SELECT          e.Id                  AS ELEMENT_ID,          e.TypeId              AS ElementTypeId,          nl.Name               AS LevelName,          CAST(e.Active AS bit) AS Active      INTO #E      FROM dbo.Elements e      INNER JOIN #NeedE ne          ON ne.ElementId = e.Id      LEFT JOIN dbo.NodeLevels nl          ON nl.Id = e.NodeLevelId      WHERE e.ProjectId = @ProjectId;        CREATE UNIQUE CLUSTERED INDEX IX_E_EID ON #E(ELEMENT_ID);      CREATE INDEX IX_E_TypeId ON #E(ElementTypeId) WHERE ElementTypeId IS NOT NULL;        ------------------------------------------------------------      -- C) NeedF + Forms      ------------------------------------------------------------      IF OBJECT_ID('tempdb..#NeedF') IS NOT NULL DROP TABLE #NeedF;        SELECT DISTINCT FormId      INTO #NeedF      FROM #TM      WHERE FormId IS NOT NULL;        CREATE UNIQUE CLUSTERED INDEX IX_NeedF_FormId ON #NeedF(FormId);        IF OBJECT_ID('tempdb..#F') IS NOT NULL DROP TABLE #F;        SELECT          f.Id          AS FormId,          f.ProjectId,          f.Name        AS FormName,          f.Description AS FormDescription,          f.PhaseId      INTO #F      FROM dbo.Forms f      INNER JOIN #NeedF nf          ON nf.FormId = f.Id      WHERE f.ProjectId = @ProjectId;        CREATE UNIQUE CLUSTERED INDEX IX_F_FormId ON #F(FormId);      CREATE INDEX IX_F_PhaseId ON #F(PhaseId) WHERE PhaseId IS NOT NULL;        ------------------------------------------------------------      -- D) NeedP + Phases      ------------------------------------------------------------      IF OBJECT_ID('tempdb..#NeedP') IS NOT NULL DROP TABLE #NeedP;        SELECT DISTINCT PhaseId      INTO #NeedP      FROM #F      WHERE PhaseId IS NOT NULL;        CREATE UNIQUE CLUSTERED INDEX IX_NeedP_PhaseId ON #NeedP(PhaseId);        IF OBJECT_ID('tempdb..#P') IS NOT NULL DROP TABLE #P;        SELECT          p.Id   AS PhaseId,          p.Name AS PhaseName      INTO #P      FROM dbo.Phases p      INNER JOIN #NeedP np          ON np.PhaseId = p.Id;        CREATE UNIQUE CLUSTERED INDEX IX_P_PhaseId ON #P(PhaseId);        ------------------------------------------------------------      -- E) Matrices enriched (#M)      ------------------------------------------------------------      IF OBJECT_ID('tempdb..#M') IS NOT NULL DROP TABLE #M;        SELECT          tm.Id,            ElementDiscipline =              COALESCE(d_e.Name, d_tm.Name),            ElementLevel =              COALESCE(e.LevelName, nl_tm.Name),            PhaseName = p.PhaseName,          f.FormName,          f.FormDescription,            tm.Sct,          tm.MasterTask,            ResolutionSource =              CASE                  WHEN tm.ElementId IS NOT NULL AND e.ELEMENT_ID IS NOT NULL THEN 'ELEMENT'                  ELSE 'MATRIX'              END,            tm.ElementId      INTO #M      FROM #TM tm      LEFT JOIN #F f          ON f.FormId = tm.FormId      LEFT JOIN #P p          ON p.PhaseId = f.PhaseId        LEFT JOIN #E e          ON e.ELEMENT_ID = tm.ElementId      LEFT JOIN dbo.ElementTypes et_e          ON et_e.Id = e.ElementTypeId      LEFT JOIN dbo.Disciplines d_e          ON d_e.Id = et_e.DisciplineId        LEFT JOIN dbo.ElementTypes et_tm          ON et_tm.Id = tm.ElementTypeId      LEFT JOIN dbo.NodeLevels nl_tm          ON nl_tm.Id = et_tm.NodeLevelId      LEFT JOIN dbo.Disciplines d_tm          ON d_tm.Id = tm.DisciplineId      WHERE          (tm.ElementId IS NULL OR e.Active = 1);        CREATE UNIQUE CLUSTERED INDEX IX_M_Id ON #M(Id);      CREATE INDEX IX_M_RS_Id ON #M(ResolutionSource, Id);      CREATE INDEX IX_M_ElementId_RS ON #M(ElementId, ResolutionSource) WHERE ElementId IS NOT NULL;        ------------------------------------------------------------      -- F) InspectionTasks      ------------------------------------------------------------      IF OBJECT_ID('tempdb..#IT') IS NOT NULL DROP TABLE #IT;        SELECT          it.Id,          it.TaskMatrixItemId,          it.ElementId,          CAST(it.Active AS bit) AS Active,          it.Status,          it.ProjectId      INTO #IT      FROM dbo.InspectionTasks it      WHERE          it.ProjectId = @ProjectId          AND (@OnlyActive = 0 OR it.Active = 1);        CREATE UNIQUE CLUSTERED INDEX IX_IT_Id ON #IT(Id);      CREATE INDEX IX_IT_TaskMatrixItemId ON #IT(TaskMatrixItemId) WHERE TaskMatrixItemId IS NOT NULL;      CREATE INDEX IX_IT_ElementId ON #IT(ElementId) WHERE ElementId IS NOT NULL;        ------------------------------------------------------------      -- G) Cruce según algoritmo MATRIX / ELEMENT      ------------------------------------------------------------      IF OBJECT_ID('tempdb..#Base') IS NOT NULL DROP TABLE #Base;        SELECT          it.Id AS InspectionTaskId,            m.ElementDiscipline,          m.ElementLevel,          m.PhaseName,          m.FormName,          m.FormDescription,          m.Sct,          m.MasterTask          INTO #Base      FROM #IT it      INNER JOIN #M m          ON it.TaskMatrixItemId IS NOT NULL         AND it.TaskMatrixItemId = m.Id         AND (              m.ResolutionSource = 'MATRIX'              OR (m.ResolutionSource = 'ELEMENT' AND it.ElementId = m.ElementId)         );        CREATE INDEX IX_Base_Group          ON #Base(ElementDiscipline, ElementLevel, PhaseName, FormName, FormDescription, Sct, MasterTask);        ------------------------------------------------------------      -- H) Agrupación final + GroupKey estable + Total      ------------------------------------------------------------      SELECT          GroupKey =              CONVERT(CHAR(64),                  HASHBYTES('SHA2_256',                      CONCAT(                          UPPER(LTRIM(RTRIM(COALESCE(ElementDiscipline, '')))), '|',                          UPPER(LTRIM(RTRIM(COALESCE(ElementLevel,      '')))), '|',                          UPPER(LTRIM(RTRIM(COALESCE(PhaseName,         '')))), '|',                          UPPER(LTRIM(RTRIM(COALESCE(FormName,          '')))), '|',                          UPPER(LTRIM(RTRIM(COALESCE(FormDescription,   '')))), '|',                          UPPER(LTRIM(RTRIM(COALESCE(CAST(Sct         AS VARCHAR(20)), '')))), '|',                          UPPER(LTRIM(RTRIM(COALESCE(CAST(MasterTask  AS VARCHAR(20)), ''))))                      )                  ), 2              ),            ElementDiscipline,          ElementLevel,          PhaseName,          FormName,          FormDescription,          Sct,          MasterTask,            TotalInspections = COUNT_BIG(1)      FROM #Base      GROUP BY          ElementDiscipline,          ElementLevel,          PhaseName,          FormName,          FormDescription,          Sct,          MasterTask        ORDER BY          ElementDiscipline,          ElementLevel,          PhaseName,          FormName,          Sct,          MasterTask;  END    GO"
4073,STORED_PROCEDURE,warroom,usp_InspectionTasks_Matrices_Stage,59AE97118D8BB347C38ECAC7A65BA9F88D896830F0CC935AB566BFAD01C9438C,"SET ANSI_NULLS ON;  GO  SET QUOTED_IDENTIFIER ON;  GO              CREATE   PROCEDURE warroom.usp_InspectionTasks_Matrices_Stage  (      @ProjectId   BIGINT,      @OnlyActive  BIT = 1  )  AS  BEGIN      SET NOCOUNT ON;        ------------------------------------------------------------      -- A) STAGE TaskMatrices base (solo columnas necesarias)      ------------------------------------------------------------      IF OBJECT_ID('tempdb..#TM') IS NOT NULL DROP TABLE #TM;        SELECT          tm.Id,          tm.ProjectId,          tm.ElementTypeId,          tm.FormId,          tm.MasterTask,          tm.Description,          tm.DisciplineId,          tm.DossierTask,          tm.Sct,          tm.ElementId      INTO #TM      FROM dbo.TaskMatrices tm      WHERE tm.ProjectId = @ProjectId;        CREATE UNIQUE CLUSTERED INDEX IX_TM_Id ON #TM(Id);      CREATE INDEX IX_TM_ElementId ON #TM(ElementId) WHERE ElementId IS NOT NULL;      CREATE INDEX IX_TM_FormId ON #TM(FormId) WHERE FormId IS NOT NULL;        ------------------------------------------------------------      -- B) NeedE + Elements (solo ElementId necesarios)      --    JOIN correcto a ElementTypes por ID usando Elements.TypeId      ------------------------------------------------------------      IF OBJECT_ID('tempdb..#NeedE') IS NOT NULL DROP TABLE #NeedE;        SELECT DISTINCT ElementId      INTO #NeedE      FROM #TM      WHERE ElementId IS NOT NULL;        CREATE UNIQUE CLUSTERED INDEX IX_NeedE ON #NeedE(ElementId);        IF OBJECT_ID('tempdb..#E') IS NOT NULL DROP TABLE #E;        SELECT          e.Id                  AS ELEMENT_ID,          e.TypeId              AS ElementTypeId,          nl.Name               AS LevelName,          CAST(e.Active AS bit) AS Active      INTO #E      FROM dbo.Elements e      INNER JOIN #NeedE ne          ON ne.ElementId = e.Id      LEFT JOIN dbo.NodeLevels nl          ON nl.Id = e.NodeLevelId      WHERE e.ProjectId = @ProjectId;        CREATE UNIQUE CLUSTERED INDEX IX_E_EID ON #E(ELEMENT_ID);      CREATE INDEX IX_E_TypeId ON #E(ElementTypeId) WHERE ElementTypeId IS NOT NULL;        ------------------------------------------------------------      -- C) NeedF + Forms      ------------------------------------------------------------      IF OBJECT_ID('tempdb..#NeedF') IS NOT NULL DROP TABLE #NeedF;        SELECT DISTINCT FormId      INTO #NeedF      FROM #TM      WHERE FormId IS NOT NULL;        CREATE UNIQUE CLUSTERED INDEX IX_NeedF_FormId ON #NeedF(FormId);        IF OBJECT_ID('tempdb..#F') IS NOT NULL DROP TABLE #F;        SELECT          f.Id          AS FormId,          f.ProjectId,          f.Name        AS FormName,          f.Description AS FormDescription,          f.PhaseId      INTO #F      FROM dbo.Forms f      INNER JOIN #NeedF nf          ON nf.FormId = f.Id      WHERE f.ProjectId = @ProjectId;        CREATE UNIQUE CLUSTERED INDEX IX_F_FormId ON #F(FormId);      CREATE INDEX IX_F_PhaseId ON #F(PhaseId) WHERE PhaseId IS NOT NULL;        ------------------------------------------------------------      -- D) NeedP + Phases      ------------------------------------------------------------      IF OBJECT_ID('tempdb..#NeedP') IS NOT NULL DROP TABLE #NeedP;        SELECT DISTINCT PhaseId      INTO #NeedP      FROM #F      WHERE PhaseId IS NOT NULL;        CREATE UNIQUE CLUSTERED INDEX IX_NeedP_PhaseId ON #NeedP(PhaseId);        IF OBJECT_ID('tempdb..#P') IS NOT NULL DROP TABLE #P;        SELECT          p.Id   AS PhaseId,          p.Name AS PhaseName      INTO #P      FROM dbo.Phases p      INNER JOIN #NeedP np          ON np.PhaseId = p.Id;        CREATE UNIQUE CLUSTERED INDEX IX_P_PhaseId ON #P(PhaseId);        ------------------------------------------------------------      -- E) Matrices enriched (#M)      --    IMPORTANTE: rama ELEMENT une ElementTypes por Id (no por Code)      ------------------------------------------------------------      IF OBJECT_ID('tempdb..#M') IS NOT NULL DROP TABLE #M;        SELECT          tm.Id,            ElementDiscipline =              COALESCE(d_e.Name, d_tm.Name),            ElementLevel =              COALESCE(e.LevelName, nl_tm.Name),            ElementType =              COALESCE(et_e.Name, et_tm.Name),            -- Convención IT: ElementClass deriva de ElementTypes          ElementClass =              COALESCE(et_e.Code, et_tm.Code),            p.PhaseName,          f.FormName,          f.FormDescription,            tm.Sct,          tm.MasterTask,          tm.DossierTask,            ResolutionSource =              CASE                  WHEN tm.ElementId IS NOT NULL AND e.ELEMENT_ID IS NOT NULL THEN 'ELEMENT'                  ELSE 'MATRIX'              END,            tm.ElementId      INTO #M      FROM #TM tm      LEFT JOIN #F f          ON f.FormId = tm.FormId      LEFT JOIN #P p          ON p.PhaseId = f.PhaseId        -- Rama ELEMENT (idempotente, sin duplicar)      LEFT JOIN #E e          ON e.ELEMENT_ID = tm.ElementId      LEFT JOIN dbo.ElementTypes et_e          ON et_e.Id = e.ElementTypeId      LEFT JOIN dbo.Disciplines d_e          ON d_e.Id = et_e.DisciplineId        -- Rama MATRIX      LEFT JOIN dbo.ElementTypes et_tm          ON et_tm.Id = tm.ElementTypeId      LEFT JOIN dbo.NodeLevels nl_tm          ON nl_tm.Id = et_tm.NodeLevelId      LEFT JOIN dbo.Disciplines d_tm          ON d_tm.Id = tm.DisciplineId      WHERE          (tm.ElementId IS NULL OR e.Active = 1);        CREATE UNIQUE CLUSTERED INDEX IX_M_Id ON #M(Id);      CREATE INDEX IX_M_RS_Id ON #M(ResolutionSource, Id);      CREATE INDEX IX_M_ElementId_RS ON #M(ElementId, ResolutionSource) WHERE ElementId IS NOT NULL;        ------------------------------------------------------------      -- F) Stage InspectionTasks + Status      --    TaskMatrixItemId (reemplazo aplicado)      ------------------------------------------------------------      IF OBJECT_ID('tempdb..#IT') IS NOT NULL DROP TABLE #IT;        SELECT          it.Id,          it.TaskMatrixItemId,          it.ElementId,          CAST(it.Active AS bit) AS Active,          it.Status,          it.ProjectId      INTO #IT      FROM dbo.InspectionTasks it      WHERE          it.ProjectId = @ProjectId          AND (@OnlyActive = 0 OR it.Active = 1);        CREATE UNIQUE CLUSTERED INDEX IX_IT_Id ON #IT(Id);      CREATE INDEX IX_IT_TaskMatrixItemId ON #IT(TaskMatrixItemId) WHERE TaskMatrixItemId IS NOT NULL;      CREATE INDEX IX_IT_ElementId ON #IT(ElementId) WHERE ElementId IS NOT NULL;      CREATE INDEX IX_IT_Status ON #IT(Status);        ------------------------------------------------------------      -- G) Cruce según algoritmo MODIFICADO      --    1) MATRIX:  it.TaskMatrixItemId = m.Id  (si m.ResolutionSource='MATRIX')      --    2) ELEMENT: it.TaskMatrixItemId = m.Id AND it.ElementId = m.ElementId      --               (si m.ResolutionSource='ELEMENT')      ------------------------------------------------------------      ;WITH Joined AS      (          SELECT              m.Id AS MatrixId,              m.ElementDiscipline,              m.ElementLevel,              m.ElementType,              m.ElementClass,              m.PhaseName,              m.FormName,              m.FormDescription,              m.Sct,              m.MasterTask,              m.DossierTask,              m.ResolutionSource,              m.ElementId AS MatrixElementId,                it.Id AS InspectionTaskId,              it.TaskMatrixItemId,              it.ElementId AS InspectionTask_ElementId,              it.Active,              it.Status          FROM #IT it          INNER JOIN #M m              ON it.TaskMatrixItemId IS NOT NULL             AND it.TaskMatrixItemId = m.Id             AND (                  (m.ResolutionSource = 'MATRIX')                  OR                  (m.ResolutionSource = 'ELEMENT' AND it.ElementId = m.ElementId)                 )      )      SELECT          -- Matrices          MatrixId AS Id,          ElementDiscipline,          ElementLevel,          ElementType,          ElementClass,          PhaseName,          FormName,          FormDescription,          Sct,          MasterTask,          DossierTask,          ResolutionSource,          MatrixElementId AS Matrix_ElementId,            -- InspectionTasks          InspectionTaskId,          TaskMatrixItemId,          InspectionTask_ElementId,          Active,          Status,            -- TaskStatus          ts.StatusName      FROM Joined j      LEFT JOIN dbo.TaskStatus ts          ON ts.Id = j.Status      OPTION (RECOMPILE);  END    GO"
4074,STORED_PROCEDURE,warroom,usp_ListPunchComments,54D0FA547C15099E890E52FC6D5AAD859464CCDEFEC0F92F995FCEF6F8839F52,"SET ANSI_NULLS ON;  GO  SET QUOTED_IDENTIFIER ON;  GO            CREATE   PROC warroom.usp_ListPunchComments      @ProjectId INT,      @PunchId INT  AS  BEGIN      SET NOCOUNT ON;        SELECT          PunchCommentId,          ProjectId,          PunchId,          CommentType,          CommentText,          CreatedByEmail,          CreatedByName,          CreatedOn,          ModifiedByEmail,          ModifiedOn      FROM warroom.PunchComment      WHERE ProjectId = @ProjectId        AND PunchId = @PunchId        AND IsDeleted = 0      ORDER BY CreatedOn DESC;  END    GO"
4075,STORED_PROCEDURE,warroom,usp_ListTaskComments,D6A5E7EA0555F3E3764586A60FE5222EE71E55193A565F35934F0E69A031F205,"SET ANSI_NULLS ON;  GO  SET QUOTED_IDENTIFIER ON;  GO        CREATE   PROC warroom.usp_ListTaskComments      @ProjectId INT,      @TaskId    INT  AS  BEGIN      SET NOCOUNT ON;        SELECT          TaskCommentId,          CommentType,          CommentText,          CreatedByEmail,          CreatedByName,          CreatedOn,          ModifiedByEmail,          ModifiedOn      FROM warroom.TaskComment      WHERE ProjectId = @ProjectId        AND TaskId    = @TaskId        AND IsDeleted = 0      ORDER BY CreatedOn DESC;  END    GO"
4076,STORED_PROCEDURE,warroom,usp_Operations_GetCells,D87AF3A72F36152E1B7D3C34FE51F1A0F3A7B4F0EA1A1F95AE382BE44B9B11E8,"SET ANSI_NULLS ON;  GO  SET QUOTED_IDENTIFIER ON;  GO      CREATE   PROCEDURE warroom.usp_Operations_GetCells  (      @ProjectId BIGINT,      @SubsystemCode NVARCHAR(255) = NULL,      @OperationalStatus NVARCHAR(50) = NULL,      @OwnerEmail NVARCHAR(255) = NULL,      @OnlyOverdue BIT = 0  )  AS  BEGIN      SET NOCOUNT ON;        DECLARE @Sub NVARCHAR(255) = NULLIF(LTRIM(RTRIM(@SubsystemCode)), '');      DECLARE @Status NVARCHAR(50) = NULLIF(LTRIM(RTRIM(@OperationalStatus)), '');      DECLARE @Owner NVARCHAR(255) = NULLIF(LTRIM(RTRIM(@OwnerEmail)), '');        SELECT          oc.OperationalCellId,          c.ProjectId,          c.SubsystemCode,          c.L1NodeId,          c.L2NodeId,          c.L3NodeId,          c.L1DisplayName,          c.L2DisplayName,          c.L3DisplayName,          c.TotalTasks,          c.DoneTasks,          c.RemainingTasks,          c.ProgressPercent,          COALESCE(oc.OwnerEmail, '') AS OwnerEmail,          oc.DueDate,          COALESCE(oc.OperationalStatus, 'Not Started') AS OperationalStatus,          COALESCE(oc.StatusComment, '') AS StatusComment,          oc.LastReviewedOn,          COALESCE(oc.LastReviewedBy, '') AS LastReviewedBy,          CASE              WHEN oc.DueDate IS NOT NULL               AND oc.DueDate < CAST(GETUTCDATE() AS DATE)               AND COALESCE(oc.OperationalStatus, 'Not Started') NOT IN ('Closed', 'Not Applicable')              THEN CAST(1 AS BIT)              ELSE CAST(0 AS BIT)          END AS IsOverdue,          CASE              WHEN oc.LastReviewedOn IS NULL THEN NULL              ELSE DATEDIFF(DAY, oc.LastReviewedOn, SYSUTCDATETIME())          END AS AgingDays,          c.RefreshedOn      FROM warroom.OperationalCellCache c      LEFT JOIN warroom.OperationalCell oc          ON oc.ProjectId = c.ProjectId         AND oc.SubsystemCode = c.SubsystemCode         AND oc.L3NodeId = c.L3NodeId      WHERE          c.ProjectId = @ProjectId          AND (@Sub IS NULL OR c.SubsystemCode = @Sub)          AND (@Status IS NULL OR COALESCE(oc.OperationalStatus, 'Not Started') = @Status)          AND (@Owner IS NULL OR oc.OwnerEmail = @Owner)          AND          (              @OnlyOverdue = 0              OR              (                  oc.DueDate IS NOT NULL                  AND oc.DueDate < CAST(GETUTCDATE() AS DATE)                  AND COALESCE(oc.OperationalStatus, 'Not Started') NOT IN ('Closed', 'Not Applicable')              )          )      ORDER BY          CASE              WHEN oc.DueDate IS NOT NULL               AND oc.DueDate < CAST(GETUTCDATE() AS DATE)               AND COALESCE(oc.OperationalStatus, 'Not Started') NOT IN ('Closed', 'Not Applicable')              THEN 0 ELSE 1          END,          c.SubsystemCode,          c.L1DisplayName,          c.L2DisplayName,          c.L3DisplayName;  END;    GO"
4077,STORED_PROCEDURE,warroom,usp_Operations_RefreshCellCache,0076021781623FAD178FF18486997C41C697522D67AEFACF078AFDB841333285,"SET ANSI_NULLS ON;  GO  SET QUOTED_IDENTIFIER ON;  GO        CREATE   PROCEDURE warroom.usp_Operations_RefreshCellCache  (      @ProjectId BIGINT,      @SubsystemCode NVARCHAR(255) = NULL,      @OnlyActive BIT = 1  )  AS  BEGIN      SET NOCOUNT ON;      SET XACT_ABORT ON;        DECLARE @Sub NVARCHAR(255) = NULLIF(LTRIM(RTRIM(@SubsystemCode)), '');        DROP TABLE IF EXISTS #TargetSubsystems;      DROP TABLE IF EXISTS #SubsystemElements;      DROP TABLE IF EXISTS #ITScope;      DROP TABLE IF EXISTS #NeedTM;      DROP TABLE IF EXISTS #TM;      DROP TABLE IF EXISTS #NeedE;      DROP TABLE IF EXISTS #E;      DROP TABLE IF EXISTS #NeedF;      DROP TABLE IF EXISTS #F;      DROP TABLE IF EXISTS #NeedP;      DROP TABLE IF EXISTS #P;      DROP TABLE IF EXISTS #M;      DROP TABLE IF EXISTS #MResolved;      DROP TABLE IF EXISTS #TaskResolved;      DROP TABLE IF EXISTS #Agg;        CREATE TABLE #TargetSubsystems      (          SubsystemCode NVARCHAR(255) NOT NULL PRIMARY KEY      );        IF @Sub IS NULL      BEGIN          INSERT INTO #TargetSubsystems(SubsystemCode)          SELECT DISTINCT ed.SUBSYSTEM_CODE          FROM dbo.Elements_Default ed          WHERE ed.ProjectId = @ProjectId            AND ed.LevelName = 'Subsystem'            AND ed.Active = 1            AND ed.SUBSYSTEM_CODE IS NOT NULL;      END      ELSE      BEGIN          INSERT INTO #TargetSubsystems(SubsystemCode)          VALUES (@Sub);      END;        CREATE TABLE #SubsystemElements      (          ElementId INT NOT NULL,          SubsystemCode NVARCHAR(255) NOT NULL      );        INSERT INTO #SubsystemElements(ElementId, SubsystemCode)      SELECT          ed.ELEMENT_ID,          ed.SUBSYSTEM_CODE      FROM dbo.Elements_Default ed      INNER JOIN #TargetSubsystems s          ON s.SubsystemCode = ed.SUBSYSTEM_CODE      WHERE ed.ProjectId = @ProjectId        AND ed.Active = 1        AND ed.ELEMENT_ID IS NOT NULL        AND ed.SUBSYSTEM_CODE IS NOT NULL;        CREATE CLUSTERED INDEX IX_SubsystemElements_ElementId          ON #SubsystemElements(ElementId);        CREATE INDEX IX_SubsystemElements_SubsystemCode          ON #SubsystemElements(SubsystemCode);        CREATE TABLE #ITScope      (          InspectionTaskId INT NOT NULL,          SubsystemCode NVARCHAR(255) NOT NULL,          TaskMatrixItemId INT NOT NULL,          ElementId INT NULL,          StatusVal INT NULL      );        INSERT INTO #ITScope      (          InspectionTaskId,          SubsystemCode,          TaskMatrixItemId,          ElementId,          StatusVal      )      SELECT          it.Id,          se.SubsystemCode,          it.TaskMatrixItemId,          it.ElementId,          it.[Status]      FROM dbo.InspectionTasks it      INNER JOIN #SubsystemElements se          ON se.ElementId = it.ElementId      WHERE it.ProjectId = @ProjectId        AND (@OnlyActive = 0 OR it.Active = 1)        AND it.TaskMatrixItemId IS NOT NULL;        CREATE UNIQUE CLUSTERED INDEX IX_ITScope_TaskId          ON #ITScope(InspectionTaskId);        CREATE INDEX IX_ITScope_TaskMatrixItemId          ON #ITScope(TaskMatrixItemId);        CREATE INDEX IX_ITScope_ElementId          ON #ITScope(ElementId)          WHERE ElementId IS NOT NULL;        SELECT DISTINCT TaskMatrixItemId      INTO #NeedTM      FROM #ITScope;        CREATE UNIQUE CLUSTERED INDEX IX_NeedTM_TaskMatrixItemId          ON #NeedTM(TaskMatrixItemId);        SELECT          tm.Id,          tm.ProjectId,          tm.ElementTypeId,          tm.FormId,          tm.MasterTask,          tm.Description,          tm.DisciplineId,          tm.Sct,          tm.ElementId      INTO #TM      FROM dbo.TaskMatrices tm      INNER JOIN #NeedTM ntm          ON ntm.TaskMatrixItemId = tm.Id      WHERE tm.ProjectId = @ProjectId;        CREATE UNIQUE CLUSTERED INDEX IX_TM_Id          ON #TM(Id);        CREATE INDEX IX_TM_ElementId          ON #TM(ElementId)          WHERE ElementId IS NOT NULL;        CREATE INDEX IX_TM_FormId          ON #TM(FormId)          WHERE FormId IS NOT NULL;        SELECT DISTINCT ElementId      INTO #NeedE      FROM #TM      WHERE ElementId IS NOT NULL;        CREATE UNIQUE CLUSTERED INDEX IX_NeedE_ElementId          ON #NeedE(ElementId);        SELECT          e.Id AS ELEMENT_ID,          e.TypeId AS ElementTypeId,          nl.Name AS LevelName,          CAST(e.Active AS BIT) AS Active      INTO #E      FROM dbo.Elements e      INNER JOIN #NeedE ne          ON ne.ElementId = e.Id      LEFT JOIN dbo.NodeLevels nl          ON nl.Id = e.NodeLevelId      WHERE e.ProjectId = @ProjectId;        CREATE UNIQUE CLUSTERED INDEX IX_E_EID          ON #E(ELEMENT_ID);        CREATE INDEX IX_E_TypeId          ON #E(ElementTypeId)          WHERE ElementTypeId IS NOT NULL;        SELECT DISTINCT FormId      INTO #NeedF      FROM #TM      WHERE FormId IS NOT NULL;        CREATE UNIQUE CLUSTERED INDEX IX_NeedF_FormId          ON #NeedF(FormId);        SELECT          f.Id AS FormId,          f.ProjectId,          f.Name AS FormName,          f.Description AS FormDescription,          f.PhaseId      INTO #F      FROM dbo.Forms f      INNER JOIN #NeedF nf          ON nf.FormId = f.Id      WHERE f.ProjectId = @ProjectId;        CREATE UNIQUE CLUSTERED INDEX IX_F_FormId          ON #F(FormId);        CREATE INDEX IX_F_PhaseId          ON #F(PhaseId)          WHERE PhaseId IS NOT NULL;        SELECT DISTINCT PhaseId      INTO #NeedP      FROM #F      WHERE PhaseId IS NOT NULL;        CREATE UNIQUE CLUSTERED INDEX IX_NeedP_PhaseId          ON #NeedP(PhaseId);        SELECT          p.Id AS PhaseId,          p.Name AS PhaseName      INTO #P      FROM dbo.Phases p      INNER JOIN #NeedP np          ON np.PhaseId = p.Id;        CREATE UNIQUE CLUSTERED INDEX IX_P_PhaseId          ON #P(PhaseId);        SELECT          tm.Id,            ResolutionSource =              CASE                  WHEN tm.ElementId IS NOT NULL AND e.ELEMENT_ID IS NOT NULL THEN 'ELEMENT'                  ELSE 'MATRIX'              END,            tm.ElementId,            GroupKey =              CONVERT(CHAR(64),                  HASHBYTES('SHA2_256',                      CONCAT(                          UPPER(LTRIM(RTRIM(COALESCE(COALESCE(d_e.Name, d_tm.Name), '')))), '|',                          UPPER(LTRIM(RTRIM(COALESCE(COALESCE(e.LevelName, nl_tm.Name), '')))), '|',                          UPPER(LTRIM(RTRIM(COALESCE(p.PhaseName, '')))), '|',                          UPPER(LTRIM(RTRIM(COALESCE(f.FormName, '')))), '|',                          UPPER(LTRIM(RTRIM(COALESCE(f.FormDescription, '')))), '|',                          UPPER(LTRIM(RTRIM(COALESCE(CAST(tm.Sct AS VARCHAR(20)), '')))), '|',                          UPPER(LTRIM(RTRIM(COALESCE(CAST(tm.MasterTask AS VARCHAR(20)), ''))))                      )                  ), 2              )      INTO #M      FROM #TM tm      LEFT JOIN #F f          ON f.FormId = tm.FormId      LEFT JOIN #P p          ON p.PhaseId = f.PhaseId      LEFT JOIN #E e          ON e.ELEMENT_ID = tm.ElementId      LEFT JOIN dbo.ElementTypes et_e          ON et_e.Id = e.ElementTypeId      LEFT JOIN dbo.Disciplines d_e          ON d_e.Id = et_e.DisciplineId      LEFT JOIN dbo.ElementTypes et_tm          ON et_tm.Id = tm.ElementTypeId      LEFT JOIN dbo.NodeLevels nl_tm          ON nl_tm.Id = et_tm.NodeLevelId      LEFT JOIN dbo.Disciplines d_tm          ON d_tm.Id = tm.DisciplineId      WHERE tm.ElementId IS NULL         OR e.Active = 1;        CREATE UNIQUE CLUSTERED INDEX IX_M_Id          ON #M(Id);        CREATE INDEX IX_M_GroupKey          ON #M(GroupKey);        SELECT          m.Id,          m.ResolutionSource,          m.ElementId,            n1.NodeId AS L1NodeId,          n1.DisplayName AS L1DisplayName,          n1.SortOrder AS L1SortOrder,            n2.NodeId AS L2NodeId,          n2.DisplayName AS L2DisplayName,          n2.SortOrder AS L2SortOrder,            n3.NodeId AS L3NodeId,          n3.DisplayName AS L3DisplayName,          n3.SortOrder AS L3SortOrder      INTO #MResolved      FROM #M m      INNER JOIN warroom.ReportAssignment ra          ON ra.ProjectId = @ProjectId         AND ra.GroupKey = m.GroupKey      INNER JOIN warroom.ReportNode n3          ON n3.NodeId = ra.NodeId         AND n3.ProjectId = @ProjectId         AND n3.LevelNo = 3         AND n3.IsActive = 1      INNER JOIN warroom.ReportNode n2          ON n2.NodeId = n3.ParentNodeId         AND n2.ProjectId = @ProjectId         AND n2.LevelNo = 2         AND n2.IsActive = 1      INNER JOIN warroom.ReportNode n1          ON n1.NodeId = n2.ParentNodeId         AND n1.ProjectId = @ProjectId         AND n1.LevelNo = 1         AND n1.IsActive = 1;        CREATE CLUSTERED INDEX IX_MResolved_Id          ON #MResolved(Id);        SELECT          it.InspectionTaskId,          it.SubsystemCode,          it.StatusVal,            mr.L1NodeId,          mr.L1DisplayName,          mr.L1SortOrder,            mr.L2NodeId,          mr.L2DisplayName,          mr.L2SortOrder,            mr.L3NodeId,          mr.L3DisplayName,          mr.L3SortOrder      INTO #TaskResolved      FROM #ITScope it      INNER JOIN #MResolved mr          ON mr.Id = it.TaskMatrixItemId         AND         (              mr.ResolutionSource = 'MATRIX'              OR              (                  mr.ResolutionSource = 'ELEMENT'                  AND mr.ElementId = it.ElementId              )         );        SELECT          ProjectId = @ProjectId,          SubsystemCode = tr.SubsystemCode,            tr.L1NodeId,          tr.L2NodeId,          tr.L3NodeId,            L1DisplayName = MAX(tr.L1DisplayName),          L2DisplayName = MAX(tr.L2DisplayName),          L3DisplayName = MAX(tr.L3DisplayName),            TotalTasks = CONVERT(INT, COUNT_BIG(1)),          DoneTasks = CONVERT(INT, SUM(CASE WHEN tr.StatusVal = 5 THEN 1 ELSE 0 END)),          RemainingTasks = CONVERT(INT, SUM(CASE WHEN tr.StatusVal <> 5 OR tr.StatusVal IS NULL THEN 1 ELSE 0 END)),            ProgressPercent =              CAST(                  CASE                      WHEN COUNT_BIG(1) = 0 THEN 0                      ELSE SUM(CASE WHEN tr.StatusVal = 5 THEN 1 ELSE 0 END) * 100.0 / NULLIF(COUNT_BIG(1), 0)                  END              AS DECIMAL(10,2))      INTO #Agg      FROM #TaskResolved tr      GROUP BY          tr.SubsystemCode,          tr.L1NodeId,          tr.L2NodeId,          tr.L3NodeId;        MERGE warroom.OperationalCellCache AS tgt      USING #Agg AS src          ON tgt.ProjectId = src.ProjectId         AND tgt.SubsystemCode = src.SubsystemCode         AND tgt.L3NodeId = src.L3NodeId      WHEN MATCHED THEN          UPDATE SET              tgt.L1NodeId = src.L1NodeId,              tgt.L2NodeId = src.L2NodeId,              tgt.L1DisplayName = src.L1DisplayName,              tgt.L2DisplayName = src.L2DisplayName,              tgt.L3DisplayName = src.L3DisplayName,              tgt.TotalTasks = src.TotalTasks,              tgt.DoneTasks = src.DoneTasks,              tgt.RemainingTasks = src.RemainingTasks,              tgt.ProgressPercent = src.ProgressPercent,              tgt.RefreshedOn = SYSUTCDATETIME()      WHEN NOT MATCHED THEN          INSERT          (              ProjectId,              SubsystemCode,              L1NodeId,              L2NodeId,              L3NodeId,              L1DisplayName,              L2DisplayName,              L3DisplayName,              TotalTasks,              DoneTasks,              RemainingTasks,              ProgressPercent,              RefreshedOn          )          VALUES          (              src.ProjectId,              src.SubsystemCode,              src.L1NodeId,              src.L2NodeId,              src.L3NodeId,              src.L1DisplayName,              src.L2DisplayName,              src.L3DisplayName,              src.TotalTasks,              src.DoneTasks,              src.RemainingTasks,              src.ProgressPercent,              SYSUTCDATETIME()          );        DELETE c      FROM warroom.OperationalCellCache c      WHERE c.ProjectId = @ProjectId        AND (@Sub IS NULL OR c.SubsystemCode = @Sub)        AND NOT EXISTS        (            SELECT 1            FROM #Agg a            WHERE a.ProjectId = c.ProjectId              AND a.SubsystemCode = c.SubsystemCode              AND a.L3NodeId = c.L3NodeId        );        SELECT          CachedCells = COUNT(*)      FROM warroom.OperationalCellCache      WHERE ProjectId = @ProjectId        AND (@Sub IS NULL OR SubsystemCode = @Sub);  END;    GO"
4078,STORED_PROCEDURE,warroom,usp_Operations_UpsertCell,7FA1B016BE91D628746568314432A034495529D803555533FC910F2AA8DFC827,"SET ANSI_NULLS ON;  GO  SET QUOTED_IDENTIFIER ON;  GO      CREATE PROCEDURE [warroom].[usp_Operations_UpsertCell]  (      @ProjectId BIGINT,      @SubsystemCode NVARCHAR(255),        @L1NodeId UNIQUEIDENTIFIER = NULL,      @L2NodeId UNIQUEIDENTIFIER = NULL,      @L3NodeId UNIQUEIDENTIFIER,        @OwnerEmail NVARCHAR(255) = NULL,      @DueDate DATE = NULL,      @OperationalStatus NVARCHAR(50),      @StatusComment NVARCHAR(1000) = NULL,        @Username NVARCHAR(255)  )  AS  BEGIN      SET NOCOUNT ON;      SET XACT_ABORT ON;        DECLARE @ExistingId BIGINT;        DECLARE @NewOwnerEmail NVARCHAR(255) = NULLIF(@OwnerEmail, '');      DECLARE @NewStatusComment NVARCHAR(1000) = NULLIF(@StatusComment, '');        DECLARE @LogDescription NVARCHAR(MAX);      DECLARE @LogSeverity NVARCHAR(20);      DECLARE @OldDueDateTxt NVARCHAR(30);      DECLARE @NewDueDateTxt NVARCHAR(30);      DECLARE @OldCommentPreview NVARCHAR(500);      DECLARE @NewCommentPreview NVARCHAR(500);        SELECT @ExistingId = OperationalCellId      FROM warroom.OperationalCell      WHERE ProjectId = @ProjectId        AND SubsystemCode = @SubsystemCode        AND L3NodeId = @L3NodeId;        IF @ExistingId IS NULL      BEGIN          INSERT INTO warroom.OperationalCell          (              ProjectId,              SubsystemCode,              L1NodeId,              L2NodeId,              L3NodeId,              OwnerEmail,              DueDate,              OperationalStatus,              StatusComment,              LastReviewedOn,              LastReviewedBy,              CreatedBy          )          VALUES          (              @ProjectId,              @SubsystemCode,              @L1NodeId,              @L2NodeId,              @L3NodeId,              @NewOwnerEmail,              @DueDate,              @OperationalStatus,              @NewStatusComment,              SYSUTCDATETIME(),              @Username,              @Username          );            SET @ExistingId = CONVERT(BIGINT, SCOPE_IDENTITY());            INSERT INTO warroom.OperationalCellHistory          (              OperationalCellId,              ProjectId,              SubsystemCode,              L3NodeId,              OldStatus,              NewStatus,              OldOwnerEmail,              NewOwnerEmail,              OldDueDate,              NewDueDate,              Comment,              ChangedBy          )          VALUES          (              @ExistingId,              @ProjectId,              @SubsystemCode,              @L3NodeId,              NULL,              @OperationalStatus,              NULL,              @NewOwnerEmail,              NULL,              @DueDate,              @StatusComment,              @Username          );            SET @LogDescription = CONCAT(              'Operational cell created for subsystem ',              @SubsystemCode,              ' with status ',              @OperationalStatus,              '.'          );            EXEC warroom.usp_ActivityLog_Insert              @ProjectId = @ProjectId,              @EntityType = 'OPERATIONAL_CELL',              @EntityId = @ExistingId,              @EventType = 'CELL_CREATED',              @Title = 'Operational cell created',              @Description = @LogDescription,              @OldValue = NULL,              @NewValue = @OperationalStatus,              @Severity = 'NORMAL',              @SubsystemCode = @SubsystemCode,              @Discipline = NULL,              @Owner = @NewOwnerEmail,              @ChangedBy = @Username,              @MetadataJson = NULL;      END      ELSE      BEGIN          DECLARE              @OldStatus NVARCHAR(50),              @OldOwnerEmail NVARCHAR(255),              @OldDueDate DATE,              @OldStatusComment NVARCHAR(1000);            SELECT              @OldStatus = OperationalStatus,              @OldOwnerEmail = OwnerEmail,              @OldDueDate = DueDate,              @OldStatusComment = StatusComment          FROM warroom.OperationalCell          WHERE OperationalCellId = @ExistingId;            UPDATE warroom.OperationalCell          SET              OwnerEmail = @NewOwnerEmail,              DueDate = @DueDate,              OperationalStatus = @OperationalStatus,              StatusComment = @NewStatusComment,              LastReviewedOn = SYSUTCDATETIME(),              LastReviewedBy = @Username,              ModifiedOn = SYSUTCDATETIME(),              ModifiedBy = @Username          WHERE OperationalCellId = @ExistingId;            INSERT INTO warroom.OperationalCellHistory          (              OperationalCellId,              ProjectId,              SubsystemCode,              L3NodeId,              OldStatus,              NewStatus,              OldOwnerEmail,              NewOwnerEmail,              OldDueDate,              NewDueDate,              Comment,              ChangedBy          )          VALUES          (              @ExistingId,              @ProjectId,              @SubsystemCode,              @L3NodeId,              @OldStatus,              @OperationalStatus,              @OldOwnerEmail,              @NewOwnerEmail,              @OldDueDate,              @DueDate,              @StatusComment,              @Username          );            IF ISNULL(@OldStatus, '') <> ISNULL(@OperationalStatus, '')          BEGIN              SET @LogDescription = CONCAT(                  'Subsystem ',                  @SubsystemCode,                  ' changed from ',                  ISNULL(@OldStatus, 'N/A'),                  ' to ',                  ISNULL(@OperationalStatus, 'N/A'),                  '.'              );                SET @LogSeverity =                  CASE                      WHEN UPPER(ISNULL(@OperationalStatus, '')) IN ('BLOCKED', 'CRITICAL', 'AT RISK')                          THEN 'CRITICAL'                      ELSE 'NORMAL'                  END;                EXEC warroom.usp_ActivityLog_Insert                  @ProjectId = @ProjectId,                  @EntityType = 'OPERATIONAL_CELL',                  @EntityId = @ExistingId,                  @EventType = 'CELL_STATUS_CHANGED',                  @Title = 'Operational cell status changed',                  @Description = @LogDescription,                  @OldValue = @OldStatus,                  @NewValue = @OperationalStatus,                  @Severity = @LogSeverity,                  @SubsystemCode = @SubsystemCode,                  @Discipline = NULL,                  @Owner = @NewOwnerEmail,                  @ChangedBy = @Username,                  @MetadataJson = NULL;          END;            IF ISNULL(@OldOwnerEmail, '') <> ISNULL(@NewOwnerEmail, '')          BEGIN              SET @LogDescription = CONCAT(                  'Subsystem ',                  @SubsystemCode,                  ' owner changed from ',                  ISNULL(@OldOwnerEmail, 'N/A'),                  ' to ',                  ISNULL(@NewOwnerEmail, 'N/A'),                  '.'              );                EXEC warroom.usp_ActivityLog_Insert                  @ProjectId = @ProjectId,                  @EntityType = 'OPERATIONAL_CELL',                  @EntityId = @ExistingId,                  @EventType = 'CELL_OWNER_CHANGED',                  @Title = 'Operational cell owner changed',                  @Description = @LogDescription,                  @OldValue = @OldOwnerEmail,                  @NewValue = @NewOwnerEmail,                  @Severity = 'WARNING',                  @SubsystemCode = @SubsystemCode,                  @Discipline = NULL,                  @Owner = @NewOwnerEmail,                  @ChangedBy = @Username,                  @MetadataJson = NULL;          END;            SET @OldDueDateTxt = CONVERT(NVARCHAR(30), @OldDueDate, 23);          SET @NewDueDateTxt = CONVERT(NVARCHAR(30), @DueDate, 23);            IF ISNULL(@OldDueDateTxt, '') <> ISNULL(@NewDueDateTxt, '')          BEGIN              SET @LogDescription = CONCAT(                  'Subsystem ',                  @SubsystemCode,                  ' due date changed from ',                  ISNULL(@OldDueDateTxt, 'N/A'),                  ' to ',                  ISNULL(@NewDueDateTxt, 'N/A'),                  '.'              );                EXEC warroom.usp_ActivityLog_Insert                  @ProjectId = @ProjectId,                  @EntityType = 'OPERATIONAL_CELL',                  @EntityId = @ExistingId,                  @EventType = 'CELL_DUE_DATE_CHANGED',                  @Title = 'Operational cell due date changed',                  @Description = @LogDescription,                  @OldValue = @OldDueDateTxt,                  @NewValue = @NewDueDateTxt,                  @Severity = 'WARNING',                  @SubsystemCode = @SubsystemCode,                  @Discipline = NULL,                  @Owner = @NewOwnerEmail,                  @ChangedBy = @Username,                  @MetadataJson = NULL;          END;            IF ISNULL(@OldStatusComment, '') <> ISNULL(@NewStatusComment, '')             AND @NewStatusComment IS NOT NULL          BEGIN              SET @OldCommentPreview = LEFT(ISNULL(@OldStatusComment, ''), 500);              SET @NewCommentPreview = LEFT(@NewStatusComment, 500);                EXEC warroom.usp_ActivityLog_Insert                  @ProjectId = @ProjectId,                  @EntityType = 'OPERATIONAL_CELL',                  @EntityId = @ExistingId,                  @EventType = 'CELL_COMMENT_UPDATED',                  @Title = 'Operational cell comment updated',                  @Description = @NewCommentPreview,                  @OldValue = @OldCommentPreview,                  @NewValue = @NewCommentPreview,                  @Severity = 'INFO',                  @SubsystemCode = @SubsystemCode,                  @Discipline = NULL,                  @Owner = @NewOwnerEmail,                  @ChangedBy = @Username,                  @MetadataJson = NULL;          END;      END;        SELECT @ExistingId AS OperationalCellId;  END;  GO"
4079,STORED_PROCEDURE,warroom,usp_PHR_GetPage,FC5FC2CC872C6D3D82A22D63FD4F07B208297F7A97517E6F23756ED8CA14E0AD,"SET ANSI_NULLS ON;  GO  SET QUOTED_IDENTIFIER ON;  GO          CREATE PROCEDURE [warroom].[usp_PHR_GetPage]  (      @ProjectId       INT,      @SearchSubsystem NVARCHAR(50) = NULL,      @PageNumber      INT = 1,      @PageSize        INT = 100  )  AS  BEGIN      SET NOCOUNT ON;        IF @PageNumber < 1 SET @PageNumber = 1;      IF @PageSize   < 1 SET @PageSize   = 100;        DECLARE @Search NVARCHAR(50) = NULLIF(LTRIM(RTRIM(@SearchSubsystem)), '');        -------------------------------------------------------------------      -- 1. Materializar Output Base      -------------------------------------------------------------------        IF OBJECT_ID('tempdb..#Out') IS NOT NULL DROP TABLE #Out;        CREATE TABLE #Out      (          ProjectLevel   VARCHAR(100),          ProjectElement VARCHAR(100),          JobLabel       VARCHAR(128),          Qty            INT      );        INSERT INTO #Out (ProjectLevel, ProjectElement, JobLabel, Qty)      EXEC dbo.exp_handover_summary_index_70200_rows @ProjectId = @ProjectId;        -------------------------------------------------------------------      -- 2. TotalCount Subsistemas      -------------------------------------------------------------------        DECLARE @TotalCount INT;        ;WITH S AS      (          SELECT DISTINCT SubsystemCode = CAST(ProjectElement AS NVARCHAR(50))          FROM #Out          WHERE (@Search IS NULL OR ProjectElement LIKE '%' + @Search + '%')      )      SELECT @TotalCount = COUNT(1) FROM S;        -------------------------------------------------------------------      -- 3. Página de Subsistemas      -------------------------------------------------------------------        IF OBJECT_ID('tempdb..#Page') IS NOT NULL DROP TABLE #Page;        ;WITH S AS      (          SELECT DISTINCT SubsystemCode = CAST(ProjectElement AS NVARCHAR(50))          FROM #Out          WHERE (@Search IS NULL OR ProjectElement LIKE '%' + @Search + '%')      ),      N AS      (          SELECT SubsystemCode,                 RN = ROW_NUMBER() OVER (ORDER BY SubsystemCode)          FROM S      )      SELECT SubsystemCode      INTO #Page      FROM N      WHERE RN BETWEEN ((@PageNumber - 1) * @PageSize + 1)                  AND ( @PageNumber      * @PageSize);        -------------------------------------------------------------------      -- 4. Headers (solo métricas reales existentes)      -------------------------------------------------------------------        IF OBJECT_ID('tempdb..#Headers') IS NOT NULL DROP TABLE #Headers;        SELECT DISTINCT          MetricKey = CAST(JobLabel AS NVARCHAR(128))      INTO #Headers      FROM #Out      WHERE JobLabel IS NOT NULL;        -------------------------------------------------------------------      -- 5. Metrics para la página actual      -------------------------------------------------------------------        IF OBJECT_ID('tempdb..#Metrics') IS NOT NULL DROP TABLE #Metrics;        SELECT          SubsystemCode = CAST(o.ProjectElement AS NVARCHAR(50)),          MetricKey     = CAST(o.JobLabel AS NVARCHAR(128)),          MetricValue   = o.Qty      INTO #Metrics      FROM #Out o      JOIN #Page p        ON p.SubsystemCode = o.ProjectElement;        -------------------------------------------------------------------      -- 6. JSON FINAL      -------------------------------------------------------------------        SELECT          SubsystemsJson =              (SELECT SubsystemCode                FROM #Page                ORDER BY SubsystemCode                FOR JSON PATH),            MetricsJson =              (SELECT SubsystemCode, MetricKey, MetricValue                FROM #Metrics                FOR JSON PATH),            HeadersJson =              (SELECT MetricKey                FROM #Headers                ORDER BY MetricKey                FOR JSON PATH),            TotalCount = @TotalCount;  END  GO"
4080,STORED_PROCEDURE,warroom,usp_ProjectDoneStatus_Get,9766C53BF04E9A73E6705579052CD39ED9EC46A4971D9C77D3B9C6FBFF72D9ED,"SET ANSI_NULLS ON;  GO  SET QUOTED_IDENTIFIER ON;  GO      CREATE   PROCEDURE warroom.usp_ProjectDoneStatus_Get  (      @ProjectId BIGINT  )  AS  BEGIN      SET NOCOUNT ON;        SELECT          ts.Id AS StatusId,          ts.StatusName,          CAST(ISNULL(cfg.IsDone, 0) AS BIT) AS IsDone      FROM dbo.TaskStatus ts      LEFT JOIN warroom.ProjectDoneStatusConfig cfg          ON cfg.ProjectId = @ProjectId         AND cfg.StatusId = ts.Id      ORDER BY ts.Id;  END;    GO"
4081,STORED_PROCEDURE,warroom,usp_ProjectDoneStatus_Save,498CA9D8B1B414441E53A575D230D07E95427B770A721CE5A81664EBB934BCF3,"SET ANSI_NULLS ON;  GO  SET QUOTED_IDENTIFIER ON;  GO      CREATE   PROCEDURE warroom.usp_ProjectDoneStatus_Save  (      @ProjectId BIGINT,      @StatusesJson NVARCHAR(MAX),      @Username NVARCHAR(255) = NULL  )  AS  BEGIN      SET NOCOUNT ON;      SET XACT_ABORT ON;        IF ISJSON(@StatusesJson) <> 1      BEGIN          THROW 51000, 'Invalid JSON received in @StatusesJson.', 1;      END;        ;WITH Incoming AS      (          SELECT              StatusId,              CAST(IsDone AS BIT) AS IsDone          FROM OPENJSON(@StatusesJson)          WITH          (              StatusId INT '$.StatusId',              IsDone BIT '$.IsDone'          )          WHERE StatusId IS NOT NULL      )      MERGE warroom.ProjectDoneStatusConfig AS target      USING Incoming AS src          ON target.ProjectId = @ProjectId         AND target.StatusId = src.StatusId      WHEN MATCHED THEN          UPDATE SET              target.IsDone = src.IsDone,              target.StatusValue = CONVERT(NVARCHAR(255), src.StatusId),              target.ModifiedAt = SYSUTCDATETIME(),              target.ModifiedBy = @Username      WHEN NOT MATCHED THEN          INSERT          (              ProjectId,              StatusId,              StatusValue,              IsDone,              CreatedAt,              CreatedBy          )          VALUES          (              @ProjectId,              src.StatusId,              CONVERT(NVARCHAR(255), src.StatusId),              src.IsDone,              SYSUTCDATETIME(),              @Username          );        SELECT          CAST(1 AS BIT) AS Success,          COUNT(*) AS SavedRows      FROM OPENJSON(@StatusesJson);  END;    GO"
4082,STORED_PROCEDURE,warroom,usp_Projects_Search,5F3EBDC9F706930C21D1B7066E6005584BA57F6C6259BE8CA23ACAAF382BD7CD,"SET ANSI_NULLS ON;  GO  SET QUOTED_IDENTIFIER ON;  GO        CREATE   PROCEDURE warroom.usp_Projects_Search  (      @SearchText NVARCHAR(255) = NULL  )  AS  BEGIN      SET NOCOUNT ON;        SELECT TOP 100          p.Id,          p.Code,          p.Name,          p.Description,          p.Company,          p.Location,          CASE               WHEN ep.ProjectId IS NOT NULL THEN 1               ELSE 0           END AS IsEnabledInWarRoom      FROM dbo.Projects p      LEFT JOIN warroom.EnabledProjects ep          ON ep.ProjectId = p.Id      WHERE          @SearchText IS NULL          OR p.Code LIKE '%' + @SearchText + '%'          OR p.Name LIKE '%' + @SearchText + '%'          OR p.Description LIKE '%' + @SearchText + '%'      ORDER BY p.Code;  END  GO"
4083,STORED_PROCEDURE,warroom,usp_PunchExportLog_Complete,B3479C6C12F57E38EF615BB50508B060C8B1DC8E65C37530297C3EF8B6B64029,"SET ANSI_NULLS ON;  GO  SET QUOTED_IDENTIFIER ON;  GO  CREATE   PROCEDURE warroom.usp_PunchExportLog_Complete  (      @PunchExportLogId BIGINT,      @RowCount INT,      @FileName NVARCHAR(500),      @FileUrl NVARCHAR(1000)  )  AS  BEGIN      SET NOCOUNT ON;        UPDATE warroom.PunchExportLog      SET          [RowCount] = @RowCount,          [FileName] = @FileName,          FileUrl = @FileUrl,          ExportStatus = 'Completed'      WHERE PunchExportLogId = @PunchExportLogId;  END;    GO"
4084,STORED_PROCEDURE,warroom,usp_PunchExportLog_Fail,659D66C314EF10512B97009C7AE182219CA68B6392C8B29463A7ABF5C3AA5471,"SET ANSI_NULLS ON;  GO  SET QUOTED_IDENTIFIER ON;  GO  /* ==========================================================================     3. MARCAR COMO FALLIDO UN INTENTO DE EXPORTACI?N     ========================================================================== */    CREATE   PROCEDURE [warroom].[usp_PunchExportLog_Fail]      @PunchExportLogId bigint,      @ErrorMessage     nvarchar(max)  AS  BEGIN      SET NOCOUNT ON;      SET XACT_ABORT ON;        IF @PunchExportLogId IS NULL OR @PunchExportLogId <= 0          THROW 51030, 'PunchExportLogId must be a positive integer.', 1;        SET @ErrorMessage = NULLIF(LTRIM(RTRIM(@ErrorMessage)), N'');        IF @ErrorMessage IS NULL          THROW 51031, 'ErrorMessage is required.', 1;        UPDATE [warroom].[PunchExportLog]      SET          ExportStatus = N'Failed',          ErrorMessage = @ErrorMessage      WHERE PunchExportLogId = @PunchExportLogId        AND ExportStatus <> N'Completed';        IF @@ROWCOUNT = 0         AND NOT EXISTS         (             SELECT 1             FROM [warroom].[PunchExportLog]             WHERE PunchExportLogId = @PunchExportLogId         )          THROW 51032, 'PunchExportLogId does not exist.', 1;        SELECT          Success = CAST(1 AS bit),          PunchExportLogId = @PunchExportLogId,          ExportStatus = ExportStatus,          ErrorMessage = ErrorMessage      FROM [warroom].[PunchExportLog]      WHERE PunchExportLogId = @PunchExportLogId;  END;    GO"
4085,STORED_PROCEDURE,warroom,usp_PunchExportLog_Start,AB4C7D514C980209A42864256D003F696FA86C09E119EE8812207408F3690ACE,"SET ANSI_NULLS ON;  GO  SET QUOTED_IDENTIFIER ON;  GO          CREATE   PROCEDURE warroom.usp_PunchExportLog_Start  (      @ProjectId INT,      @TemplateSelector NVARCHAR(255) = NULL,      @FilterJson NVARCHAR(MAX),      @CreatedByEmail NVARCHAR(256) = NULL,      @CreatedByName NVARCHAR(256) = NULL  )  AS  BEGIN      SET NOCOUNT ON;        DECLARE @PunchExportLogId BIGINT;        INSERT INTO warroom.PunchExportLog      (          ProjectId,          TemplateSelector,          FilterJson,          ExportStatus,          CreatedByEmail,          CreatedByName      )      VALUES      (          @ProjectId,          @TemplateSelector,          @FilterJson,          'Started',          @CreatedByEmail,          @CreatedByName      );        SET @PunchExportLogId = CONVERT(BIGINT, SCOPE_IDENTITY());        SELECT          @PunchExportLogId AS PunchExportLogId;  END;    GO"
4086,STORED_PROCEDURE,warroom,usp_RegisterPunchExportSnapshot,553CF086F1E2EC5730C573BA7CE35A31D78F558A5B0E889CF17F65EF7E73842B,"SET ANSI_NULLS ON;  GO  SET QUOTED_IDENTIFIER ON;  GO    /* ==========================================================================     1. REGISTRAR SNAPSHOT DE EXPORTACI�N     ========================================================================== */    CREATE   PROCEDURE [warroom].[usp_RegisterPunchExportSnapshot]      @PunchExportLogId    bigint,      @ProjectId           bigint,      @TemplateId          bigint,      @ExportType          nvarchar(30),      @CreatedBy           nvarchar(320),      @FileName            nvarchar(260),      @AllowedColumnsJson  nvarchar(max),      @RowsJson            nvarchar(max),      @ExpiresAtUtc        datetime2(3) = NULL  AS  BEGIN      SET NOCOUNT ON;      SET XACT_ABORT ON;        BEGIN TRY          /* ------------------------------------------------------------------             1. Validaci�n de par�metros             ------------------------------------------------------------------ */            IF @PunchExportLogId IS NULL OR @PunchExportLogId <= 0              THROW 51000, 'PunchExportLogId must be a positive integer.', 1;            IF @ProjectId IS NULL OR @ProjectId <= 0              THROW 51001, 'ProjectId must be a positive integer.', 1;            IF @TemplateId IS NULL OR @TemplateId < 0              THROW 51002, 'TemplateId cannot be null or negative.', 1;            SET @ExportType =              NULLIF(LTRIM(RTRIM(@ExportType)), N'');            SET @CreatedBy =              NULLIF(LTRIM(RTRIM(@CreatedBy)), N'');            SET @FileName =              NULLIF(LTRIM(RTRIM(@FileName)), N'');            IF @ExportType IS NULL              THROW 51003, 'ExportType is required.', 1;            IF @CreatedBy IS NULL              THROW 51004, 'CreatedBy is required.', 1;            IF @FileName IS NULL              THROW 51005, 'FileName is required.', 1;            IF ISJSON(@AllowedColumnsJson) <> 1             OR LEFT(LTRIM(@AllowedColumnsJson), 1) <> N'['              THROW 51006, 'AllowedColumnsJson must be a JSON array.', 1;            IF ISJSON(@RowsJson) <> 1             OR LEFT(LTRIM(@RowsJson), 1) <> N'['              THROW 51007, 'RowsJson must be a JSON array.', 1;            /* ------------------------------------------------------------------             2. Carga inicial permisiva               WorkItemId se permite NULL temporalmente para poder devolver             errores funcionales controlados en vez de errores de inserci�n.             ------------------------------------------------------------------ */            DECLARE @RowsStage TABLE          (              SourceOrdinal       int             NOT NULL,              WorkItemId          bigint          NULL,              SourceProjectId     bigint          NULL,              SourceExportLogId   bigint          NULL,              RowChecksum         varchar(64)     NULL,              OriginalValuesJson  nvarchar(max)   NULL          );            INSERT INTO @RowsStage          (              SourceOrdinal,              WorkItemId,              SourceProjectId,              SourceExportLogId,              RowChecksum,              OriginalValuesJson          )          SELECT              SourceOrdinal =                  TRY_CONVERT(int, src.[key]),                WorkItemId =                  TRY_CONVERT                  (                      bigint,                      JSON_VALUE(src.[value], '$.PunchId')                  ),                SourceProjectId =                  TRY_CONVERT                  (                      bigint,                      JSON_VALUE(src.[value], '$.ProjectId')                  ),                SourceExportLogId =                  TRY_CONVERT                  (                      bigint,                      JSON_VALUE(src.[value], '$.PunchExportLogId')                  ),                RowChecksum =                  UPPER                  (                      NULLIF                      (                          LTRIM                          (                              RTRIM                              (                                  CONVERT                                  (                                      varchar(64),                                      JSON_VALUE(src.[value], '$.RowHash')                                  )                              )                          ),                          ''                      )                  ),                OriginalValuesJson =                  COALESCE                  (                      JSON_QUERY                      (                          src.[value],                          '$.OriginalValuesJson'                      ),                      src.[value]                  )          FROM OPENJSON(@RowsJson) AS src;            IF NOT EXISTS          (              SELECT 1              FROM @RowsStage          )              THROW 51008, 'The export snapshot does not contain rows.', 1;            /* ------------------------------------------------------------------             3. Validaci�n del contenido             ------------------------------------------------------------------ */            IF EXISTS          (              SELECT 1              FROM @RowsStage              WHERE WorkItemId IS NULL                 OR WorkItemId <= 0                 OR RowChecksum IS NULL                 OR LEN(RowChecksum) <> 64                 OR RowChecksum LIKE '%[^0-9A-F]%'                 OR OriginalValuesJson IS NULL                 OR ISJSON(OriginalValuesJson) <> 1          )              THROW 51009, 'One or more export rows contain invalid identifiers, checksums or JSON.', 1;            IF EXISTS          (              SELECT                  WorkItemId              FROM @RowsStage              GROUP BY                  WorkItemId              HAVING COUNT(*) > 1          )              THROW 51013, 'The export snapshot contains duplicate PunchId values.', 1;            IF EXISTS          (              SELECT 1              FROM @RowsStage              WHERE SourceProjectId IS NULL                 OR SourceProjectId <> @ProjectId                 OR SourceExportLogId IS NULL                 OR SourceExportLogId <> @PunchExportLogId          )              THROW 51010, 'An export row does not match the batch project or export log.', 1;            /* ------------------------------------------------------------------             4. Conjunto validado             ------------------------------------------------------------------ */            DECLARE @Rows TABLE          (              WorkItemId          bigint          NOT NULL,              RowChecksum         char(64)        NOT NULL,              OriginalValuesJson  nvarchar(max)   NOT NULL,                PRIMARY KEY              (                  WorkItemId              )          );            INSERT INTO @Rows          (              WorkItemId,              RowChecksum,              OriginalValuesJson          )          SELECT              WorkItemId,              CONVERT(char(64), RowChecksum),              OriginalValuesJson          FROM @RowsStage;            DECLARE @RowCount int =          (              SELECT COUNT(*)              FROM @Rows          );            DECLARE @EffectiveExpiresAtUtc datetime2(3) =              COALESCE              (                  @ExpiresAtUtc,                  DATEADD                  (                      day,                      30,                      CONVERT(datetime2(3), SYSUTCDATETIME())                  )              );            DECLARE @ExportBatchId uniqueidentifier;          DECLARE @ExistingStatus varchar(20);            /* ------------------------------------------------------------------             5. Registro transaccional e idempotente             ------------------------------------------------------------------ */            BEGIN TRANSACTION;            SELECT              @ExportBatchId = ExportBatchId,              @ExistingStatus = Status          FROM [warroom].[ExportBatch] WITH (UPDLOCK, HOLDLOCK)          WHERE PunchExportLogId = @PunchExportLogId;            /* ------------------------------------------------------------------             5.1. El snapshot ya existe             ------------------------------------------------------------------ */            IF @ExportBatchId IS NOT NULL          BEGIN              IF NOT EXISTS              (                  SELECT 1                  FROM [warroom].[ExportBatch]                  WHERE ExportBatchId = @ExportBatchId                    AND PunchExportLogId = @PunchExportLogId                    AND ProjectId = @ProjectId                    AND TemplateId = @TemplateId                    AND ExportType = @ExportType                    AND [RowCount] = @RowCount                    AND AllowedColumnsJson = @AllowedColumnsJson                    AND Status IN                    (                        'CREATED',                        'READY'                    )              )                  THROW 51011, 'The export batch already exists with different immutable data.', 1;                IF              (                  SELECT COUNT(*)                  FROM [warroom].[ExportBatchRow]                  WHERE ExportBatchId = @ExportBatchId              ) <> @RowCount                  THROW 51012, 'The existing export batch row count is inconsistent.', 1;                COMMIT TRANSACTION;                SELECT                  Success =                      CAST(1 AS bit),                    ExportBatchId =                      @ExportBatchId,                    PunchExportLogId =                      @PunchExportLogId,                    Status =                      @ExistingStatus,                    [RowCount] =                      @RowCount,                    WasAlreadyRegistered =                      CAST(1 AS bit);                RETURN;          END;            /* ------------------------------------------------------------------             5.2. Crear nuevo snapshot             ------------------------------------------------------------------ */            SET @ExportBatchId = NEWID();            INSERT INTO [warroom].[ExportBatch]          (              ExportBatchId,              PunchExportLogId,              ProjectId,              TemplateId,              ExportType,              CreatedBy,              CreatedAtUtc,              ExpiresAtUtc,              Status,              FileName,              [RowCount],              AllowedColumnsJson          )          VALUES          (              @ExportBatchId,              @PunchExportLogId,              @ProjectId,              @TemplateId,              @ExportType,              @CreatedBy,              CONVERT(datetime2(3), SYSUTCDATETIME()),              @EffectiveExpiresAtUtc,              'CREATED',              @FileName,              @RowCount,              @AllowedColumnsJson          );            INSERT INTO [warroom].[ExportBatchRow]          (              ExportBatchId,              WorkItemId,              OriginalValuesJson,              RowChecksum          )          SELECT              ExportBatchId =                  @ExportBatchId,                WorkItemId =                  r.WorkItemId,                OriginalValuesJson =                  r.OriginalValuesJson,                RowChecksum =                  r.RowChecksum          FROM @Rows AS r;            COMMIT TRANSACTION;            SELECT              Success =                  CAST(1 AS bit),                ExportBatchId =                  @ExportBatchId,                PunchExportLogId =                  @PunchExportLogId,                Status =                  CAST('CREATED' AS varchar(20)),                [RowCount] =                  @RowCount,                WasAlreadyRegistered =                  CAST(0 AS bit);      END TRY      BEGIN CATCH          IF XACT_STATE() <> 0              ROLLBACK TRANSACTION;            THROW;      END CATCH;  END;    GO"
4087,STORED_PROCEDURE,warroom,usp_ReportAssignment_BulkDelete,F6BAC645E2CE5E9A3D9E53CCFA858E0D7498E6340AE78528D3B4AE20E54386CE,"SET ANSI_NULLS ON;  GO  SET QUOTED_IDENTIFIER ON;  GO                  CREATE PROCEDURE [warroom].[usp_ReportAssignment_BulkDelete]  (      @ProjectId BIGINT,      @NodeId UNIQUEIDENTIFIER,      @JsonGroupKeys NVARCHAR(MAX)  )  AS  BEGIN      SET NOCOUNT ON;        ;WITH Keys AS      (          SELECT DISTINCT              GroupKey = LTRIM(RTRIM(value))          FROM STRING_SPLIT(@JsonGroupKeys, '|')          WHERE value IS NOT NULL            AND LEN(LTRIM(RTRIM(value))) = 64      )      DELETE a      FROM warroom.ReportAssignment a      INNER JOIN Keys k          ON k.GroupKey = a.GroupKey      WHERE a.ProjectId = @ProjectId        AND a.NodeId = @NodeId;  END  GO"
4088,STORED_PROCEDURE,warroom,usp_ReportAssignment_BulkUpsert,87FEE2B139D52345DD109D83D6485CE038A0A3B61DEA70477D7EB4AE34660F71,"SET ANSI_NULLS ON;  GO  SET QUOTED_IDENTIFIER ON;  GO      CREATE PROCEDURE [warroom].[usp_ReportAssignment_BulkUpsert]  (      @ProjectId BIGINT,      @NodeId UNIQUEIDENTIFIER,      @JsonGroupKeys NVARCHAR(MAX),   -- mantenemos el nombre para no tocar el flow      @Username NVARCHAR(128) = NULL  )  AS  BEGIN      SET NOCOUNT ON;        IF NOT EXISTS      (          SELECT 1          FROM warroom.ReportNode          WHERE NodeId = @NodeId            AND ProjectId = @ProjectId            AND LevelNo = 3            AND IsActive = 1      )          THROW 50101, 'NodeId must be an active level-3 node for this project.', 1;        ;WITH Keys AS      (          SELECT DISTINCT              GroupKey = LTRIM(RTRIM(value))          FROM STRING_SPLIT(@JsonGroupKeys, '|')          WHERE value IS NOT NULL            AND LEN(LTRIM(RTRIM(value))) = 64      )      MERGE warroom.ReportAssignment AS tgt      USING Keys AS src         ON tgt.ProjectId = @ProjectId        AND tgt.GroupKey = src.GroupKey      WHEN NOT MATCHED THEN          INSERT (ProjectId, GroupKey, NodeId, CreatedBy)          VALUES (@ProjectId, src.GroupKey, @NodeId, @Username)      WHEN MATCHED THEN          UPDATE SET              NodeId = @NodeId,              CreatedBy = COALESCE(@Username, tgt.CreatedBy);  END  GO"
4089,STORED_PROCEDURE,warroom,usp_ReportAssignment_Get,9C0B551A2A1A63526756AD666DA8FA98E8C586FBE32C9C540AA6C3648EB8149E,"SET ANSI_NULLS ON;  GO  SET QUOTED_IDENTIFIER ON;  GO          CREATE   PROCEDURE warroom.usp_ReportAssignment_Get  (      @ProjectId BIGINT  )  AS  BEGIN      SET NOCOUNT ON;        SELECT          AssignmentId,          ProjectId,          GroupKey,          NodeId,          CreatedOn,          CreatedBy      FROM warroom.ReportAssignment      WHERE ProjectId = @ProjectId;  END    GO"
4090,STORED_PROCEDURE,warroom,usp_ReportAssignment_SummaryByNode,1C45C53695C03F2C6632592A03E567E63CB183D56065DD8C26D92BF19F1C4829,"SET ANSI_NULLS ON;  GO  SET QUOTED_IDENTIFIER ON;  GO        CREATE   PROCEDURE [warroom].[usp_ReportAssignment_SummaryByNode]  (      @ProjectId BIGINT  )  AS  BEGIN      SET NOCOUNT ON;        SELECT          n.NodeId,          n.DisplayName,          n.SqlKey,          n.GridKey,          AssignedGroups = COUNT(1)      FROM warroom.ReportAssignment a      INNER JOIN warroom.ReportNode n          ON n.NodeId = a.NodeId         AND n.ProjectId = a.ProjectId      WHERE a.ProjectId = @ProjectId        AND n.LevelNo = 3        AND n.IsActive = 1      GROUP BY          n.NodeId,          n.DisplayName,          n.SqlKey,          n.GridKey      ORDER BY          n.DisplayName;  END    GO"
4091,STORED_PROCEDURE,warroom,usp_ReportConfig_GetAssignmentModalData,6EA3A22267BDD9A6218E04A8C6E29102DC98EEEDC198B8BDA82E3D3B6DCAA86E,"SET ANSI_NULLS ON;  GO  SET QUOTED_IDENTIFIER ON;  GO    create PROCEDURE [warroom].[usp_ReportConfig_GetAssignmentModalData]  (      @ProjectId BIGINT,      @NodeId    UNIQUEIDENTIFIER  )  AS  BEGIN      SET NOCOUNT ON;      SET XACT_ABORT ON;        ---------------------------------------------------------------------      -- 0) Limpieza      ---------------------------------------------------------------------      IF OBJECT_ID('tempdb..#Scope')        IS NOT NULL DROP TABLE #Scope;      IF OBJECT_ID('tempdb..#Assigned')     IS NOT NULL DROP TABLE #Assigned;      IF OBJECT_ID('tempdb..#Available')    IS NOT NULL DROP TABLE #Available;      IF OBJECT_ID('tempdb..#Target')       IS NOT NULL DROP TABLE #Target;      IF OBJECT_ID('tempdb..#AssignedAll')  IS NOT NULL DROP TABLE #AssignedAll;        ---------------------------------------------------------------------      -- 1) Scope agrupado base del proyecto      ---------------------------------------------------------------------      CREATE TABLE #Scope      (          GroupKey           CHAR(64)        NOT NULL,          ElementDiscipline  NVARCHAR(255)   NULL,          ElementLevel       NVARCHAR(255)   NULL,          PhaseName          NVARCHAR(255)   NULL,          FormName           NVARCHAR(255)   NULL,          FormDescription    NVARCHAR(500)   NULL,          Sct                NVARCHAR(255)   NULL,          MasterTask         NVARCHAR(50)    NULL,          DossierTask        NVARCHAR(50)    NULL,          TotalInspections   BIGINT          NOT NULL      );        INSERT INTO #Scope      (          GroupKey,          ElementDiscipline,          ElementLevel,          PhaseName,          FormName,          FormDescription,          Sct,          MasterTask,          DossierTask,          TotalInspections      )      EXEC [warroom].[usp_InspectionScope_GroupedTotals]           @ProjectId  = @ProjectId,           @OnlyActive = 1;        CREATE UNIQUE CLUSTERED INDEX IX_Scope_GroupKey ON #Scope(GroupKey);        ---------------------------------------------------------------------      -- 2) Todas las asignaciones del proyecto      ---------------------------------------------------------------------      SELECT          ra.ProjectId,          ra.NodeId,          ra.GroupKey      INTO #AssignedAll      FROM warroom.ReportAssignment ra      WHERE ra.ProjectId = @ProjectId;        CREATE INDEX IX_AssignedAll_GroupKey ON #AssignedAll(GroupKey);      CREATE INDEX IX_AssignedAll_NodeId ON #AssignedAll(NodeId);        ---------------------------------------------------------------------      -- 3) Target del modal (L1/L2/L3 + contadores)      ---------------------------------------------------------------------      SELECT          n3.NodeId,          L1DisplayName = n1.DisplayName,          L2DisplayName = n2.DisplayName,          L3DisplayName = n3.DisplayName,          AssignedCount =              (                  SELECT COUNT_BIG(1)                  FROM #AssignedAll ra                  WHERE ra.NodeId = n3.NodeId              ),          AvailableCount =              (                  SELECT COUNT_BIG(1)                  FROM #Scope s                  WHERE NOT EXISTS                  (                      SELECT 1                      FROM #AssignedAll ra                      WHERE ra.GroupKey = s.GroupKey                  )              )      INTO #Target      FROM warroom.ReportNode n3      INNER JOIN warroom.ReportNode n2          ON n2.NodeId = n3.ParentNodeId         AND n2.ProjectId = @ProjectId         AND n2.LevelNo = 2         AND n2.IsActive = 1      INNER JOIN warroom.ReportNode n1          ON n1.NodeId = n2.ParentNodeId         AND n1.ProjectId = @ProjectId         AND n1.LevelNo = 1         AND n1.IsActive = 1      WHERE n3.ProjectId = @ProjectId        AND n3.NodeId = @NodeId        AND n3.LevelNo = 3        AND n3.IsActive = 1;        ---------------------------------------------------------------------      -- 4) Assigned al nodo actual      ---------------------------------------------------------------------      SELECT          s.GroupKey,          s.PhaseName,          s.ElementDiscipline,          s.ElementLevel,          s.FormName,          s.FormDescription,          Sct           = COALESCE(s.Sct, ''),          MasterTask    = COALESCE(s.MasterTask, ''),          DossierTask   = COALESCE(s.DossierTask, ''),          s.TotalInspections,            L1DisplayName = n1.DisplayName,          L2DisplayName = n2.DisplayName,          L3DisplayName = n3.DisplayName,          AssignedNodeId = n3.NodeId      INTO #Assigned      FROM #Scope s      INNER JOIN #AssignedAll ra          ON ra.GroupKey = s.GroupKey         AND ra.NodeId = @NodeId      INNER JOIN warroom.ReportNode n3          ON n3.NodeId = ra.NodeId         AND n3.ProjectId = @ProjectId         AND n3.LevelNo = 3         AND n3.IsActive = 1      INNER JOIN warroom.ReportNode n2          ON n2.NodeId = n3.ParentNodeId         AND n2.ProjectId = @ProjectId         AND n2.LevelNo = 2         AND n2.IsActive = 1      INNER JOIN warroom.ReportNode n1          ON n1.NodeId = n2.ParentNodeId         AND n1.ProjectId = @ProjectId         AND n1.LevelNo = 1         AND n1.IsActive = 1;        CREATE UNIQUE CLUSTERED INDEX IX_Assigned_GroupKey ON #Assigned(GroupKey);        ---------------------------------------------------------------------      -- 5) Available = scope no asignado en TODO el proyecto      ---------------------------------------------------------------------      SELECT          s.GroupKey,          s.PhaseName,          s.ElementDiscipline,          s.ElementLevel,          s.FormName,          s.FormDescription,          Sct           = COALESCE(s.Sct, ''),          MasterTask    = COALESCE(s.MasterTask, ''),          DossierTask   = COALESCE(s.DossierTask, ''),          s.TotalInspections      INTO #Available      FROM #Scope s      WHERE NOT EXISTS      (          SELECT 1          FROM #AssignedAll ra          WHERE ra.GroupKey = s.GroupKey      );        CREATE UNIQUE CLUSTERED INDEX IX_Available_GroupKey ON #Available(GroupKey);        ---------------------------------------------------------------------      -- 6) Salida JSON única      ---------------------------------------------------------------------      SELECT          TargetJson =              ISNULL(                  (                      SELECT                          NodeId,                          L1DisplayName,                          L2DisplayName,                          L3DisplayName,                          AssignedCount,                          AvailableCount                      FROM #Target                      FOR JSON PATH, WITHOUT_ARRAY_WRAPPER                  ),                  '{}'              ),            AssignedJson =              ISNULL(                  (                      SELECT                          GroupKey,                          PhaseName,                          ElementDiscipline,                          ElementLevel,                          FormName,                          FormDescription,                          Sct,                          MasterTask,                          DossierTask,                          TotalInspections,                          AssignedNodeId,                          L1DisplayName,                          L2DisplayName,                          L3DisplayName                      FROM #Assigned                      ORDER BY                          PhaseName,                          ElementDiscipline,                          ElementLevel,                          FormName                      FOR JSON PATH                  ),                  '[]'              ),            AvailableJson =              ISNULL(                  (                      SELECT                          GroupKey,                          PhaseName,                          ElementDiscipline,                          ElementLevel,                          FormName,                          FormDescription,                          Sct,                          MasterTask,                          DossierTask,                          TotalInspections                      FROM #Available                      ORDER BY                          PhaseName,                          ElementDiscipline,                          ElementLevel,                          FormName                      FOR JSON PATH                  ),                  '[]'              );  END    GO"
4092,STORED_PROCEDURE,warroom,usp_ReportConfig_GetPublishedVersion,CD29CB082AAD0A90BBD8A26E763DDFBC5AEF9AD71F99347BA8353E3DE417064E,"SET ANSI_NULLS ON;  GO  SET QUOTED_IDENTIFIER ON;  GO        CREATE   PROCEDURE warroom.usp_ReportConfig_GetPublishedVersion  (      @ProjectId BIGINT  )  AS  BEGIN      SET NOCOUNT ON;        SELECT TOP 1          VersionId,          ProjectId,          VersionNo,          Status,          PublishedAt,          PublishedBy,          Notes      FROM warroom.ReportConfigVersion      WHERE ProjectId = @ProjectId        AND Status = 'Published'      ORDER BY VersionNo DESC;  END;    GO"
4093,STORED_PROCEDURE,warroom,usp_ReportConfig_GetScope,9C72F10026158C481FD34DF7CFA01D523525D8222E398309F131298665104C1C,"SET ANSI_NULLS ON;  GO  SET QUOTED_IDENTIFIER ON;  GO          CREATE   PROCEDURE [warroom].[usp_ReportConfig_GetScope]  (      @ProjectId BIGINT  )  AS  BEGIN      SET NOCOUNT ON;        EXEC [warroom].[usp_InspectionScope_GroupedTotals]          @ProjectId = @ProjectId,          @OnlyActive = 1;  END    GO"
4094,STORED_PROCEDURE,warroom,usp_ReportConfig_Publish,9803D3C7BFB13DF44AF9DB45F1D0312EACDD87341AEFF386B6CB3F8C8245B963,"SET ANSI_NULLS ON;  GO  SET QUOTED_IDENTIFIER ON;  GO        CREATE   PROCEDURE [warroom].[usp_ReportConfig_Publish]  (      @ProjectId BIGINT,      @Username NVARCHAR(255) = NULL,      @Notes NVARCHAR(1000) = NULL  )  AS  BEGIN      SET NOCOUNT ON;      SET XACT_ABORT ON;        ------------------------------------------------------------      -- 1. Validar configuración ANTES de abrir transacción      ------------------------------------------------------------      CREATE TABLE #Validation      (          Severity  NVARCHAR(20),          Code      NVARCHAR(100),          Message   NVARCHAR(500),          ItemCount INT      );        INSERT INTO #Validation      EXEC warroom.usp_ReportConfig_Validate          @ProjectId = @ProjectId;        IF EXISTS      (          SELECT 1          FROM #Validation          WHERE Severity = 'ERROR'      )      BEGIN          SELECT              CAST(0 AS BIT) AS Success,              CAST(NULL AS BIGINT) AS VersionId,              CAST(NULL AS INT) AS VersionNo,              'Configuration has validation errors and cannot be published.' AS Message;            SELECT              Severity,              Code,              Message,              ItemCount          FROM #Validation;            RETURN;      END;        ------------------------------------------------------------      -- 2. Publicar configuración      ------------------------------------------------------------      BEGIN TRAN;        DECLARE @NextVersionNo INT;        SELECT          @NextVersionNo = ISNULL(MAX(VersionNo), 0) + 1      FROM warroom.ReportConfigVersion      WHERE ProjectId = @ProjectId;        UPDATE warroom.ReportConfigVersion      SET Status = 'Archived'      WHERE ProjectId = @ProjectId        AND Status = 'Published';        INSERT INTO warroom.ReportConfigVersion      (          ProjectId,          VersionNo,          Status,          PublishedAt,          PublishedBy,          CreatedAt,          CreatedBy,          Notes      )      VALUES      (          @ProjectId,          @NextVersionNo,          'Published',          SYSUTCDATETIME(),          @Username,          SYSUTCDATETIME(),          @Username,          @Notes      );        DECLARE @VersionId BIGINT = SCOPE_IDENTITY();        INSERT INTO warroom.ReportNodeSnapshot      (          VersionId,          ProjectId,          NodeId,          LevelNo,          ParentNodeId,          DisplayName,          Description,          SqlKey,          GridKey,          SortOrder,          IsActive      )      SELECT          @VersionId,          n.ProjectId,          n.NodeId,          n.LevelNo,          n.ParentNodeId,          n.DisplayName,          n.Description,          n.SqlKey,          n.GridKey,          n.SortOrder,          CAST(1 AS BIT)      FROM warroom.ReportNode n      WHERE n.ProjectId = @ProjectId;        INSERT INTO warroom.ReportAssignmentSnapshot      (          VersionId,          ProjectId,          NodeId,          GroupKey,          IsActive      )      SELECT          @VersionId,          a.ProjectId,          a.NodeId,          a.GroupKey,          CAST(1 AS BIT)      FROM warroom.ReportAssignment a      WHERE a.ProjectId = @ProjectId;     INSERT INTO warroom.DoneStatusSnapshot   (    VersionId,    ProjectId,    StatusValue,    StatusId,    IsDone,    IsActive   )   SELECT    @VersionId,    cfg.ProjectId,    CONVERT(NVARCHAR(255), cfg.StatusId),    cfg.StatusId,    cfg.IsDone,    CAST(1 AS BIT)   FROM warroom.ProjectDoneStatusConfig cfg   WHERE cfg.ProjectId = @ProjectId;        INSERT INTO warroom.ConfigurationAuditLog      (          ProjectId,          EntityType,          EntityId,          ActionType,          OldValue,          NewValue,          CreatedBy      )      VALUES      (          @ProjectId,          'ReportConfiguration',          CAST(@VersionId AS NVARCHAR(255)),          'PUBLISH',          NULL,          CONCAT('Published version ', @NextVersionNo),          @Username      );        COMMIT TRAN;        SELECT          CAST(1 AS BIT) AS Success,          @VersionId AS VersionId,          @NextVersionNo AS VersionNo,          'Configuration published successfully.' AS Message;        SELECT          Severity,          Code,          Message,          ItemCount      FROM #Validation      ORDER BY          CASE Severity              WHEN 'ERROR' THEN 1              WHEN 'WARNING' THEN 2              ELSE 3          END,          Code;  END;    GO"
4095,STORED_PROCEDURE,warroom,usp_ReportConfig_UnassignGroups,EF0F8BA3971AEFA1B1A82B98F06971B2CCB48E9F6CA84B323815E26E35A42B47,"SET ANSI_NULLS ON;  GO  SET QUOTED_IDENTIFIER ON;  GO      CREATE PROCEDURE [warroom].[usp_ReportConfig_UnassignGroups]  (      @ProjectId BIGINT,      @NodeId UNIQUEIDENTIFIER,      @GroupsJson NVARCHAR(MAX)  )  AS  BEGIN      SET NOCOUNT ON;        ;WITH Keys AS      (          SELECT DISTINCT              GroupKey = LTRIM(RTRIM(value))          FROM STRING_SPLIT(@GroupsJson, '|')          WHERE value IS NOT NULL            AND LEN(LTRIM(RTRIM(value))) = 64      )      DELETE a      FROM warroom.ReportAssignment a      INNER JOIN Keys k          ON k.GroupKey = a.GroupKey      WHERE a.ProjectId = @ProjectId        AND a.NodeId = @NodeId;        SELECT DeletedCount = @@ROWCOUNT;  END  GO"
4096,STORED_PROCEDURE,warroom,usp_ReportConfig_Validate,AF9A8FAC39C625CBE78E082ADD7B276E915A7BA3D42013FCA34E82431B602EA4,"SET ANSI_NULLS ON;  GO  SET QUOTED_IDENTIFIER ON;  GO      CREATE   PROCEDURE warroom.usp_ReportConfig_Validate  (      @ProjectId BIGINT  )  AS  BEGIN      SET NOCOUNT ON;        CREATE TABLE #Validation      (          Severity  NVARCHAR(20),          Code      NVARCHAR(100),          Message   NVARCHAR(500),          ItemCount INT      );        ------------------------------------------------------------      -- 1. No hay estados DONE configurados      ------------------------------------------------------------      INSERT INTO #Validation      (          Severity,          Code,          Message,          ItemCount      )      SELECT          'ERROR',          'NO_DONE_STATUS',          'No DONE statuses configured for this project.',          0      WHERE NOT EXISTS      (          SELECT 1          FROM warroom.ProjectDoneStatusConfig cfg          WHERE cfg.ProjectId = @ProjectId            AND cfg.IsDone = 1      );        ------------------------------------------------------------      -- 2. Nodos de Nivel 3 sin scope asignado      ------------------------------------------------------------      INSERT INTO #Validation      (          Severity,          Code,          Message,          ItemCount      )      SELECT          'WARNING',          'EMPTY_LEVEL_3',          'There are Level 3 nodes without assigned scope.',          COUNT(*)      FROM warroom.ReportNode n      WHERE n.ProjectId = @ProjectId        AND n.LevelNo = 3        AND NOT EXISTS        (            SELECT 1            FROM warroom.ReportAssignment a            WHERE a.ProjectId = n.ProjectId              AND a.NodeId = n.NodeId        )      HAVING COUNT(*) > 0;        ------------------------------------------------------------      -- 3. Estados DONE configurados que ya no existen en Tasks      -- De momento dejamos esta validación desactivada porque depende      -- de la fuente real de Tasks usada en WarRoom.      ------------------------------------------------------------        /*      INSERT INTO #Validation      (          Severity,          Code,          Message,          ItemCount      )      SELECT          'WARNING',          'DONE_STATUS_NOT_FOUND',          'Some configured DONE statuses no longer exist in project tasks.',          COUNT(*)      FROM warroom.ProjectDoneStatusConfig cfg      WHERE cfg.ProjectId = @ProjectId        AND cfg.IsDone = 1        AND NOT EXISTS        (            SELECT 1            FROM dbo.Tasks t            WHERE t.ProjectId = cfg.ProjectId              AND LTRIM(RTRIM(t.[Status])) = cfg.StatusValue        )      HAVING COUNT(*) > 0;      */        ------------------------------------------------------------      -- 4. Resultado      ------------------------------------------------------------      SELECT          Severity,          Code,          Message,          ItemCount      FROM #Validation      ORDER BY          CASE Severity              WHEN 'ERROR' THEN 1              WHEN 'WARNING' THEN 2              ELSE 3          END,          Code;  END;    GO"
4097,STORED_PROCEDURE,warroom,usp_ReportDictionary_Get,742B9B5E820FA2CA9637F1C0BFC8CA038E730AA05053BF01E22041129F0286F7,"SET ANSI_NULLS ON;  GO  SET QUOTED_IDENTIFIER ON;  GO    CREATE   PROCEDURE [warroom].[usp_ReportDictionary_Get]  (      @ProjectId BIGINT  )  AS  BEGIN      SET NOCOUNT ON;        -------------------------------------------------------------------      -- 1) Scope agrupado del proyecto      -------------------------------------------------------------------      IF OBJECT_ID('tempdb..#Scope') IS NOT NULL          DROP TABLE #Scope;        CREATE TABLE #Scope      (          GroupKey char(64) NOT NULL,          ElementDiscipline nvarchar(255) NULL,          ElementLevel nvarchar(255) NULL,          PhaseName nvarchar(255) NULL,          FormName nvarchar(255) NULL,          FormDescription nvarchar(255) NULL,          Sct bit NULL,          MasterTask bit NULL,          TotalInspections bigint NOT NULL      );        INSERT INTO #Scope      (          GroupKey,          ElementDiscipline,          ElementLevel,          PhaseName,          FormName,          FormDescription,          Sct,          MasterTask,          TotalInspections      )      EXEC [warroom].[usp_InspectionScope_GroupedTotals]          @ProjectId = @ProjectId,          @OnlyActive = 1;        -------------------------------------------------------------------      -- 2) Cruce de asignaciones + nodos L3/L2/L1      -------------------------------------------------------------------      ;WITH NodeMap AS      (          SELECT              a.ProjectId,              a.GroupKey,                L1.NodeId       AS HeaderNodeId,              L1.DisplayName  AS HeaderName,              L1.SortOrder    AS HeaderSortOrder,                L2.NodeId       AS SectionNodeId,              L2.DisplayName  AS SectionName,              L2.SortOrder    AS SectionSortOrder,                L3.NodeId       AS SubsectionNodeId,              L3.DisplayName  AS SubsectionName,              L3.SqlKey,              L3.GridKey,              L3.SortOrder    AS SubsectionSortOrder          FROM warroom.ReportAssignment a          INNER JOIN warroom.ReportNode L3              ON L3.NodeId = a.NodeId             AND L3.ProjectId = a.ProjectId             AND L3.LevelNo = 3             AND L3.IsActive = 1          INNER JOIN warroom.ReportNode L2              ON L2.NodeId = L3.ParentNodeId             AND L2.ProjectId = L3.ProjectId             AND L2.LevelNo = 2             AND L2.IsActive = 1          INNER JOIN warroom.ReportNode L1              ON L1.NodeId = L2.ParentNodeId             AND L1.ProjectId = L2.ProjectId             AND L1.LevelNo = 1             AND L1.IsActive = 1          WHERE a.ProjectId = @ProjectId      ),      Agg AS      (          SELECT              n.HeaderNodeId,              n.HeaderName,              n.HeaderSortOrder,                n.SectionNodeId,              n.SectionName,              n.SectionSortOrder,                n.SubsectionNodeId,              n.SubsectionName,              n.SqlKey,              n.GridKey,              n.SubsectionSortOrder,                Total = SUM(s.TotalInspections)          FROM NodeMap n          INNER JOIN #Scope s              ON s.GroupKey = n.GroupKey          GROUP BY              n.HeaderNodeId,              n.HeaderName,              n.HeaderSortOrder,                n.SectionNodeId,              n.SectionName,              n.SectionSortOrder,                n.SubsectionNodeId,              n.SubsectionName,              n.SqlKey,              n.GridKey,              n.SubsectionSortOrder      )      SELECT          HeaderNodeId,          Header       = HeaderName,          HeaderSort   = HeaderSortOrder,            SectionNodeId,          Section      = SectionName,          SectionSort  = SectionSortOrder,            SubsectionNodeId,          Subsection   = SubsectionName,          SubsectionSort = SubsectionSortOrder,            SqlKey,          GridKey,            Total,          Done    = CAST(NULL AS bigint),          Pending = CAST(NULL AS bigint)      FROM Agg      ORDER BY          HeaderSortOrder,          SectionSortOrder,          SubsectionSortOrder,          HeaderName,          SectionName,          SubsectionName;  END    GO"
4098,STORED_PROCEDURE,warroom,usp_ReportDictionary_MapDebug,171F87B83DF16AD9BF063A39B0EF8A456420E5D14E1EAE6320A32BFD3E27DA25,"SET ANSI_NULLS ON;  GO  SET QUOTED_IDENTIFIER ON;  GO    CREATE   PROCEDURE [warroom].[usp_ReportDictionary_MapDebug]  (      @ProjectId BIGINT  )  AS  BEGIN      SET NOCOUNT ON;        IF OBJECT_ID('tempdb..#Scope') IS NOT NULL          DROP TABLE #Scope;        CREATE TABLE #Scope      (          GroupKey char(64) NOT NULL,          ElementDiscipline nvarchar(255) NULL,          ElementLevel nvarchar(255) NULL,          PhaseName nvarchar(255) NULL,          FormName nvarchar(255) NULL,          FormDescription nvarchar(255) NULL,          Sct bit NULL,          MasterTask bit NULL,          TotalInspections bigint NOT NULL      );        INSERT INTO #Scope      (          GroupKey,          ElementDiscipline,          ElementLevel,          PhaseName,          FormName,          FormDescription,          Sct,          MasterTask,          TotalInspections      )      EXEC [warroom].[usp_InspectionScope_GroupedTotals]          @ProjectId = @ProjectId,          @OnlyActive = 1;        SELECT          a.GroupKey,            s.ElementDiscipline,          s.ElementLevel,          s.PhaseName,          s.FormName,          s.FormDescription,          s.Sct,          s.MasterTask,          s.TotalInspections,            L1.DisplayName AS Header,          L2.DisplayName AS Section,          L3.DisplayName AS Subsection,          L3.SqlKey,          L3.GridKey,          L3.NodeId      AS SubsectionNodeId      FROM warroom.ReportAssignment a      INNER JOIN #Scope s          ON s.GroupKey = a.GroupKey      INNER JOIN warroom.ReportNode L3          ON L3.NodeId = a.NodeId         AND L3.ProjectId = a.ProjectId         AND L3.LevelNo = 3         AND L3.IsActive = 1      INNER JOIN warroom.ReportNode L2          ON L2.NodeId = L3.ParentNodeId         AND L2.ProjectId = L3.ProjectId         AND L2.LevelNo = 2         AND L2.IsActive = 1      INNER JOIN warroom.ReportNode L1          ON L1.NodeId = L2.ParentNodeId         AND L1.ProjectId = L2.ProjectId         AND L1.LevelNo = 1         AND L1.IsActive = 1      WHERE a.ProjectId = @ProjectId      ORDER BY          L1.SortOrder,          L2.SortOrder,          L3.SortOrder,          s.ElementDiscipline,          s.ElementLevel,          s.PhaseName,          s.FormName;  END    GO"
4099,STORED_PROCEDURE,warroom,usp_ReportNode_Deactivate,598415216AE1F026A70A8E972CDB218DC62E675117F25608A742855EEA965C6C,"SET ANSI_NULLS ON;  GO  SET QUOTED_IDENTIFIER ON;  GO          CREATE   PROCEDURE warroom.usp_ReportNode_Deactivate  (      @ProjectId BIGINT,      @NodeId UNIQUEIDENTIFIER,      @Username NVARCHAR(128) = NULL  )  AS  BEGIN      SET NOCOUNT ON;        UPDATE warroom.ReportNode      SET IsActive = 0,          ModifiedOn = SYSUTCDATETIME(),          ModifiedBy = @Username      WHERE ProjectId = @ProjectId AND NodeId = @NodeId;        -- Opcional: desactivar hijos en cascada (si lo quieres, lo hacemos con CTE)  END    GO"
4100,STORED_PROCEDURE,warroom,usp_ReportNode_GetTree,471B8FC10B29F8CEA63099300D00C8360AD421F08FC65FC0F2CFABB75B4D832B,"SET ANSI_NULLS ON;  GO  SET QUOTED_IDENTIFIER ON;  GO          CREATE   PROCEDURE warroom.usp_ReportNode_GetTree  (      @ProjectId BIGINT  )  AS  BEGIN      SET NOCOUNT ON;        SELECT          NodeId,          ProjectId,          LevelNo,          ParentNodeId,          DisplayName,          Description,          SqlKey,          GridKey,          SortOrder,          IsActive      FROM warroom.ReportNode      WHERE ProjectId = @ProjectId AND IsActive = 1      ORDER BY LevelNo, ParentNodeId, SortOrder, DisplayName;  END    GO"
4101,STORED_PROCEDURE,warroom,usp_ReportNode_Upsert,0A7C32AABE6FD3E3AFF278C60FE08B8D799822FF5130032E309E5170A4B9A877,"SET ANSI_NULLS ON;  GO  SET QUOTED_IDENTIFIER ON;  GO    CREATE PROCEDURE [warroom].[usp_ReportNode_Upsert]  (      @ProjectId     BIGINT,      @NodeId        UNIQUEIDENTIFIER = NULL,   -- NULL = create      @LevelNo       TINYINT,      @ParentNodeId  UNIQUEIDENTIFIER = NULL,      @DisplayName   NVARCHAR(200),      @Description   NVARCHAR(500) = NULL,      @SqlKey        NVARCHAR(200) = NULL,      @GridKey       NVARCHAR(200) = NULL,      @SortOrder     INT = 0,      @IsActive      BIT = 1,      @Username      NVARCHAR(128) = NULL  )  AS  BEGIN      SET NOCOUNT ON;      SET XACT_ABORT ON;        -------------------------------------------------------------------      -- 1) NORMALIZACIÓN BÁSICA      -------------------------------------------------------------------      SET @DisplayName = NULLIF(LTRIM(RTRIM(@DisplayName)), '');      SET @Description = NULLIF(LTRIM(RTRIM(@Description)), '');      SET @SqlKey      = NULLIF(LTRIM(RTRIM(@SqlKey)), '');      SET @GridKey     = NULLIF(LTRIM(RTRIM(@GridKey)), '');        -------------------------------------------------------------------      -- 2) VALIDACIONES DE ENTRADA      -------------------------------------------------------------------      IF @LevelNo NOT IN (1,2,3)          THROW 50001, 'LevelNo must be 1,2,3.', 1;        IF @DisplayName IS NULL          THROW 50011, 'DisplayName is required.', 1;        IF @LevelNo = 1 AND @ParentNodeId IS NOT NULL          THROW 50002, 'Level 1 cannot have ParentNodeId.', 1;        IF @LevelNo IN (2,3) AND @ParentNodeId IS NULL          THROW 50003, 'Level 2/3 require ParentNodeId.', 1;        IF @LevelNo <> 3 AND (@SqlKey IS NOT NULL OR @GridKey IS NOT NULL)          THROW 50004, 'SqlKey/GridKey only allowed for level 3.', 1;        IF @LevelNo = 3 AND (@SqlKey IS NULL OR @GridKey IS NULL)          THROW 50005, 'Level 3 requires SqlKey and GridKey.', 1;        -------------------------------------------------------------------      -- 3) VALIDACIÓN DE NODO EXISTENTE SI ES UPDATE      -------------------------------------------------------------------      IF @NodeId IS NOT NULL      BEGIN          IF NOT EXISTS          (              SELECT 1              FROM warroom.ReportNode n              WHERE n.NodeId = @NodeId                AND n.ProjectId = @ProjectId          )              THROW 50012, 'NodeId not found for this ProjectId.', 1;      END        -------------------------------------------------------------------      -- 4) VALIDACIÓN DE PADRE      -------------------------------------------------------------------      IF @ParentNodeId IS NOT NULL      BEGIN          IF NOT EXISTS          (              SELECT 1              FROM warroom.ReportNode p              WHERE p.NodeId = @ParentNodeId                AND p.ProjectId = @ProjectId                AND p.IsActive = 1          )              THROW 50006, 'ParentNodeId not found for this ProjectId.', 1;            IF EXISTS          (              SELECT 1              FROM warroom.ReportNode p              WHERE p.NodeId = @ParentNodeId                AND p.ProjectId = @ProjectId                AND p.LevelNo <> @LevelNo - 1          )              THROW 50007, 'Parent level mismatch.', 1;            IF @NodeId IS NOT NULL AND @ParentNodeId = @NodeId              THROW 50013, 'A node cannot be its own parent.', 1;      END        -------------------------------------------------------------------      -- 5) VALIDACIONES DE DUPLICIDAD FUNCIONAL      --    Ojo: esto no sustituye índices únicos. Los complementa.      -------------------------------------------------------------------        -- 5.1) Mismo DisplayName bajo mismo padre / proyecto / nivel (activos)      IF EXISTS      (          SELECT 1          FROM warroom.ReportNode n          WHERE n.ProjectId = @ProjectId            AND n.IsActive = 1            AND n.LevelNo = @LevelNo            AND            (                (n.ParentNodeId = @ParentNodeId)                OR                (n.ParentNodeId IS NULL AND @ParentNodeId IS NULL)            )            AND UPPER(LTRIM(RTRIM(n.DisplayName))) = UPPER(@DisplayName)            AND (@NodeId IS NULL OR n.NodeId <> @NodeId)      )          THROW 50008, 'Duplicate DisplayName under same parent.', 1;        -- 5.2) SqlKey única por proyecto para nivel 3 activos      IF @LevelNo = 3         AND EXISTS      (          SELECT 1          FROM warroom.ReportNode n          WHERE n.ProjectId = @ProjectId            AND n.IsActive = 1            AND n.LevelNo = 3            AND UPPER(LTRIM(RTRIM(n.SqlKey))) = UPPER(@SqlKey)            AND (@NodeId IS NULL OR n.NodeId <> @NodeId)      )          THROW 50009, 'Duplicate SqlKey in project.', 1;        -- 5.3) GridKey única por proyecto para nivel 3 activos      IF @LevelNo = 3         AND EXISTS      (          SELECT 1          FROM warroom.ReportNode n          WHERE n.ProjectId = @ProjectId            AND n.IsActive = 1            AND n.LevelNo = 3            AND UPPER(LTRIM(RTRIM(n.GridKey))) = UPPER(@GridKey)            AND (@NodeId IS NULL OR n.NodeId <> @NodeId)      )          THROW 50010, 'Duplicate GridKey in project.', 1;        -------------------------------------------------------------------      -- 6) UPSERT      -------------------------------------------------------------------      BEGIN TRAN;        IF @NodeId IS NULL      BEGIN          DECLARE @Out TABLE (NodeId UNIQUEIDENTIFIER);            INSERT INTO warroom.ReportNode          (              ProjectId,              LevelNo,              ParentNodeId,              DisplayName,              Description,              SqlKey,              GridKey,              SortOrder,              IsActive,              CreatedBy          )          OUTPUT inserted.NodeId INTO @Out(NodeId)          VALUES          (              @ProjectId,              @LevelNo,              @ParentNodeId,              @DisplayName,              @Description,              CASE WHEN @LevelNo = 3 THEN @SqlKey  ELSE NULL END,              CASE WHEN @LevelNo = 3 THEN @GridKey ELSE NULL END,              @SortOrder,              @IsActive,              @Username          );            COMMIT TRAN;            SELECT NodeId          FROM @Out;            RETURN;      END        UPDATE warroom.ReportNode      SET          LevelNo      = @LevelNo,          ParentNodeId = @ParentNodeId,          DisplayName  = @DisplayName,          Description  = @Description,          SqlKey       = CASE WHEN @LevelNo = 3 THEN @SqlKey  ELSE NULL END,          GridKey      = CASE WHEN @LevelNo = 3 THEN @GridKey ELSE NULL END,          SortOrder    = @SortOrder,          IsActive     = @IsActive,          ModifiedOn   = SYSUTCDATETIME(),          ModifiedBy   = @Username      WHERE NodeId = @NodeId        AND ProjectId = @ProjectId;        IF @@ROWCOUNT = 0      BEGIN          ROLLBACK TRAN;          THROW 50014, 'Update failed. Node not found for this ProjectId.', 1;      END        COMMIT TRAN;        SELECT @NodeId AS NodeId;  END    GO"
4102,STORED_PROCEDURE,warroom,usp_ReportTasks_FromConfig,4E962D2838A409428A078B12B080C2F403345EDA27620F844E54A46001B85C22,"SET ANSI_NULLS ON;  GO  SET QUOTED_IDENTIFIER ON;  GO    CREATE PROCEDURE [warroom].[usp_ReportTasks_FromConfig]  (      @ProjectId      BIGINT,      @SubsystemCode  NVARCHAR(255) = NULL,      @OnlyActive     BIT = 1,      @SaveTaskScope  BIT = 0  )  AS  BEGIN      SET NOCOUNT ON;      SET XACT_ABORT ON;        DECLARE @Sub NVARCHAR(255) = NULLIF(LTRIM(RTRIM(@SubsystemCode)), '');      DECLARE @VersionId BIGINT;        SELECT TOP 1          @VersionId = v.VersionId      FROM warroom.ReportConfigVersion v      WHERE v.ProjectId = @ProjectId        AND v.Status = 'Published'      ORDER BY v.VersionNo DESC;        IF @VersionId IS NULL      BEGIN          RAISERROR('No published report configuration found for this project.', 16, 1);          RETURN;      END;        DROP TABLE IF EXISTS #TargetSubsystems;      DROP TABLE IF EXISTS #SubsystemElements;      DROP TABLE IF EXISTS #ITScope;      DROP TABLE IF EXISTS #NeedTM;      DROP TABLE IF EXISTS #TM;      DROP TABLE IF EXISTS #NeedE;      DROP TABLE IF EXISTS #E;      DROP TABLE IF EXISTS #NeedF;      DROP TABLE IF EXISTS #F;      DROP TABLE IF EXISTS #NeedP;      DROP TABLE IF EXISTS #P;      DROP TABLE IF EXISTS #M;      DROP TABLE IF EXISTS #MResolved;      DROP TABLE IF EXISTS #TaskResolved;      DROP TABLE IF EXISTS #CfgTaskAgg;      DROP TABLE IF EXISTS #DoneStatuses;        CREATE TABLE #DoneStatuses      (          StatusId INT NOT NULL PRIMARY KEY      );        INSERT INTO #DoneStatuses(StatusId)      SELECT DISTINCT ds.StatusId      FROM warroom.DoneStatusSnapshot ds      WHERE ds.ProjectId = @ProjectId        AND ds.VersionId = @VersionId        AND ds.IsDone = 1        AND ds.IsActive = 1        AND ds.StatusId IS NOT NULL;        CREATE TABLE #TargetSubsystems      (          SubsystemCode NVARCHAR(255) NOT NULL PRIMARY KEY      );        IF @Sub IS NULL      BEGIN          INSERT INTO #TargetSubsystems(SubsystemCode)          SELECT DISTINCT ed.SUBSYSTEM_CODE          FROM dbo.Elements_Default ed          WHERE ed.ProjectId = @ProjectId            AND ed.LevelName = 'Subsystem'            AND ed.Active = 1            AND ed.SUBSYSTEM_CODE IS NOT NULL;      END      ELSE      BEGIN          INSERT INTO #TargetSubsystems(SubsystemCode)          VALUES (@Sub);      END;        CREATE TABLE #SubsystemElements      (          ElementId     INT NOT NULL,          SubsystemCode NVARCHAR(255) NOT NULL      );        INSERT INTO #SubsystemElements(ElementId, SubsystemCode)      SELECT          ed.ELEMENT_ID,          ed.SUBSYSTEM_CODE      FROM dbo.Elements_Default ed      INNER JOIN #TargetSubsystems s          ON s.SubsystemCode = ed.SUBSYSTEM_CODE      WHERE ed.ProjectId = @ProjectId        AND ed.Active = 1        AND ed.ELEMENT_ID IS NOT NULL        AND ed.SUBSYSTEM_CODE IS NOT NULL;        CREATE CLUSTERED INDEX IX_SubsystemElements_ElementId          ON #SubsystemElements(ElementId);        CREATE INDEX IX_SubsystemElements_SubsystemCode          ON #SubsystemElements(SubsystemCode);        CREATE TABLE #ITScope      (          InspectionTaskId INT NOT NULL,          SubsystemCode    NVARCHAR(255) NOT NULL,          TaskMatrixItemId INT NOT NULL,          ElementId        INT NULL,          StatusVal        INT NULL      );        INSERT INTO #ITScope      (          InspectionTaskId,          SubsystemCode,          TaskMatrixItemId,          ElementId,          StatusVal      )      SELECT          it.Id,          se.SubsystemCode,          it.TaskMatrixItemId,          it.ElementId,          it.[Status]      FROM dbo.InspectionTasks it      INNER JOIN #SubsystemElements se          ON se.ElementId = it.ElementId      WHERE it.ProjectId = @ProjectId        AND it.TaskMatrixItemId IS NOT NULL        AND (@OnlyActive = 0 OR it.Active = 1);        CREATE UNIQUE CLUSTERED INDEX IX_ITScope_TaskId          ON #ITScope(InspectionTaskId);        CREATE INDEX IX_ITScope_TaskMatrixItemId          ON #ITScope(TaskMatrixItemId);        CREATE INDEX IX_ITScope_ElementId          ON #ITScope(ElementId)          WHERE ElementId IS NOT NULL;        CREATE INDEX IX_ITScope_SubsystemCode          ON #ITScope(SubsystemCode);        SELECT DISTINCT          TaskMatrixItemId      INTO #NeedTM      FROM #ITScope;        CREATE UNIQUE CLUSTERED INDEX IX_NeedTM_TaskMatrixItemId          ON #NeedTM(TaskMatrixItemId);        SELECT          tm.Id,          tm.ProjectId,          tm.ElementTypeId,          tm.FormId,          tm.MasterTask,          tm.Description,          tm.DisciplineId,          tm.Sct,          tm.ElementId      INTO #TM      FROM dbo.TaskMatrices tm      INNER JOIN #NeedTM ntm          ON ntm.TaskMatrixItemId = tm.Id      WHERE tm.ProjectId = @ProjectId;        CREATE UNIQUE CLUSTERED INDEX IX_TM_Id          ON #TM(Id);        CREATE INDEX IX_TM_ElementId          ON #TM(ElementId)          WHERE ElementId IS NOT NULL;        CREATE INDEX IX_TM_FormId          ON #TM(FormId)          WHERE FormId IS NOT NULL;        SELECT DISTINCT ElementId      INTO #NeedE      FROM #TM      WHERE ElementId IS NOT NULL;        CREATE UNIQUE CLUSTERED INDEX IX_NeedE_ElementId          ON #NeedE(ElementId);        SELECT          e.Id                  AS ELEMENT_ID,          e.TypeId              AS ElementTypeId,          nl.Name               AS LevelName,          CAST(e.Active AS BIT) AS Active      INTO #E      FROM dbo.Elements e      INNER JOIN #NeedE ne          ON ne.ElementId = e.Id      LEFT JOIN dbo.NodeLevels nl          ON nl.Id = e.NodeLevelId      WHERE e.ProjectId = @ProjectId;        CREATE UNIQUE CLUSTERED INDEX IX_E_EID          ON #E(ELEMENT_ID);        CREATE INDEX IX_E_TypeId          ON #E(ElementTypeId)          WHERE ElementTypeId IS NOT NULL;        SELECT DISTINCT FormId      INTO #NeedF      FROM #TM      WHERE FormId IS NOT NULL;        CREATE UNIQUE CLUSTERED INDEX IX_NeedF_FormId          ON #NeedF(FormId);        SELECT          f.Id          AS FormId,          f.ProjectId,          f.Name        AS FormName,          f.Description AS FormDescription,          f.PhaseId      INTO #F      FROM dbo.Forms f      INNER JOIN #NeedF nf          ON nf.FormId = f.Id      WHERE f.ProjectId = @ProjectId;        CREATE UNIQUE CLUSTERED INDEX IX_F_FormId          ON #F(FormId);        CREATE INDEX IX_F_PhaseId          ON #F(PhaseId)          WHERE PhaseId IS NOT NULL;        SELECT DISTINCT PhaseId      INTO #NeedP      FROM #F      WHERE PhaseId IS NOT NULL;        CREATE UNIQUE CLUSTERED INDEX IX_NeedP_PhaseId          ON #NeedP(PhaseId);        SELECT          p.Id   AS PhaseId,          p.Name AS PhaseName      INTO #P      FROM dbo.Phases p      INNER JOIN #NeedP np          ON np.PhaseId = p.Id;        CREATE UNIQUE CLUSTERED INDEX IX_P_PhaseId          ON #P(PhaseId);        SELECT          tm.Id,            ResolutionSource =              CASE                  WHEN tm.ElementId IS NOT NULL AND e.ELEMENT_ID IS NOT NULL THEN 'ELEMENT'                  ELSE 'MATRIX'              END,            tm.ElementId,            GroupKey =              CONVERT(CHAR(64),                  HASHBYTES('SHA2_256',                      CONCAT(                          UPPER(LTRIM(RTRIM(COALESCE(COALESCE(d_e.Name, d_tm.Name), '')))), '|',                          UPPER(LTRIM(RTRIM(COALESCE(COALESCE(e.LevelName, nl_tm.Name), '')))), '|',                          UPPER(LTRIM(RTRIM(COALESCE(p.PhaseName, '')))), '|',                          UPPER(LTRIM(RTRIM(COALESCE(f.FormName, '')))), '|',                          UPPER(LTRIM(RTRIM(COALESCE(f.FormDescription, '')))), '|',                          UPPER(LTRIM(RTRIM(COALESCE(CAST(tm.Sct AS VARCHAR(20)), '')))), '|',                          UPPER(LTRIM(RTRIM(COALESCE(CAST(tm.MasterTask AS VARCHAR(20)), ''))))                      )                  ), 2              )      INTO #M      FROM #TM tm      LEFT JOIN #F f          ON f.FormId = tm.FormId      LEFT JOIN #P p          ON p.PhaseId = f.PhaseId        LEFT JOIN #E e          ON e.ELEMENT_ID = tm.ElementId      LEFT JOIN dbo.ElementTypes et_e          ON et_e.Id = e.ElementTypeId      LEFT JOIN dbo.Disciplines d_e          ON d_e.Id = et_e.DisciplineId        LEFT JOIN dbo.ElementTypes et_tm          ON et_tm.Id = tm.ElementTypeId      LEFT JOIN dbo.NodeLevels nl_tm          ON nl_tm.Id = et_tm.NodeLevelId      LEFT JOIN dbo.Disciplines d_tm          ON d_tm.Id = tm.DisciplineId      WHERE          tm.ElementId IS NULL          OR e.Active = 1;        CREATE UNIQUE CLUSTERED INDEX IX_M_Id          ON #M(Id);        CREATE INDEX IX_M_GroupKey          ON #M(GroupKey);        CREATE INDEX IX_M_ElementId_RS          ON #M(ElementId, ResolutionSource)          WHERE ElementId IS NOT NULL;        SELECT          m.Id,          m.GroupKey,          m.ResolutionSource,          m.ElementId,            n1.NodeId      AS L1NodeId,          n1.DisplayName AS L1DisplayName,          n1.SortOrder   AS L1SortOrder,            n2.NodeId      AS L2NodeId,          n2.DisplayName AS L2DisplayName,          n2.SortOrder   AS L2SortOrder,            n3.NodeId      AS L3NodeId,          n3.DisplayName AS L3DisplayName,          n3.SqlKey      AS L3SqlKey,          n3.GridKey     AS L3GridKey,          n3.SortOrder   AS L3SortOrder      INTO #MResolved      FROM #M m      INNER JOIN warroom.ReportAssignmentSnapshot ra          ON ra.ProjectId = @ProjectId         AND ra.VersionId = @VersionId         AND ra.GroupKey = m.GroupKey         AND ra.IsActive = 1      INNER JOIN warroom.ReportNodeSnapshot n3          ON n3.VersionId = ra.VersionId         AND n3.ProjectId = ra.ProjectId         AND n3.NodeId = ra.NodeId         AND n3.LevelNo = 3         AND n3.IsActive = 1      INNER JOIN warroom.ReportNodeSnapshot n2          ON n2.VersionId = n3.VersionId         AND n2.ProjectId = n3.ProjectId         AND n2.NodeId = n3.ParentNodeId         AND n2.LevelNo = 2         AND n2.IsActive = 1      INNER JOIN warroom.ReportNodeSnapshot n1          ON n1.VersionId = n2.VersionId         AND n1.ProjectId = n2.ProjectId         AND n1.NodeId = n2.ParentNodeId         AND n1.LevelNo = 1         AND n1.IsActive = 1;        CREATE CLUSTERED INDEX IX_MResolved_Id          ON #MResolved(Id);        CREATE INDEX IX_MResolved_ElementId          ON #MResolved(ElementId)          WHERE ElementId IS NOT NULL;        SELECT          it.InspectionTaskId,          it.SubsystemCode,          it.StatusVal,            mr.GroupKey,            mr.L1NodeId,          mr.L1DisplayName,          mr.L1SortOrder,            mr.L2NodeId,          mr.L2DisplayName,          mr.L2SortOrder,            mr.L3NodeId,          mr.L3DisplayName,          mr.L3SqlKey,          mr.L3GridKey,          mr.L3SortOrder      INTO #TaskResolved      FROM #ITScope it      INNER JOIN #MResolved mr          ON mr.Id = it.TaskMatrixItemId         AND         (              mr.ResolutionSource = 'MATRIX'              OR              (                  mr.ResolutionSource = 'ELEMENT'                  AND mr.ElementId = it.ElementId              )         );        CREATE INDEX IX_TaskResolved_Group          ON #TaskResolved          (              SubsystemCode,              L1SortOrder,              L2SortOrder,              L3SortOrder,              L3DisplayName          );        IF @SaveTaskScope = 1      BEGIN          DELETE FROM warroom.OverviewSnapshotTaskScope          WHERE ProjectId = @ProjectId;            INSERT INTO warroom.OverviewSnapshotTaskScope          (              ProjectId,              InspectionTaskId,              L3NodeId,              GroupKey          )          SELECT DISTINCT              @ProjectId,              tr.InspectionTaskId,              tr.L3NodeId,              tr.GroupKey          FROM #TaskResolved tr          WHERE tr.L3NodeId IS NOT NULL;            INSERT INTO warroom.OverviewSnapshotTaskScope          (              ProjectId,              InspectionTaskId,              L3NodeId,              GroupKey          )          SELECT              @ProjectId,              tr.InspectionTaskId,              NULL,              MIN(tr.GroupKey)          FROM #TaskResolved tr          GROUP BY tr.InspectionTaskId;      END;        SELECT          ProjectLevel   = CAST('SUBSYSTEM' AS VARCHAR(100)),          ProjectElement = tr.SubsystemCode,            tr.L1NodeId,          tr.L1DisplayName,          tr.L1SortOrder,            tr.L2NodeId,          tr.L2DisplayName,          tr.L2SortOrder,            tr.L3NodeId,          tr.L3DisplayName,          tr.L3SqlKey,          tr.L3GridKey,          tr.L3SortOrder,            TOTAL = COUNT_BIG(1),            DONE = SUM(              CASE                  WHEN ds.StatusId IS NOT NULL THEN 1                  ELSE 0              END          ),            REMAIN = SUM(              CASE                  WHEN ds.StatusId IS NULL THEN 1                  ELSE 0              END          )      INTO #CfgTaskAgg      FROM #TaskResolved tr      LEFT JOIN #DoneStatuses ds          ON ds.StatusId = tr.StatusVal      GROUP BY          tr.SubsystemCode,          tr.L1NodeId,          tr.L1DisplayName,          tr.L1SortOrder,          tr.L2NodeId,          tr.L2DisplayName,          tr.L2SortOrder,          tr.L3NodeId,          tr.L3DisplayName,          tr.L3SqlKey,          tr.L3GridKey,          tr.L3SortOrder;        SELECT          ProjectLevel,          ProjectElement,            L1NodeId,          L1DisplayName,          L1SortOrder,            L2NodeId,          L2DisplayName,          L2SortOrder,            L3NodeId,          L3DisplayName,          L3SqlKey,          L3GridKey,          L3SortOrder,            TOTAL,          DONE,          REMAIN      FROM #CfgTaskAgg      ORDER BY          ProjectElement,          L1SortOrder,          L2SortOrder,          L3SortOrder,          L3DisplayName;  END    GO"
4103,STORED_PROCEDURE,warroom,usp_Security_GetMyPermissions,646C6A3AC454832FC48E78CC107EB12E60580D688BECA1F542B4CECB74EEF0BB,"SET ANSI_NULLS ON;  GO  SET QUOTED_IDENTIFIER ON;  GO      CREATE   PROCEDURE warroom.usp_Security_GetMyPermissions  (      @Email NVARCHAR(255),      @ProjectId BIGINT  )  AS  BEGIN      SET NOCOUNT ON;        DECLARE @LoginEmail NVARCHAR(255) = LOWER(LTRIM(RTRIM(@Email)));        SELECT DISTINCT          p.PermissionKey,          p.PermissionName,          p.ModuleKey,          p.SortOrder      FROM warroom.Users u      INNER JOIN warroom.UserProjectRoles upr          ON upr.UserId = u.UserId         AND upr.IsActive = 1      INNER JOIN warroom.Roles r          ON r.RoleId = upr.RoleId         AND r.IsActive = 1      INNER JOIN warroom.RolePermissions rp          ON rp.RoleId = r.RoleId         AND rp.IsActive = 1      INNER JOIN warroom.Permissions p          ON p.PermissionId = rp.PermissionId         AND p.IsActive = 1      WHERE LOWER(u.LoginEmail) = @LoginEmail        AND u.IsActive = 1        AND upr.ProjectId = @ProjectId      ORDER BY p.SortOrder;  END;    GO"
4104,STORED_PROCEDURE,warroom,usp_Security_GetMyProjectRoles,BB9659C9E8D2527110D58E6F08B814DEC5542895A1ADFAE2E8D6DE00E200C1F0,"SET ANSI_NULLS ON;  GO  SET QUOTED_IDENTIFIER ON;  GO      CREATE   PROCEDURE warroom.usp_Security_GetMyProjectRoles  (      @Email NVARCHAR(255),      @ProjectId BIGINT  )  AS  BEGIN      SET NOCOUNT ON;        DECLARE @LoginEmail NVARCHAR(255) = LOWER(LTRIM(RTRIM(@Email)));        SELECT          u.UserId,          u.Email,          u.LoginEmail,          u.DisplayName,          upr.ProjectId,          r.RoleId,          r.RoleCode,          r.RoleName      FROM warroom.Users u      INNER JOIN warroom.UserProjectRoles upr          ON upr.UserId = u.UserId         AND upr.IsActive = 1      INNER JOIN warroom.Roles r          ON r.RoleId = upr.RoleId         AND r.IsActive = 1      WHERE LOWER(u.LoginEmail) = @LoginEmail        AND u.IsActive = 1        AND upr.ProjectId = @ProjectId      ORDER BY r.SortOrder;  END;    GO"
4105,STORED_PROCEDURE,warroom,usp_Security_IsSuperAdmin,953CDDB8817139AF20411650DA8FDFBF2232002346C90AA3F9D1F74A4F8F5B05,SET ANSI_NULLS ON;  GO  SET QUOTED_IDENTIFIER ON;  GO            CREATE PROCEDURE [warroom].[usp_Security_IsSuperAdmin]  (      @Email NVARCHAR(255)  )  AS  BEGIN      SET NOCOUNT ON;        SELECT          IsSuperAdmin =              CASE                  WHEN EXISTS                  (                      SELECT 1                      FROM warroom.SuperAdmins                      WHERE LOWER(Email) = LOWER(@Email)                        AND IsActive = 1                  )                  THEN 1                  ELSE 0              END;  END          GO
4106,STORED_PROCEDURE,warroom,usp_SetPunchReportStatusIncluded,AC4A8EC2B9E6DF850A0C985455D3377FAD0572E9F0EB55E2DF5FB562DF2DF315,"SET ANSI_NULLS ON;  GO  SET QUOTED_IDENTIFIER ON;  GO        CREATE   PROCEDURE warroom.usp_SetPunchReportStatusIncluded      @ProjectId BIGINT,      @StatusCode VARCHAR(20),      @IsIncluded BIT,      @ModifiedBy NVARCHAR(450) = NULL  AS  BEGIN      SET NOCOUNT ON;        UPDATE warroom.PunchReportStatusConfig      SET          IsIncluded = @IsIncluded,          ModifiedOn = SYSDATETIME(),          ModifiedBy = @ModifiedBy      WHERE ProjectId = @ProjectId        AND StatusCode = UPPER(LTRIM(RTRIM(@StatusCode)));        IF @@ROWCOUNT = 0      BEGIN          INSERT INTO warroom.PunchReportStatusConfig          (              ProjectId,              StatusCode,              IsIncluded,              DisplayOrder,              IsActive,              CreatedBy          )          VALUES          (              @ProjectId,              UPPER(LTRIM(RTRIM(@StatusCode))),              @IsIncluded,              CASE UPPER(LTRIM(RTRIM(@StatusCode)))                  WHEN 'OPEN' THEN 1                  WHEN 'EXECUTED' THEN 2                  WHEN 'CLEARED' THEN 3                  WHEN 'VALIDATED' THEN 4                  WHEN 'CLOSED' THEN 5                  ELSE 99              END,              1,              @ModifiedBy          );      END  END;  GO"
4107,STORED_PROCEDURE,warroom,usp_SetPunchTemplateIncluded,F351FC2117305F664F0F233DC9F4A180E1ED44798100F0F742257A826DB0D366,"SET ANSI_NULLS ON;  GO  SET QUOTED_IDENTIFIER ON;  GO        CREATE   PROCEDURE warroom.usp_SetPunchTemplateIncluded  (      @ProjectId BIGINT,      @TemplateId BIGINT,      @IsIncluded BIT,      @DisplayOrder INT = NULL,      @ModifiedBy NVARCHAR(450) = NULL  )  AS  BEGIN      SET NOCOUNT ON;        MERGE warroom.PunchReportTemplateConfig AS tgt      USING      (          SELECT              @ProjectId AS ProjectId,              @TemplateId AS TemplateId      ) AS src      ON tgt.ProjectId = src.ProjectId     AND tgt.TemplateId = src.TemplateId        WHEN MATCHED THEN          UPDATE SET              IsIncluded = @IsIncluded,              DisplayOrder = COALESCE(@DisplayOrder, tgt.DisplayOrder),              IsActive = 1,              ModifiedOn = SYSDATETIME(),              ModifiedBy = @ModifiedBy        WHEN NOT MATCHED THEN          INSERT          (              ProjectId,              TemplateId,              IsIncluded,              DisplayOrder,              IsActive,              CreatedOn,              CreatedBy          )          VALUES          (              @ProjectId,              @TemplateId,              @IsIncluded,              @DisplayOrder,              1,              SYSDATETIME(),              @ModifiedBy          );  END;  GO"
4108,STORED_PROCEDURE,warroom,usp_TaskMatrices_Extended,8A2CCE029028D71989C8C74BF31D06CFA5D88E8A8A44203BBCD028430DB72E06,"SET ANSI_NULLS ON;  GO  SET QUOTED_IDENTIFIER ON;  GO    CREATE PROCEDURE [warroom].[usp_TaskMatrices_Extended]  (      @ProjectId BIGINT  )  AS  BEGIN      SET NOCOUNT ON;        ------------------------------------------------------------      -- 0) Stage TaskMatrices (UNA LECTURA de la EXTERNAL TABLE)      ------------------------------------------------------------      IF OBJECT_ID('tempdb..#TM') IS NOT NULL DROP TABLE #TM;        SELECT          tm.Id,          tm.ProjectId,          tm.ElementTypeId,          tm.FormId,          tm.OrderNumber,          tm.MasterTask,          tm.Description,          tm.FolderTypeId,          tm.DisciplineId,          tm.LocationId,          tm.Deleted,          tm.DossierTask,          tm.ItpTypeId,          tm.Originator,          tm.CreatorUsername,          tm.ItpItemId,          tm.Sct,          tm.ITPTypeNA,          tm.TestPackageNA,          tm.ManHours,          tm.ElementClassId,          tm.ElementId,          tm.CreatedDate,          tm.CpTask,          tm.CPId,          tm.DeletedRemarks      INTO #TM      FROM dbo.TaskMatrices tm      WHERE tm.ProjectId = @ProjectId;        CREATE UNIQUE CLUSTERED INDEX IX_TM_Id ON #TM(Id);      CREATE INDEX IX_TM_ElementId ON #TM(ElementId) WHERE ElementId IS NOT NULL;      CREATE INDEX IX_TM_FormId ON #TM(FormId) WHERE FormId IS NOT NULL;        ------------------------------------------------------------      -- 1) Lista de ElementId realmente usados (reduce #E)      ------------------------------------------------------------      IF OBJECT_ID('tempdb..#NeedE') IS NOT NULL DROP TABLE #NeedE;        SELECT DISTINCT          ElementId      INTO #NeedE      FROM #TM      WHERE ElementId IS NOT NULL;        CREATE UNIQUE CLUSTERED INDEX IX_NeedE ON #NeedE(ElementId);     ------------------------------------------------------------   -- 2) Stage Elements (desde dbo.Elements + NodeLevels + ElementTypes)   --     SOLO para ElementId necesarios (reduce #E)   --     NOTA: ElementClass viene de ElementTypes   ------------------------------------------------------------   IF OBJECT_ID('tempdb..#E') IS NOT NULL DROP TABLE #E;     SELECT    e.Id                   AS ELEMENT_ID,    nl.Name                AS LevelName,     -- antes venía de Elements_Default.LevelName    et.Code                AS TYPE_CODE,     -- para resolver ElementType/Discipline vía et_e (join por Code)    et.Code                AS CLASS_CODE,    -- ElementClass también desde ElementTypes (según tu requisito)    CAST(e.Active AS bit)  AS Active   INTO #E   FROM dbo.Elements e   INNER JOIN #NeedE ne    ON ne.ElementId = e.Id   LEFT JOIN dbo.NodeLevels nl    ON nl.Id = e.NodeLevelId   LEFT JOIN dbo.ElementTypes et    ON et.Id = e.TypeId   WHERE    e.ProjectId = @ProjectId;     CREATE UNIQUE CLUSTERED INDEX IX_E_EID ON #E(ELEMENT_ID);   CREATE INDEX IX_E_TypeCode ON #E(TYPE_CODE) WHERE TYPE_CODE IS NOT NULL;      ------------------------------------------------------------      -- 3) Stage Forms SOLO para FormId necesarios (external)      ------------------------------------------------------------      IF OBJECT_ID('tempdb..#NeedF') IS NOT NULL DROP TABLE #NeedF;        SELECT DISTINCT          FormId      INTO #NeedF      FROM #TM      WHERE FormId IS NOT NULL;        CREATE UNIQUE CLUSTERED INDEX IX_NeedF_FormId ON #NeedF(FormId);        IF OBJECT_ID('tempdb..#F') IS NOT NULL DROP TABLE #F;        SELECT          f.Id          AS FormId,          f.ProjectId,          f.Name        AS FormName,          f.Description AS FormDescription,          f.PhaseId      INTO #F      FROM dbo.Forms f      INNER JOIN #NeedF nf          ON nf.FormId = f.Id      WHERE f.ProjectId = @ProjectId;        CREATE UNIQUE CLUSTERED INDEX IX_F_FormId ON #F(FormId);      CREATE INDEX IX_F_PhaseId ON #F(PhaseId) WHERE PhaseId IS NOT NULL;        ------------------------------------------------------------      -- 4) Stage Phases SOLO para PhaseId necesarios (external)      ------------------------------------------------------------      IF OBJECT_ID('tempdb..#NeedP') IS NOT NULL DROP TABLE #NeedP;        SELECT DISTINCT          PhaseId      INTO #NeedP      FROM #F      WHERE PhaseId IS NOT NULL;        CREATE UNIQUE CLUSTERED INDEX IX_NeedP_PhaseId ON #NeedP(PhaseId);        IF OBJECT_ID('tempdb..#P') IS NOT NULL DROP TABLE #P;        SELECT          p.Id   AS PhaseId,          p.Name AS PhaseName      INTO #P      FROM dbo.Phases p      INNER JOIN #NeedP np          ON np.PhaseId = p.Id;        CREATE UNIQUE CLUSTERED INDEX IX_P_PhaseId ON #P(PhaseId);        ------------------------------------------------------------      -- 5) Query final (filtrando ElementActive=0 y ElementDiscipline NULL)      ------------------------------------------------------------      SELECT          -- columnas base TaskMatrices (sin tm.* para evitar choque con descripciones)          tm.Id,          tm.ProjectId,          tm.ElementTypeId,          tm.FormId,          tm.OrderNumber,          tm.MasterTask,          tm.FolderTypeId,          tm.DisciplineId,          tm.LocationId,          tm.Deleted,          tm.DossierTask,          tm.ItpTypeId,          tm.Originator,          tm.CreatorUsername,          tm.ItpItemId,          tm.Sct,          tm.ITPTypeNA,          tm.TestPackageNA,          tm.ManHours,          tm.ElementClassId,          tm.ElementId,          tm.CreatedDate,          tm.CpTask,          tm.CPId,          tm.DeletedRemarks,            -- nuevos campos pedidos          f.FormName,          f.FormDescription,          p.PhaseName,            -- campos calculados ya existentes          ResolutionSource =              CASE                  WHEN tm.ElementId IS NOT NULL AND e.ELEMENT_ID IS NOT NULL THEN 'ELEMENT'                  ELSE 'MATRIX'              END,            ElementLevel =              COALESCE(e.LevelName, nl_tm.Name),            ElementType =              COALESCE(et_e.Name, et_tm.Name),            ElementClass =              COALESCE(e.CLASS_CODE, et_e.Code, et_tm.Code),            ElementDiscipline =              COALESCE(d_e.Name, d_tm.Name),            ElementActive =              e.Active        FROM #TM tm        -- Forms + Phases (staged)      LEFT JOIN #F f          ON f.FormId = tm.FormId      LEFT JOIN #P p          ON p.PhaseId = f.PhaseId        -- Rama ELEMENT      LEFT JOIN #E e          ON e.ELEMENT_ID = tm.ElementId      LEFT JOIN ElementTypes et_e          ON et_e.Code = e.TYPE_CODE      LEFT JOIN Disciplines d_e          ON d_e.Id = et_e.DisciplineId        -- Rama MATRIX      LEFT JOIN ElementTypes et_tm          ON et_tm.Id = tm.ElementTypeId      LEFT JOIN NodeLevels nl_tm          ON nl_tm.Id = et_tm.NodeLevelId      LEFT JOIN Disciplines d_tm          ON d_tm.Id = tm.DisciplineId        WHERE          -- 1) Excluir ELEMENT inactivos (MATRIX pasan)          (              tm.ElementId IS NULL              OR e.Active = 1          )          -- 2) Excluir cualquier fila sin disciplina resuelta          --AND COALESCE(d_e.Name, d_tm.Name) IS NOT NULL        OPTION (RECOMPILE);  END    GO"
4109,STORED_PROCEDURE,warroom,usp_UpdatePunchComment,8FDD0C9363E6690453E272AF5D89F2224BFB4B8EB208B22C9342615DD109DEC5,"SET ANSI_NULLS ON;  GO  SET QUOTED_IDENTIFIER ON;  GO        CREATE   PROC warroom.usp_UpdatePunchComment      @PunchCommentId INT,      @CommentText NVARCHAR(MAX),      @CommentType NVARCHAR(50) = NULL,      @UserEmail NVARCHAR(256)  AS  BEGIN      SET NOCOUNT ON;        UPDATE warroom.PunchComment      SET CommentText = @CommentText,          CommentType = ISNULL(NULLIF(@CommentType,''),'Note'),          ModifiedByEmail = @UserEmail,          ModifiedOn = SYSDATETIME()      WHERE PunchCommentId = @PunchCommentId        AND IsDeleted = 0;  END    GO"
4110,STORED_PROCEDURE,warroom,usp_UpdateTaskComment,84CC9C28031ADF733BD0BA0FAA42220511435029B5C997DD9AEDC063D142E2B7,"SET ANSI_NULLS ON;  GO  SET QUOTED_IDENTIFIER ON;  GO        CREATE   PROC warroom.usp_UpdateTaskComment      @TaskCommentId   INT,      @CommentText     NVARCHAR(MAX),      @CommentType     NVARCHAR(50),      @UserEmail       NVARCHAR(256)  AS  BEGIN      SET NOCOUNT ON;        UPDATE warroom.TaskComment      SET CommentText     = @CommentText,          CommentType     = ISNULL(@CommentType,'Note'),          ModifiedByEmail = @UserEmail,          ModifiedOn      = SYSDATETIME()      WHERE TaskCommentId = @TaskCommentId        AND IsDeleted     = 0;  END    GO"
4111,STORED_PROCEDURE,warroom,usp_UpdateTaskStatusClassification,A654ED9D31B0226C794E702C0636BC90666D563BF8401843AA72A3AD56E855A1,"SET ANSI_NULLS ON;  GO  SET QUOTED_IDENTIFIER ON;  GO        CREATE   PROCEDURE warroom.usp_UpdateTaskStatusClassification      @ProjectId INT,      @StatusId INT,      @PulseClassification NVARCHAR(30),      @IncludeInProgress BIT,      @Description NVARCHAR(255) = NULL,      @DisplayOrder INT,      @IsActive BIT,      @ModifiedBy NVARCHAR(255)  AS  BEGIN      SET NOCOUNT ON;        UPDATE warroom.TaskStatusClassification      SET          PulseClassification = @PulseClassification,          IncludeInProgress = @IncludeInProgress,          Description = @Description,          DisplayOrder = @DisplayOrder,          IsActive = @IsActive,          ModifiedOn = SYSUTCDATETIME(),          ModifiedBy = @ModifiedBy      WHERE ProjectId = @ProjectId        AND StatusId = @StatusId;  END;  GO"
4112,STORED_PROCEDURE,warroom,usp_UpsertPunchCustom,E457CCEC2E302A949599A67F6638B4AF912869762DB48D43AE0040823299E2CC,"SET ANSI_NULLS ON;  GO  SET QUOTED_IDENTIFIER ON;  GO      CREATE   PROCEDURE warroom.usp_UpsertPunchCustom  (      @ProjectId BIGINT,      @PunchId INT,        @CustomFlag1 bit = NULL,      @CustomText1 nvarchar(1000) = NULL,      @CustomDate1 date = NULL,      @CustomNumber1 decimal(18,2) = NULL,      @CustomJson nvarchar(max) = NULL,        @UserEmail nvarchar(256)  )  AS  BEGIN      SET NOCOUNT ON;        SET @CustomText1 = NULLIF(LTRIM(RTRIM(@CustomText1)), '');      SET @CustomJson  = NULLIF(LTRIM(RTRIM(@CustomJson)), '');      IF @CustomJson IS NULL SET @CustomJson = N'{}';        MERGE warroom.PunchCustom AS tgt      USING (SELECT @ProjectId AS ProjectId, @PunchId AS PunchId) src         ON tgt.ProjectId = src.ProjectId AND tgt.PunchId = src.PunchId      WHEN MATCHED THEN          UPDATE SET              CustomFlag1 = COALESCE(@CustomFlag1, tgt.CustomFlag1),              CustomText1 = COALESCE(@CustomText1, tgt.CustomText1),              CustomDate1 = COALESCE(@CustomDate1, tgt.CustomDate1),              CustomNumber1 = COALESCE(@CustomNumber1, tgt.CustomNumber1),              CustomJson = COALESCE(@CustomJson, tgt.CustomJson),              LastUpdatedByEmail = @UserEmail,              LastUpdatedOn = SYSUTCDATETIME()      WHEN NOT MATCHED THEN          INSERT (PunchId, ProjectId, CustomFlag1, CustomText1, CustomDate1, CustomNumber1, CustomJson, LastUpdatedByEmail, LastUpdatedOn)          VALUES (@PunchId, @ProjectId, ISNULL(@CustomFlag1,0), @CustomText1, @CustomDate1, @CustomNumber1, @CustomJson, @UserEmail, SYSUTCDATETIME());        SELECT 1 AS Saved;  END;    GO"
4113,STORED_PROCEDURE,warroom,usp_UpsertTaskCustom,162DBE288ED874365B36A164D08F6C5808124BB543D7B09EE045BC0986FB6AB4,"SET ANSI_NULLS ON;  GO  SET QUOTED_IDENTIFIER ON;  GO      CREATE   PROCEDURE warroom.usp_UpsertTaskCustom  (      @ProjectId BIGINT,      @TaskId INT,        @CustomFlag1 bit = NULL,      @CustomFlag2 bit = NULL,      @CustomText1 nvarchar(1000) = NULL,      @CustomText2 nvarchar(1000) = NULL,      @CustomDate1 date = NULL,      @CustomNumber1 decimal(18,2) = NULL,      @CustomJson nvarchar(max) = NULL,        @UserEmail nvarchar(256)  )  AS  BEGIN      SET NOCOUNT ON;        -- Normalización mínima      SET @CustomText1 = NULLIF(LTRIM(RTRIM(@CustomText1)), '');      SET @CustomText2 = NULLIF(LTRIM(RTRIM(@CustomText2)), '');      SET @CustomJson  = NULLIF(LTRIM(RTRIM(@CustomJson)), '');        IF @CustomJson IS NULL SET @CustomJson = N'{}';        MERGE warroom.TaskCustom AS tgt      USING (SELECT @ProjectId AS ProjectId, @TaskId AS TaskId) src         ON tgt.ProjectId = src.ProjectId AND tgt.TaskId = src.TaskId      WHEN MATCHED THEN          UPDATE SET              CustomFlag1 = COALESCE(@CustomFlag1, tgt.CustomFlag1),              CustomFlag2 = COALESCE(@CustomFlag2, tgt.CustomFlag2),              CustomText1 = COALESCE(@CustomText1, tgt.CustomText1),              CustomText2 = COALESCE(@CustomText2, tgt.CustomText2),              CustomDate1 = COALESCE(@CustomDate1, tgt.CustomDate1),              CustomNumber1 = COALESCE(@CustomNumber1, tgt.CustomNumber1),              CustomJson = COALESCE(@CustomJson, tgt.CustomJson),              LastUpdatedByEmail = @UserEmail,              LastUpdatedOn = SYSUTCDATETIME()      WHEN NOT MATCHED THEN          INSERT (TaskId, ProjectId, CustomFlag1, CustomFlag2, CustomText1, CustomText2, CustomDate1, CustomNumber1, CustomJson, LastUpdatedByEmail, LastUpdatedOn)          VALUES (@TaskId, @ProjectId, ISNULL(@CustomFlag1,0), ISNULL(@CustomFlag2,0), @CustomText1, @CustomText2, @CustomDate1, @CustomNumber1, @CustomJson, @UserEmail, SYSUTCDATETIME());        SELECT 1 AS Saved;  END;    GO"
4114,STORED_PROCEDURE,warroom,usp_WarRoomReport_GetPage,C9FA9944A0805270656BC3D12D513C4BD8B1A936A8D9BFA63503D49724C49204,"SET ANSI_NULLS ON;  GO  SET QUOTED_IDENTIFIER ON;  GO    CREATE PROCEDURE [warroom].[usp_WarRoomReport_GetPage]  (      @ProjectId       BIGINT,      @SearchSubsystem NVARCHAR(50) = NULL,      @PageNumber      INT = 1,      @PageSize        INT = 10  )  AS  BEGIN      SET NOCOUNT ON;      SET XACT_ABORT ON;     DECLARE @T0 DATETIME2 = SYSDATETIME();  DECLARE @T1 DATETIME2;        -------------------------------------------------------------------      -- 0) Normalización de parámetros      -------------------------------------------------------------------      IF @PageNumber < 1 SET @PageNumber = 1;      IF @PageSize   < 1 SET @PageSize   = 10;        DECLARE @Search NVARCHAR(50) = NULLIF(LTRIM(RTRIM(@SearchSubsystem)), '');        -------------------------------------------------------------------      -- Limpieza previa      -------------------------------------------------------------------      IF OBJECT_ID('tempdb..#Subsystems')   IS NOT NULL DROP TABLE #Subsystems;      IF OBJECT_ID('tempdb..#TaskAgg')      IS NOT NULL DROP TABLE #TaskAgg;      IF OBJECT_ID('tempdb..#PunchAgg')     IS NOT NULL DROP TABLE #PunchAgg;      IF OBJECT_ID('tempdb..#OutRaw')       IS NOT NULL DROP TABLE #OutRaw;      IF OBJECT_ID('tempdb..#Out')          IS NOT NULL DROP TABLE #Out;      IF OBJECT_ID('tempdb..#Page')         IS NOT NULL DROP TABLE #Page;      IF OBJECT_ID('tempdb..#HdrExpanded')  IS NOT NULL DROP TABLE #HdrExpanded;      IF OBJECT_ID('tempdb..#Metrics')      IS NOT NULL DROP TABLE #Metrics;        -------------------------------------------------------------------      -- 1) Subsistemas objetivo      -------------------------------------------------------------------      CREATE TABLE #Subsystems      (          SubsystemCode NVARCHAR(255) NOT NULL PRIMARY KEY      );        INSERT INTO #Subsystems(SubsystemCode)      SELECT DISTINCT CAST(ed.SUBSYSTEM_CODE AS NVARCHAR(255))      FROM dbo.Elements_Default ed      WHERE ed.ProjectId = @ProjectId        AND ed.LevelName = 'Subsystem'        AND ed.Active = 1        AND ed.SUBSYSTEM_CODE IS NOT NULL        AND (@Search IS NULL OR ed.SUBSYSTEM_CODE LIKE '%' + @Search + '%');        -------------------------------------------------------------------      -- 2) Tasks agregadas desde configuración      -------------------------------------------------------------------      CREATE TABLE #TaskAgg      (          ProjectLevel   VARCHAR(100)     NOT NULL,          ProjectElement NVARCHAR(255)    NOT NULL,            L1NodeId       UNIQUEIDENTIFIER NOT NULL,          L1DisplayName  NVARCHAR(200)    NOT NULL,          L1SortOrder    INT              NOT NULL,            L2NodeId       UNIQUEIDENTIFIER NOT NULL,          L2DisplayName  NVARCHAR(200)    NOT NULL,          L2SortOrder    INT              NOT NULL,            L3NodeId       UNIQUEIDENTIFIER NOT NULL,          L3DisplayName  NVARCHAR(200)    NOT NULL,          L3SqlKey       NVARCHAR(200)    NOT NULL,          L3GridKey      NVARCHAR(200)    NOT NULL,          L3SortOrder    INT              NOT NULL,            TOTAL          BIGINT           NOT NULL,          DONE           BIGINT           NOT NULL,          REMAIN         BIGINT           NOT NULL      );        INSERT INTO #TaskAgg      EXEC warroom.usp_ReportTasks_FromConfig           @ProjectId     = @ProjectId,           @SubsystemCode = NULL,           @OnlyActive    = 1;        -------------------------------------------------------------------      -- 2.1) Filtrar TaskAgg por subsistemas objetivo      -------------------------------------------------------------------      DELETE t      FROM #TaskAgg t      WHERE NOT EXISTS      (          SELECT 1          FROM #Subsystems s          WHERE s.SubsystemCode = t.ProjectElement      );     SET @T1 = SYSDATETIME();    SELECT      Step = 'TaskAgg',      Ms = DATEDIFF(MILLISECOND,@T0,@T1);    SET @T0 = SYSDATETIME();        -------------------------------------------------------------------      -- 3) Punches      --     Se mantienen en la salida numérica, pero no se incorporan a la      --     jerarquía de 4 niveles de TASKS.      -------------------------------------------------------------------      SELECT          ProjectLevel   = CAST('SUBSYSTEM' AS VARCHAR(100)),          ProjectElement = CAST(p.SubSystemCode AS NVARCHAR(255)),          CategoryCode   = CAST(p.CategoryCode AS NVARCHAR(20)),          Q_T  = COUNT_BIG(1),          Q_O  = SUM(CASE WHEN p.StatusCode = 'OPEN'    THEN 1 ELSE 0 END),          Q_CL = SUM(CASE WHEN p.StatusCode = 'CLEARED' THEN 1 ELSE 0 END),          Q_CS = SUM(CASE WHEN p.StatusCode = 'CLOSED'  THEN 1 ELSE 0 END)      INTO #PunchAgg      FROM dbo.wap_PunchPaged p      INNER JOIN #Subsystems s          ON s.SubsystemCode = p.SubSystemCode      WHERE p.ProjectId = @ProjectId        AND p.StatusCode IS NOT NULL        AND p.CategoryCode IS NOT NULL      GROUP BY p.SubSystemCode, p.CategoryCode;       SET @T1 = SYSDATETIME();    SELECT      Step = 'PunchAgg',      Ms = DATEDIFF(MILLISECOND,@T0,@T1);    SET @T0 = SYSDATETIME();        -------------------------------------------------------------------      -- 4) Salida plana raw      -------------------------------------------------------------------      CREATE TABLE #OutRaw      (          ProjectLevel   VARCHAR(100)  NOT NULL,          ProjectElement NVARCHAR(255) NOT NULL,          JobLabel       VARCHAR(300)  NOT NULL,          Qty            BIGINT        NOT NULL      );        -------------------------------------------------------------------      -- 4.1) TASKS      -------------------------------------------------------------------      INSERT INTO #OutRaw(ProjectLevel, ProjectElement, JobLabel, Qty)      SELECT ProjectLevel, ProjectElement, CONCAT('TASKS_', L3SqlKey, '_TOTAL'), TOTAL      FROM #TaskAgg      UNION ALL      SELECT ProjectLevel, ProjectElement, CONCAT('TASKS_', L3SqlKey, '_DONE'), DONE      FROM #TaskAgg      UNION ALL      SELECT ProjectLevel, ProjectElement, CONCAT('TASKS_', L3SqlKey, '_REMAINING'), REMAIN      FROM #TaskAgg;        -------------------------------------------------------------------      -- 4.2) PUNCHES      -------------------------------------------------------------------      INSERT INTO #OutRaw(ProjectLevel, ProjectElement, JobLabel, Qty)      SELECT ProjectLevel, ProjectElement, CONCAT('PUNCHS_', CategoryCode, '_TOTAL'), Q_T      FROM #PunchAgg      UNION ALL      SELECT ProjectLevel, ProjectElement, CONCAT('PUNCHS_', CategoryCode, '_OPEN'), Q_O      FROM #PunchAgg      UNION ALL      SELECT ProjectLevel, ProjectElement, CONCAT('PUNCHS_', CategoryCode, '_CLEARED'), Q_CL      FROM #PunchAgg      UNION ALL      SELECT ProjectLevel, ProjectElement, CONCAT('PUNCHS_', CategoryCode, '_CLOSED'), Q_CS      FROM #PunchAgg;        -------------------------------------------------------------------      -- 4.3) Compactar por si hubiera duplicados      -------------------------------------------------------------------      SELECT          ProjectLevel,          ProjectElement,          JobLabel,          Qty = SUM(Qty)      INTO #Out      FROM #OutRaw      WHERE ProjectLevel = 'SUBSYSTEM'        AND ProjectElement IS NOT NULL      GROUP BY          ProjectLevel,          ProjectElement,          JobLabel;        -------------------------------------------------------------------      -- 5) TotalCount de subsystems      -------------------------------------------------------------------      DECLARE @TotalCount INT;        ;WITH S AS      (          SELECT DISTINCT              SubsystemCode = CAST(ProjectElement AS NVARCHAR(50))          FROM #Out          WHERE ProjectLevel = 'SUBSYSTEM'            AND ProjectElement IS NOT NULL      )      SELECT @TotalCount = COUNT(1)      FROM S;        -------------------------------------------------------------------      -- 6) Página de subsystems      -------------------------------------------------------------------      ;WITH S AS      (          SELECT DISTINCT              SubsystemCode = CAST(ProjectElement AS NVARCHAR(50))          FROM #Out          WHERE ProjectLevel = 'SUBSYSTEM'            AND ProjectElement IS NOT NULL      ),      N AS      (          SELECT              SubsystemCode,              RN = ROW_NUMBER() OVER (ORDER BY SubsystemCode)          FROM S      )      SELECT          SubsystemCode      INTO #Page      FROM N      WHERE RN BETWEEN ((@PageNumber - 1) * @PageSize + 1)                  AND ( @PageNumber      * @PageSize);        -------------------------------------------------------------------      -- 7) Header expandido REAL para 4 niveles      --      --    Cada L3 genera 3 columnas finales:      --      TOTAL / DONE / REMAINING      -------------------------------------------------------------------      CREATE TABLE #HdrExpanded      (          L1NodeId        UNIQUEIDENTIFIER NOT NULL,          L1Label         NVARCHAR(200)    NOT NULL,          L1SortOrder     INT              NOT NULL,            L2NodeId        UNIQUEIDENTIFIER NOT NULL,          L2Label         NVARCHAR(200)    NOT NULL,          L2SortOrder     INT              NOT NULL,            L3NodeId        UNIQUEIDENTIFIER NOT NULL,          L3Label         NVARCHAR(200)    NOT NULL,          L3SortOrder     INT              NOT NULL,            MetricKey       NVARCHAR(200)    NOT NULL,          MetricSqlKey    NVARCHAR(200)    NOT NULL,          MetricLabel     NVARCHAR(100)    NOT NULL,          MetricSortOrder INT              NOT NULL      );        INSERT INTO #HdrExpanded      (          L1NodeId, L1Label, L1SortOrder,          L2NodeId, L2Label, L2SortOrder,          L3NodeId, L3Label, L3SortOrder,          MetricKey, MetricSqlKey, MetricLabel, MetricSortOrder      )      SELECT DISTINCT          t.L1NodeId,          t.L1DisplayName,          ISNULL(t.L1SortOrder, 0),            t.L2NodeId,          t.L2DisplayName,          ISNULL(t.L2SortOrder, 0),            t.L3NodeId,          t.L3DisplayName,          ISNULL(t.L3SortOrder, 0),            CONCAT(COALESCE(NULLIF(LTRIM(RTRIM(t.L3GridKey)), ''), t.L3SqlKey), '_TOTAL'),          CONCAT('TASKS_', t.L3SqlKey, '_TOTAL'),          'TOTAL',          1      FROM #TaskAgg t        UNION ALL        SELECT DISTINCT          t.L1NodeId,          t.L1DisplayName,          ISNULL(t.L1SortOrder, 0),            t.L2NodeId,          t.L2DisplayName,          ISNULL(t.L2SortOrder, 0),            t.L3NodeId,          t.L3DisplayName,          ISNULL(t.L3SortOrder, 0),            CONCAT(COALESCE(NULLIF(LTRIM(RTRIM(t.L3GridKey)), ''), t.L3SqlKey), '_DONE'),          CONCAT('TASKS_', t.L3SqlKey, '_DONE'),          'DONE',          2      FROM #TaskAgg t        UNION ALL        SELECT DISTINCT          t.L1NodeId,          t.L1DisplayName,          ISNULL(t.L1SortOrder, 0),            t.L2NodeId,          t.L2DisplayName,          ISNULL(t.L2SortOrder, 0),            t.L3NodeId,          t.L3DisplayName,          ISNULL(t.L3SortOrder, 0),            CONCAT(COALESCE(NULLIF(LTRIM(RTRIM(t.L3GridKey)), ''), t.L3SqlKey), '_REMAINING'),          CONCAT('TASKS_', t.L3SqlKey, '_REMAINING'),          'REMAINING',          3      FROM #TaskAgg t;                -------------------------------------------------------------------      -- 8) Metrics para la página actual      --      --    Solo sacamos métricas cuya columna exista en el header expandido.      -------------------------------------------------------------------      SELECT          SubsystemCode = CAST(o.ProjectElement AS NVARCHAR(50)),          MetricKey     = h.MetricKey,          MetricValue   = o.Qty      INTO #Metrics      FROM #Out o      INNER JOIN #Page p          ON p.SubsystemCode = CAST(o.ProjectElement AS NVARCHAR(50))      INNER JOIN #HdrExpanded h          ON h.MetricSqlKey = CAST(o.JobLabel AS NVARCHAR(200));        SET @T1 = SYSDATETIME();    SELECT      Step = 'Metrics',      Ms = DATEDIFF(MILLISECOND,@T0,@T1);    SET @T0 = SYSDATETIME();      -------------------------------------------------------------------      -- 9) JSON final      -------------------------------------------------------------------     SET @T1 = SYSDATETIME();    SELECT      Step = 'JsonBuild',      Ms = DATEDIFF(MILLISECOND,@T0,@T1);              SELECT          SubsystemsJson =              ISNULL(                  (                      SELECT                          SubsystemCode                      FROM #Page                      ORDER BY SubsystemCode                      FOR JSON PATH                  ),                  '[]'              ),            HeadersJson =              ISNULL(                  (                      SELECT                          L1NodeId,                          L1Label,                          L1SortOrder,                            L2NodeId,                          L2Label,                          L2SortOrder,                            L3NodeId,                          L3Label,                          L3SortOrder,                            MetricKey,                          MetricSqlKey,                          MetricLabel,                          MetricSortOrder                      FROM #HdrExpanded                      ORDER BY                          L1SortOrder,                          L1Label,                          L2SortOrder,                          L2Label,                          L3SortOrder,                          L3Label,                          MetricSortOrder,                          MetricKey                      FOR JSON PATH                  ),                  '[]'              ),            MetricsJson =              ISNULL(                  (                      SELECT                          SubsystemCode,                          MetricKey,                          MetricValue                      FROM #Metrics                      ORDER BY                          SubsystemCode,                          MetricKey                      FOR JSON PATH                  ),                  '[]'              ),            TotalCount = ISNULL(@TotalCount, 0);  END    GO"
